quarter,department,day,team,targeted_productivity,smv,wip,over_time,incentive,idle_time,idle_men,no_of_style_change,no_of_workers,month,day_of_month,week_of_year,over_time_per_worker,incentive_per_worker,idle_impact,idle_ratio,incentive_target_ratio,stress_index,actual_productivity
0,1,3,8,0.8,26.16,1108.0,7080,98,0.0,0,0,59.0,1,1,1,119.99997966102039,1.6610166676242935,0.0,0.0,122.49846876914039,0.44338975535766856,0.940725424
0,0,3,1,0.75,3.94,0.0,960,0,0.0,0,0,8.0,1,1,1,119.99985000018751,0.0,0.0,0.0,0.0,0.49249938437576957,0.8865
0,1,3,11,0.8,11.41,968.0,3660,50,0.0,0,0,30.5,1,1,1,119.99996065575061,1.6393437248053362,0.0,0.0,62.499218759765505,0.37409823800057773,0.800570492
0,1,3,12,0.8,11.41,968.0,3660,50,0.0,0,0,30.5,1,1,1,119.99996065575061,1.6393437248053362,0.0,0.0,62.499218759765505,0.37409823800057773,0.800570492
0,1,3,6,0.8,25.9,1170.0,1920,50,0.0,0,0,56.0,1,1,1,34.2857081632664,0.8928569834183958,0.0,0.0,62.499218759765505,0.462499917410729,0.800381944
0,1,3,7,0.8,25.9,984.0,6720,38,0.0,0,0,56.0,1,1,1,119.9999785714324,0.6785713073979808,0.0,0.0,47.49940625742178,0.462499917410729,0.800125
0,0,3,2,0.75,3.94,0.0,960,0,0.0,0,0,8.0,1,1,1,119.99985000018751,0.0,0.0,0.0,0.0,0.49249938437576957,0.755166667
0,1,3,3,0.75,28.08,795.0,6900,45,0.0,0,0,57.5,1,1,1,119.9999791304384,0.7826085595463375,0.0,0.0,59.99920001066653,0.48834774115691454,0.753683478
0,1,3,2,0.75,19.87,733.0,6000,34,0.0,0,0,55.0,1,1,1,109.09088925620195,0.6181817057851444,0.0,0.0,45.33272889694804,0.3612726615867888,0.753097531
0,1,3,1,0.75,28.08,681.0,6900,45,0.0,0,0,57.5,1,1,1,119.9999791304384,0.7826085595463375,0.0,0.0,59.99920001066653,0.48834774115691454,0.750427826
0,1,3,9,0.7,28.08,872.0,6900,44,0.0,0,0,57.5,1,1,1,119.9999791304384,0.7652172582230855,0.0,0.0,62.856244910787,0.48834774115691454,0.721126957
0,1,3,10,0.75,19.31,578.0,6480,45,0.0,0,0,54.0,1,1,1,119.99997777778188,0.8333331790123742,0.0,0.0,59.99920001066653,0.3575925263717543,0.712205247
0,1,3,5,0.8,11.41,668.0,3660,50,0.0,0,0,30.5,1,1,1,119.99996065575061,1.6393437248053362,0.0,0.0,62.499218759765505,0.37409823800057773,0.707045902
0,0,3,10,0.65,3.94,0.0,960,0,0.0,0,0,8.0,1,1,1,119.99985000018751,0.0,0.0,0.0,0.0,0.49249938437576957,0.705916667
0,0,3,8,0.75,2.9,0.0,960,0,0.0,0,0,8.0,1,1,1,119.99985000018751,0.0,0.0,0.0,0.0,0.3624995468755664,0.676666667
0,0,3,4,0.75,3.94,0.0,2160,0,0.0,0,0,18.0,1,1,1,119.99993333337038,0.0,0.0,0.0,0.0,0.21888876728401818,0.593055556
0,0,3,7,0.8,2.9,0.0,960,0,0.0,0,0,8.0,1,1,1,119.99985000018751,0.0,0.0,0.0,0.0,0.3624995468755664,0.540729167
0,1,3,4,0.65,23.69,861.0,7200,0,0.0,0,0,60.0,1,1,1,119.99998000000333,0.0,0.0,0.0,0.0,0.39483326752778874,0.52118
0,0,3,11,0.7,4.15,0.0,1440,0,0.0,0,0,12.0,1,1,1,119.99990000008334,0.0,0.0,0.0,0.0,0.3458330451391291,0.436326389
0,0,1,4,0.8,4.15,0.0,6600,0,0.0,0,0,20.0,1,3,1,329.9998350000825,0.0,0.0,0.0,0.0,0.20749989625005189,0.988024691
0,0,1,11,0.75,2.9,0.0,5640,0,0.0,0,0,17.0,1,3,1,331.76451072675843,0.0,0.0,0.0,0.0,0.17058813494815592,0.987880435
0,0,1,9,0.8,4.15,0.0,960,0,0.0,0,0,8.0,1,3,1,119.99985000018751,0.0,0.0,0.0,0.0,0.5187493515633106,0.956270833
0,0,1,3,0.75,3.94,0.0,1560,0,0.0,0,0,8.0,1,3,1,194.9997562503047,0.0,0.0,0.0,0.0,0.49249938437576957,0.945277778
0,0,1,1,0.8,3.94,0.0,960,0,0.0,0,0,8.0,1,3,1,119.99985000018751,0.0,0.0,0.0,0.0,0.49249938437576957,0.902916667
0,1,1,1,0.8,28.08,772.0,6300,50,0.0,0,0,56.5,1,3,1,111.50440504346813,0.8849555955830803,0.0,0.0,62.499218759765505,0.4969910624794579,0.800725314
0,1,1,3,0.8,28.08,913.0,6540,50,0.0,0,0,54.5,1,3,1,119.9999779816554,0.9174310243245827,0.0,0.0,62.499218759765505,0.5152292632606856,0.800322936
0,1,1,8,0.8,26.16,1261.0,7080,50,0.0,0,0,59.0,1,3,1,119.99997966102039,0.8474574834817824,0.0,0.0,62.499218759765505,0.44338975535766856,0.800318644
0,1,1,12,0.8,26.16,844.0,7080,63,0.0,0,0,59.0,1,3,1,119.99997966102039,1.0677964291870459,0.0,0.0,78.74901563730454,0.44338975535766856,0.800318644
0,1,1,11,0.8,11.61,1005.0,7080,50,0.0,0,0,29.5,1,3,1,239.99991864409537,1.694914679689939,0.0,0.0,62.499218759765505,0.39355918862400385,0.800237288
0,1,1,5,0.8,11.61,659.0,7080,50,0.0,0,0,31.5,1,3,1,224.76183340894178,1.5873010833964816,0.0,0.0,62.499218759765505,0.368571311564663,0.800148649
0,1,1,6,0.8,25.9,1152.0,6720,50,0.0,0,0,56.0,1,3,1,119.9999785714324,0.8928569834183958,0.0,0.0,62.499218759765505,0.462499917410729,0.800125
0,1,1,7,0.8,25.9,1138.0,6720,38,0.0,0,0,56.0,1,3,1,119.9999785714324,0.6785713073979808,0.0,0.0,47.49940625742178,0.462499917410729,0.800125
0,1,1,10,0.75,19.31,610.0,6480,56,0.0,0,0,54.0,1,3,1,119.99997777778188,1.0370368449931768,0.0,0.0,74.66567112438501,0.3575925263717543,0.787299691
0,0,1,2,0.8,4.15,0.0,960,0,0.0,0,0,8.0,1,3,1,119.99985000018751,0.0,0.0,0.0,0.0,0.5187493515633106,0.782447917
0,1,1,2,0.75,19.87,944.0,6600,45,0.0,0,0,55.0,1,3,1,119.99997818182214,0.8181816694215146,0.0,0.0,59.99920001066653,0.3612726615867888,0.75024303
0,0,1,10,0.7,4.15,0.0,960,0,0.0,0,0,8.0,1,3,1,119.99985000018751,0.0,0.0,0.0,0.0,0.5187493515633106,0.7018125
0,1,1,4,0.7,23.69,544.0,13800,0,0.0,0,0,60.0,1,3,1,229.99996166667304,0.0,0.0,0.0,0.0,0.39483326752778874,0.700134038
0,1,1,9,0.7,28.08,1072.0,6900,40,0.0,0,0,57.5,1,3,1,119.9999791304384,0.6956520529300777,0.0,0.0,57.142040827988176,0.48834774115691454,0.699965217
0,0,1,8,0.8,2.9,0.0,960,0,0.0,0,0,8.0,1,3,1,119.99985000018751,0.0,0.0,0.0,0.0,0.3624995468755664,0.628333333
0,0,1,7,0.8,3.94,0.0,960,0,0.0,0,0,8.0,1,3,1,119.99985000018751,0.0,0.0,0.0,0.0,0.49249938437576957,0.6253125
0,0,2,3,0.75,4.15,0.0,1560,0,0.0,0,0,8.0,1,4,1,194.9997562503047,0.0,0.0,0.0,0.0,0.5187493515633106,0.991388889
0,0,2,9,0.8,3.94,0.0,960,0,0.0,0,0,8.0,1,4,1,119.99985000018751,0.0,0.0,0.0,0.0,0.49249938437576957,0.931645833
0,0,2,1,0.8,3.94,0.0,960,0,0.0,0,0,8.0,1,4,1,119.99985000018751,0.0,0.0,0.0,0.0,0.49249938437576957,0.915229167
0,1,2,6,0.8,11.61,539.0,6975,50,0.0,0,0,31.0,1,4,1,224.99992741937825,1.6129027055152563,0.0,0.0,62.499218759765505,0.3745160082206425,0.879714482
0,0,2,4,0.8,3.94,0.0,6600,0,0.0,0,0,20.0,1,4,1,329.9998350000825,0.0,0.0,0.0,0.0,0.19699990150004926,0.861679012
0,1,2,9,0.8,26.16,1278.0,7080,60,0.0,0,0,59.0,1,4,1,119.99997966102039,1.0169489801781388,0.0,0.0,74.9990625117186,0.44338975535766856,0.850569492
0,1,2,7,0.8,25.9,1227.0,7020,60,0.0,0,0,56.5,1,4,1,124.24776561986448,1.0619467146996964,0.0,0.0,74.9990625117186,0.4584069985120356,0.850436438
0,1,2,8,0.8,25.9,1039.0,6780,45,0.0,0,0,56.5,1,4,1,119.9999787610657,0.7964600360247723,0.0,0.0,56.24929688378895,0.4584069985120356,0.850345133
0,1,2,4,0.8,28.08,878.0,4260,50,0.0,0,0,55.5,1,4,1,76.75674292671299,0.9009007385764435,0.0,0.0,62.499218759765505,0.5059458547845306,0.800598058
0,1,2,1,0.8,26.16,1033.0,7080,63,0.0,0,0,59.0,1,4,1,119.99997966102039,1.0677964291870459,0.0,0.0,78.74901563730454,0.44338975535766856,0.800318644
0,1,2,2,0.8,28.08,782.0,6660,50,0.0,0,0,55.5,1,4,1,119.99997837838227,0.9009007385764435,0.0,0.0,62.499218759765505,0.5059458547845306,0.800237838
0,1,2,12,0.8,11.61,1216.0,6975,50,0.0,0,0,31.0,1,4,1,224.99992741937825,1.6129027055152563,0.0,0.0,62.499218759765505,0.3745160082206425,0.800030199
0,0,2,2,0.8,3.94,0.0,960,0,0.0,0,0,8.0,1,4,1,119.99985000018751,0.0,0.0,0.0,0.0,0.49249938437576957,0.792104167
0,0,2,10,0.7,3.94,0.0,4320,0,0.0,0,0,18.0,1,4,1,239.99986666674076,0.0,0.0,0.0,0.0,0.21888876728401818,0.759228395
0,1,2,11,0.75,19.31,513.0,6480,45,0.0,0,0,54.0,1,4,1,119.99997777778188,0.8333331790123742,0.0,0.0,59.99920001066653,0.3575925263717543,0.750348457
0,1,2,3,0.75,19.87,734.0,6600,45,0.0,0,0,55.0,1,4,1,119.99997818182214,0.8181816694215146,0.0,0.0,59.99920001066653,0.3612726615867888,0.75024303
0,1,2,10,0.7,28.08,1202.0,6900,40,0.0,0,0,57.5,1,4,1,119.9999791304384,0.6956520529300777,0.0,0.0,57.142040827988176,0.48834774115691454,0.699965217
0,0,2,8,0.8,2.9,0.0,960,0,0.0,0,0,8.0,1,4,1,119.99985000018751,0.0,0.0,0.0,0.0,0.3624995468755664,0.682708333
0,0,2,7,0.8,2.9,0.0,960,0,0.0,0,0,8.0,1,4,1,119.99985000018751,0.0,0.0,0.0,0.0,0.3624995468755664,0.667604167
0,1,2,5,0.7,45.67,884.0,6960,26,0.0,0,0,58.0,1,4,1,119.9999793103484,0.4482757847800371,0.0,0.0,37.142326538192314,0.7874136573424728,0.603432184
0,0,2,11,0.75,4.15,0.0,960,0,0.0,0,0,8.0,1,4,1,119.99985000018751,0.0,0.0,0.0,0.0,0.5187493515633106,0.345833333
0,0,0,1,0.8,3.94,0.0,1920,0,0.0,0,0,8.0,1,5,2,239.99970000037501,0.0,0.0,0.0,0.0,0.49249938437576957,0.961059028
0,0,0,11,0.8,3.94,0.0,2400,0,0.0,0,0,10.0,1,5,2,239.99976000024,0.0,0.0,0.0,0.0,0.393999606000394,0.939513889
0,0,0,4,0.8,3.94,0.0,3840,0,0.0,0,0,16.0,1,5,2,239.99985000009374,0.0,0.0,0.0,0.0,0.2462498460938462,0.893663194
0,0,0,3,0.75,4.15,0.0,1920,0,0.0,0,0,8.0,1,5,2,239.99970000037501,0.0,0.0,0.0,0.0,0.5187493515633106,0.875390625
0,1,0,9,0.8,26.16,1227.0,7080,75,0.0,0,0,59.0,1,5,2,119.99997966102039,1.2711862252226735,0.0,0.0,93.74882813964825,0.44338975535766856,0.850569492
0,0,0,9,0.8,2.9,0.0,1920,0,0.0,0,0,8.0,1,5,2,239.99970000037501,0.0,0.0,0.0,0.0,0.3624995468755664,0.820833333
0,0,0,2,0.8,3.94,0.0,960,0,0.0,0,0,8.0,1,5,2,119.99985000018751,0.0,0.0,0.0,0.0,0.49249938437576957,0.804416667
0,1,0,7,0.8,25.9,1255.0,6780,50,0.0,0,0,56.5,1,5,2,119.9999787610657,0.8849555955830803,0.0,0.0,62.499218759765505,0.4584069985120356,0.800684366
0,1,0,8,0.8,25.9,1047.0,6780,38,0.0,0,0,56.5,1,5,2,119.9999787610657,0.6725662526431411,0.0,0.0,47.49940625742178,0.4584069985120356,0.800684366
0,1,0,1,0.8,26.16,1138.0,7080,63,0.0,0,0,59.0,1,5,2,119.99997966102039,1.0677964291870459,0.0,0.0,78.74901563730454,0.44338975535766856,0.800318644
0,1,0,11,0.8,19.31,678.0,4800,50,0.0,0,0,55.0,1,5,2,87.27271140496156,0.9090907438016829,0.0,0.0,62.499218759765505,0.3510908452562099,0.800250962
0,1,0,6,0.8,11.61,712.0,7200,50,0.0,0,0,32.0,1,5,2,224.99992968752196,1.5624995117189024,0.0,0.0,62.499218759765505,0.36281238662112913,0.800246011
0,1,0,12,0.8,11.61,1037.0,7200,50,0.0,0,0,32.0,1,5,2,224.99992968752196,1.5624995117189024,0.0,0.0,62.499218759765505,0.36281238662112913,0.800246011
0,1,0,2,0.8,28.08,757.0,6900,50,0.0,0,0,57.5,1,5,2,119.9999791304384,0.8695650661625971,0.0,0.0,62.499218759765505,0.48834774115691454,0.800076522
0,1,0,4,0.8,28.08,759.0,6900,50,0.0,0,0,57.5,1,5,2,119.9999791304384,0.8695650661625971,0.0,0.0,62.499218759765505,0.48834774115691454,0.800076522
0,0,0,10,0.75,2.9,0.0,960,0,0.0,0,0,8.0,1,5,2,119.99985000018751,0.0,0.0,0.0,0.0,0.3624995468755664,0.763375
0,0,0,5,0.6,2.9,0.0,960,0,0.0,0,0,8.0,1,5,2,119.99985000018751,0.0,0.0,0.0,0.0,0.3624995468755664,0.759270833
0,1,0,10,0.75,28.08,1083.0,7020,45,0.0,0,0,58.5,1,5,2,119.99997948718298,0.7692306377383524,0.0,0.0,59.99920001066653,0.4799999179487319,0.7504
0,1,0,3,0.75,19.87,944.0,6600,45,0.0,0,0,55.0,1,5,2,119.99997818182214,0.8181816694215146,0.0,0.0,59.99920001066653,0.3612726615867888,0.75024303
0,0,0,7,0.8,3.94,0.0,960,0,0.0,0,0,8.0,1,5,2,119.99985000018751,0.0,0.0,0.0,0.0,0.49249938437576957,0.676666667
0,0,0,8,0.8,2.9,0.0,960,0,0.0,0,0,8.0,1,5,2,119.99985000018751,0.0,0.0,0.0,0.0,0.3624995468755664,0.664583333
0,1,0,5,0.6,21.98,666.0,6960,23,0.0,0,0,58.0,1,5,2,119.9999793103484,0.3965516557669559,0.0,0.0,38.33269445509242,0.3789654519025083,0.600028736
0,0,4,4,0.8,3.94,0.0,4440,0,0.0,0,0,18.0,1,6,2,246.66652962970576,0.0,0.0,0.0,0.0,0.21888876728401818,0.966781346
0,0,4,1,0.8,3.94,0.0,1440,0,0.0,0,0,8.0,1,6,2,179.99977500028126,0.0,0.0,0.0,0.0,0.49249938437576957,0.936496212
0,0,4,3,0.75,4.15,0.0,1800,0,0.0,0,0,10.0,1,6,2,179.99982000018,0.0,0.0,0.0,0.0,0.41499958500041506,0.899166667
0,0,4,11,0.8,4.15,0.0,2700,0,0.0,0,0,15.0,1,6,2,179.99988000008,0.0,0.0,0.0,0.0,0.2766664822223452,0.888686869
0,0,4,9,0.8,3.94,0.0,1440,0,0.0,0,0,8.0,1,6,2,179.99977500028126,0.0,0.0,0.0,0.0,0.49249938437576957,0.858143939
0,1,4,1,0.8,26.16,1187.0,10620,75,0.0,0,0,59.0,1,6,2,179.99996949153058,1.2711862252226735,0.0,0.0,93.74882813964825,0.44338975535766856,0.850502311
0,1,4,9,0.8,26.16,1305.0,10620,75,0.0,0,0,59.0,1,6,2,179.99996949153058,1.2711862252226735,0.0,0.0,93.74882813964825,0.44338975535766856,0.850502311
0,0,4,10,0.75,3.94,0.0,1440,0,0.0,0,0,8.0,1,6,2,179.99977500028126,0.0,0.0,0.0,0.0,0.49249938437576957,0.809640152
0,0,4,2,0.8,3.94,0.0,1440,0,0.0,0,0,8.0,1,6,2,179.99977500028126,0.0,0.0,0.0,0.0,0.49249938437576957,0.805909091
0,1,4,2,0.8,28.08,716.0,10350,50,0.0,0,0,57.5,1,6,2,179.9999686956576,0.8695650661625971,0.0,0.0,62.499218759765505,0.48834774115691454,0.800594466
0,1,4,4,0.8,28.08,925.0,10350,50,0.0,0,0,57.5,1,6,2,179.9999686956576,0.8695650661625971,0.0,0.0,62.499218759765505,0.48834774115691454,0.800594466
0,1,4,3,0.8,19.87,963.0,9900,50,0.0,0,0,55.0,1,6,2,179.99996727273322,0.9090907438016829,0.0,0.0,62.499218759765505,0.3612726615867888,0.800273829
0,1,4,12,0.8,11.61,1101.0,5310,50,0.0,0,0,31.5,1,6,2,168.57137505670633,1.5873010833964816,0.0,0.0,62.499218759765505,0.368571311564663,0.800140969
0,1,4,7,0.8,25.9,1035.0,10170,38,0.0,0,0,56.5,1,6,2,179.99996814159854,0.6725662526431411,0.0,0.0,47.49940625742178,0.4584069985120356,0.800128721
0,1,4,8,0.8,25.9,1083.0,10170,38,0.0,0,0,56.5,1,6,2,179.99996814159854,0.6725662526431411,0.0,0.0,47.49940625742178,0.4584069985120356,0.800128721
0,1,4,6,0.8,11.61,910.0,4470,38,0.0,0,0,31.5,1,6,2,141.90471685564543,1.206348823381326,0.0,0.0,47.49940625742178,0.368571311564663,0.80007657
0,1,4,10,0.75,28.08,1209.0,10530,45,0.0,0,0,58.5,1,6,2,179.99996923077447,0.7692306377383524,0.0,0.0,59.99920001066653,0.4799999179487319,0.750545455
0,1,4,11,0.75,19.31,590.0,9900,45,0.0,0,0,55.0,1,6,2,179.99996727273322,0.8181816694215146,0.0,0.0,59.99920001066653,0.3510908452562099,0.750057851
0,0,4,8,0.8,2.9,0.0,1440,0,0.0,0,0,8.0,1,6,2,179.99977500028126,0.0,0.0,0.0,0.0,0.3624995468755664,0.681060606
0,1,4,5,0.65,21.98,808.0,10440,35,0.0,0,0,58.0,1,6,2,179.99996896552258,0.6034481718192807,0.0,0.0,53.84532545653144,0.3789654519025083,0.649983281
0,0,4,7,0.8,2.9,0.0,1440,0,0.0,0,0,8.0,1,6,2,179.99977500028126,0.0,0.0,0.0,0.0,0.3624995468755664,0.61625
0,0,5,1,0.8,3.94,0.0,1440,0,0.0,0,0,8.0,1,7,2,179.99977500028126,0.0,0.0,0.0,0.0,0.49249938437576957,0.951420455
0,0,5,9,0.8,3.94,0.0,1440,0,0.0,0,0,8.0,1,7,2,179.99977500028126,0.0,0.0,0.0,0.0,0.49249938437576957,0.880530303
0,1,5,1,0.8,26.16,1179.0,10620,75,0.0,0,0,59.0,1,7,2,179.99996949153058,1.2711862252226735,0.0,0.0,93.74882813964825,0.44338975535766856,0.850502311
0,1,5,9,0.8,26.16,1324.0,10620,75,0.0,0,0,59.0,1,7,2,179.99996949153058,1.2711862252226735,0.0,0.0,93.74882813964825,0.44338975535766856,0.850502311
0,1,5,8,0.8,25.9,1135.0,10170,60,0.0,0,0,56.5,1,7,2,179.99996814159854,1.0619467146996964,0.0,0.0,74.9990625117186,0.4584069985120356,0.850136766
0,0,5,3,0.75,4.15,0.0,2700,0,0.0,0,0,15.0,1,7,2,179.99988000008,0.0,0.0,0.0,0.0,0.2766664822223452,0.83
0,0,5,4,0.8,3.94,0.0,4440,0,0.0,0,0,18.0,1,7,2,246.66652962970576,0.0,0.0,0.0,0.0,0.21888876728401818,0.827186544
0,0,5,2,0.8,3.94,0.0,1440,0,0.0,0,0,8.0,1,7,2,179.99977500028126,0.0,0.0,0.0,0.0,0.49249938437576957,0.813371212
0,0,5,10,0.75,3.94,0.0,1440,0,0.0,0,0,8.0,1,7,2,179.99977500028126,0.0,0.0,0.0,0.0,0.49249938437576957,0.805909091
0,0,5,7,0.8,2.9,0.0,1440,0,0.0,0,0,8.0,1,7,2,179.99977500028126,0.0,0.0,0.0,0.0,0.3624995468755664,0.804640152
0,1,5,2,0.8,28.08,776.0,10350,63,0.0,0,0,57.5,1,7,2,179.9999686956576,1.0956519833648724,0.0,0.0,78.74901563730454,0.48834774115691454,0.800594466
0,1,5,4,0.8,28.08,990.0,10350,50,0.0,0,0,57.5,1,7,2,179.9999686956576,0.8695650661625971,0.0,0.0,62.499218759765505,0.48834774115691454,0.800594466
0,1,5,6,0.8,11.41,986.0,5490,50,0.0,0,0,30.5,1,7,2,179.99994098362592,1.6393437248053362,0.0,0.0,62.499218759765505,0.37409823800057773,0.800343766
0,1,5,3,0.8,19.87,924.0,9900,50,0.0,0,0,55.0,1,7,2,179.99996727273322,0.9090907438016829,0.0,0.0,62.499218759765505,0.3612726615867888,0.800273829
0,1,5,12,0.8,11.61,1120.0,5670,50,0.0,0,0,31.5,1,7,2,179.999942857161,1.5873010833964816,0.0,0.0,62.499218759765505,0.368571311564663,0.800246753
0,1,5,7,0.8,25.9,1066.0,10170,50,0.0,0,0,56.5,1,7,2,179.99996814159854,0.8849555955830803,0.0,0.0,62.499218759765505,0.4584069985120356,0.800128721
0,1,5,10,0.75,28.08,1144.0,10530,69,0.0,0,0,58.5,1,7,2,179.99996923077447,1.1794869778654737,0.0,0.0,91.99877334968868,0.4799999179487319,0.8
0,1,5,5,0.7,21.98,413.0,9720,40,0.0,0,0,58.0,1,7,2,167.5861780023831,0.6896550535077494,0.0,0.0,57.142040827988176,0.3789654519025083,0.700480831
0,0,5,8,0.8,2.9,0.0,1440,0,0.0,0,0,8.0,1,7,2,179.99977500028126,0.0,0.0,0.0,0.0,0.3624995468755664,0.681060606
0,0,5,6,0.8,2.9,0.0,1800,0,0.0,0,0,10.0,1,7,2,179.99982000018,0.0,0.0,0.0,0.0,0.28999971000029,0.666515152
0,1,5,11,0.8,31.83,568.0,9900,40,0.0,0,0,55.0,1,7,2,179.99996727273322,0.7272725950413463,0.0,0.0,49.999375007812404,0.5787271675041513,0.412119835
0,0,5,5,0.7,4.15,0.0,1440,0,0.0,0,0,8.0,1,7,2,179.99977500028126,0.0,0.0,0.0,0.0,0.5187493515633106,0.330113636
1,0,3,1,0.8,3.94,0.0,1440,0,0.0,0,0,8.0,1,8,2,179.99977500028126,0.0,0.0,0.0,0.0,0.49249938437576957,0.947689394
1,0,3,4,0.8,3.94,0.0,12600,0,0.0,0,0,20.0,1,8,2,629.9996850001575,0.0,0.0,0.0,0.0,0.19699990150004926,0.919905405
1,1,3,9,0.8,26.16,1216.0,10620,88,0.0,0,0,59.0,1,8,2,179.99996949153058,1.4915251709279371,0.0,0.0,109.99862501718728,0.44338975535766856,0.900215716
1,0,3,9,0.8,3.94,0.0,1440,0,0.0,0,0,8.0,1,8,2,179.99977500028126,0.0,0.0,0.0,0.0,0.49249938437576957,0.891723485
1,1,3,1,0.8,26.16,1189.0,10620,75,0.0,0,0,59.0,1,8,2,179.99996949153058,1.2711862252226735,0.0,0.0,93.74882813964825,0.44338975535766856,0.850502311
1,1,3,4,0.8,28.08,942.0,10530,75,0.0,0,0,58.5,1,8,2,179.99996923077447,1.2820510628972541,0.0,0.0,93.74882813964825,0.4799999179487319,0.850181818
1,1,3,7,0.8,25.9,1050.0,10170,60,0.0,0,0,56.5,1,8,2,179.99996814159854,1.0619467146996964,0.0,0.0,74.9990625117186,0.4584069985120356,0.850136766
1,1,3,8,0.8,25.9,1026.0,10170,60,0.0,0,0,56.5,1,8,2,179.99996814159854,1.0619467146996964,0.0,0.0,74.9990625117186,0.4584069985120356,0.850136766
1,0,3,2,0.8,3.94,0.0,1440,0,0.0,0,0,8.0,1,8,2,179.99977500028126,0.0,0.0,0.0,0.0,0.49249938437576957,0.835757576
1,0,3,5,0.7,4.15,0.0,3840,0,0.0,0,0,8.0,1,8,2,479.99940000075003,0.0,0.0,0.0,0.0,0.5187493515633106,0.821354167
1,1,3,2,0.8,28.08,783.0,10050,63,0.0,0,0,58.5,1,8,2,171.79484242823204,1.0769228928336936,0.0,0.0,78.74901563730454,0.4799999179487319,0.800497246
1,1,3,3,0.8,19.87,857.0,9900,50,0.0,0,0,55.0,1,8,2,179.99996727273322,0.9090907438016829,0.0,0.0,62.499218759765505,0.3612726615867888,0.800273829
1,1,3,12,0.8,11.61,548.0,15120,63,0.0,0,0,31.5,1,8,2,479.999847619096,1.9999993650795667,0.0,0.0,78.74901563730454,0.368571311564663,0.800107143
1,1,3,6,0.8,11.41,411.0,14640,50,0.0,0,0,30.5,1,8,2,479.99984262300245,1.6393437248053362,0.0,0.0,62.499218759765505,0.37409823800057773,0.800024932
1,1,3,10,0.75,28.08,1066.0,10530,69,0.0,0,0,58.5,1,8,2,179.99996923077447,1.1794869778654737,0.0,0.0,91.99877334968868,0.4799999179487319,0.8
1,0,3,10,0.75,3.94,0.0,1440,0,0.0,0,0,8.0,1,8,2,179.99977500028126,0.0,0.0,0.0,0.0,0.49249938437576957,0.779791667
1,0,3,8,0.8,2.9,0.0,1440,0,0.0,0,0,8.0,1,8,2,179.99977500028126,0.0,0.0,0.0,0.0,0.3624995468755664,0.735984848
1,0,3,3,0.75,4.15,0.0,2160,0,0.0,0,0,12.0,1,8,2,179.999850000125,0.0,0.0,0.0,0.0,0.3458330451391291,0.712626263
1,0,3,7,0.8,2.9,0.0,1440,0,0.0,0,0,8.0,1,8,2,179.99977500028126,0.0,0.0,0.0,0.0,0.3624995468755664,0.681060606
1,0,3,11,0.8,4.15,0.0,900,0,0.0,0,0,5.0,1,8,2,179.99964000072,0.0,0.0,0.0,0.0,0.8299983400033202,0.515606061
1,1,3,11,0.35,12.52,287.0,25920,38,0.0,0,0,54.0,1,8,2,479.9999111111275,0.7037035733882271,0.0,0.0,108.56832661923946,0.23185180891633167,0.349951389
1,1,3,5,0.7,42.41,724.0,10260,0,0.0,0,0,57.0,1,8,2,179.99996842105816,0.0,0.0,0.0,0.0,0.7440349571868495,0.233705476
1,0,1,1,0.8,3.94,0.0,2160,0,0.0,0,0,8.0,1,10,2,269.9996625004219,0.0,0.0,0.0,0.0,0.49249938437576957,0.985
1,0,1,3,0.75,4.15,0.0,2760,0,0.0,0,0,12.0,1,10,2,229.99980833349306,0.0,0.0,0.0,0.0,0.3458330451391291,0.930340376
1,0,1,4,0.8,3.94,0.0,6000,0,0.0,0,0,20.0,1,10,2,299.999850000075,0.0,0.0,0.0,0.0,0.19699990150004926,0.911589744
1,0,1,9,0.8,3.94,0.0,1440,0,0.0,0,0,8.0,1,10,2,179.99977500028126,0.0,0.0,0.0,0.0,0.49249938437576957,0.858143939
1,1,1,9,0.8,26.16,1122.0,10620,75,0.0,0,0,59.0,1,10,2,179.99996949153058,1.2711862252226735,0.0,0.0,93.74882813964825,0.44338975535766856,0.851174114
1,1,1,7,0.8,25.9,970.0,10170,60,0.0,0,0,56.5,1,10,2,179.99996814159854,1.0619467146996964,0.0,0.0,74.9990625117186,0.4584069985120356,0.850136766
1,1,1,8,0.8,25.9,1158.0,10170,60,0.0,0,0,56.5,1,10,2,179.99996814159854,1.0619467146996964,0.0,0.0,74.9990625117186,0.4584069985120356,0.850136766
1,0,1,10,0.8,3.94,0.0,1440,0,0.0,0,0,8.0,1,10,2,179.99977500028126,0.0,0.0,0.0,0.0,0.49249938437576957,0.846950758
1,0,1,11,0.8,4.15,0.0,1440,0,0.0,0,0,8.0,1,10,2,179.99977500028126,0.0,0.0,0.0,0.0,0.5187493515633106,0.817424242
1,0,1,2,0.8,3.94,0.0,1440,0,0.0,0,0,8.0,1,10,2,179.99977500028126,0.0,0.0,0.0,0.0,0.49249938437576957,0.817102273
1,1,1,4,0.8,28.08,660.0,10440,63,0.0,0,0,58.0,1,10,2,179.99996896552258,1.0862067092747052,0.0,0.0,78.74901563730454,0.48413784756244,0.801028213
1,1,1,2,0.8,28.08,749.0,10350,63,0.0,0,0,57.5,1,10,2,179.9999686956576,1.0956519833648724,0.0,0.0,78.74901563730454,0.48834774115691454,0.800594466
1,1,1,12,0.8,11.61,893.0,4710,50,0.0,0,0,31.5,1,10,2,149.52376205594857,1.5873010833964816,0.0,0.0,62.499218759765505,0.368571311564663,0.800346445
1,1,1,6,0.8,11.41,887.0,5490,50,0.0,0,0,30.5,1,10,2,179.99994098362592,1.6393437248053362,0.0,0.0,62.499218759765505,0.37409823800057773,0.800343766
1,1,1,1,0.8,26.16,1335.0,10620,63,0.0,0,0,59.0,1,10,2,179.99996949153058,1.0677964291870459,0.0,0.0,78.74901563730454,0.44338975535766856,0.800117103
1,1,1,10,0.8,28.08,1082.0,10530,63,0.0,0,0,58.5,1,10,2,179.99996923077447,1.0769228928336936,0.0,0.0,78.74901563730454,0.4799999179487319,0.8
1,1,1,3,0.75,19.87,1075.0,7080,45,0.0,0,0,56.0,1,10,2,126.42854885204484,0.8035712850765562,0.0,0.0,59.99920001066653,0.3548213652104705,0.750098351
1,1,1,11,0.5,12.52,749.0,9540,38,0.0,0,0,53.0,1,10,2,179.99996603774224,0.7169809967960383,0.0,0.0,75.99848003039939,0.2362263705233263,0.673245283
1,0,1,7,0.8,2.9,0.0,1440,0,0.0,0,0,8.0,1,10,2,179.99977500028126,0.0,0.0,0.0,0.0,0.3624995468755664,0.670075758
1,0,1,8,0.8,2.9,0.0,1440,0,0.0,0,0,8.0,1,10,2,179.99977500028126,0.0,0.0,0.0,0.0,0.3624995468755664,0.628882576
1,1,1,5,0.5,20.79,966.0,7680,0,0.0,0,0,56.0,1,10,2,137.1428326530656,0.0,0.0,0.0,0.0,0.37124993370536896,0.388007813
1,0,1,5,0.5,4.15,0.0,1440,0,0.0,0,0,8.0,1,10,2,179.99977500028126,0.0,0.0,0.0,0.0,0.5187493515633106,0.337973485
1,0,2,3,0.75,4.15,0.0,1440,0,0.0,0,0,8.0,1,11,2,179.99977500028126,0.0,0.0,0.0,0.0,0.5187493515633106,0.93532197
1,0,2,4,0.8,3.94,0.0,3600,0,0.0,0,0,20.0,1,11,2,179.999910000045,0.0,0.0,0.0,0.0,0.19699990150004926,0.925643939
1,1,2,9,0.8,26.16,1095.0,10620,88,0.0,0,0,59.0,1,11,2,179.99996949153058,1.4915251709279371,0.0,0.0,109.99862501718728,0.44338975535766856,0.900215716
1,0,2,1,0.8,3.94,0.0,1440,0,0.0,0,0,8.0,1,11,2,179.99977500028126,0.0,0.0,0.0,0.0,0.49249938437576957,0.873068182
1,0,2,9,0.8,3.94,0.0,1440,0,0.0,0,0,8.0,1,11,2,179.99977500028126,0.0,0.0,0.0,0.0,0.49249938437576957,0.858143939
1,1,2,1,0.8,26.16,1383.0,10620,75,0.0,0,0,59.0,1,11,2,179.99996949153058,1.2711862252226735,0.0,0.0,93.74882813964825,0.44338975535766856,0.850502311
1,1,2,7,0.8,25.9,1012.0,10170,45,0.0,0,0,56.5,1,11,2,179.99996814159854,0.7964600360247723,0.0,0.0,56.24929688378895,0.4584069985120356,0.850136766
1,1,2,8,0.8,25.9,1209.0,10170,60,0.0,0,0,56.5,1,11,2,179.99996814159854,1.0619467146996964,0.0,0.0,74.9990625117186,0.4584069985120356,0.850136766
1,0,2,10,0.8,3.94,0.0,1440,0,0.0,0,0,8.0,1,11,2,179.99977500028126,0.0,0.0,0.0,0.0,0.49249938437576957,0.828295455
1,0,2,2,0.8,3.94,0.0,1440,0,0.0,0,0,8.0,1,11,2,179.99977500028126,0.0,0.0,0.0,0.0,0.49249938437576957,0.820833333
1,1,2,6,0.8,11.41,887.0,5490,50,0.0,0,0,30.5,1,11,2,179.99994098362592,1.6393437248053362,0.0,0.0,62.499218759765505,0.37409823800057773,0.800343766
1,1,2,12,0.8,11.61,896.0,5670,50,0.0,0,0,31.5,1,11,2,179.999942857161,1.5873010833964816,0.0,0.0,62.499218759765505,0.368571311564663,0.800246753
1,1,2,2,0.8,28.08,805.0,10530,63,0.0,0,0,58.5,1,11,2,179.99996923077447,1.0769228928336936,0.0,0.0,78.74901563730454,0.4799999179487319,0.8
1,1,2,10,0.8,28.08,762.0,10530,38,0.0,0,0,58.5,1,11,2,179.99996923077447,0.6495725385346087,0.0,0.0,47.49940625742178,0.4799999179487319,0.8
1,1,2,3,0.8,19.87,1043.0,6420,0,0.0,0,0,55.0,1,11,2,116.72725150413608,0.0,0.0,0.0,0.0,0.3612726615867888,0.690182815
1,0,2,11,0.8,4.15,0.0,1440,0,0.0,0,0,8.0,1,11,2,179.99977500028126,0.0,0.0,0.0,0.0,0.5187493515633106,0.668087121
1,0,2,8,0.8,2.9,0.0,1440,0,0.0,0,0,8.0,1,11,2,179.99977500028126,0.0,0.0,0.0,0.0,0.3624995468755664,0.653598485
1,0,2,5,0.5,4.15,0.0,1440,0,0.0,0,0,8.0,1,11,2,179.99977500028126,0.0,0.0,0.0,0.0,0.5187493515633106,0.609138258
1,1,2,11,0.6,12.52,831.0,9540,30,0.0,0,0,53.0,1,11,2,179.99996603774224,0.5660376290495039,0.0,0.0,49.99916668055533,0.2362263705233263,0.600229846
1,0,2,6,0.8,2.9,0.0,1440,0,0.0,0,0,8.0,1,11,2,179.99977500028126,0.0,0.0,0.0,0.0,0.3624995468755664,0.597348485
1,0,2,7,0.8,2.9,0.0,1440,0,0.0,0,0,8.0,1,11,2,179.99977500028126,0.0,0.0,0.0,0.0,0.3624995468755664,0.590435606
1,1,2,4,0.8,50.48,562.0,10440,0,0.0,0,0,58.0,1,11,2,179.99996896552258,0.0,0.0,0.0,0.0,0.8703446775267797,0.473134796
1,1,2,5,0.6,20.79,1208.0,7980,0,0.0,0,0,57.0,1,11,2,139.99997543860079,0.0,0.0,0.0,0.0,0.3647367781163547,0.452979626
1,0,0,1,0.8,3.94,0.0,1440,0,0.0,0,0,8.0,1,12,3,179.99977500028126,0.0,0.0,0.0,0.0,0.49249938437576957,0.955151515
1,0,0,4,0.35,4.3,0.0,3240,0,0.0,0,0,18.0,1,12,3,179.99990000005556,0.0,0.0,0.0,0.0,0.23888875617291322,0.942213805
1,0,0,3,0.8,4.15,0.0,1800,0,0.0,0,0,10.0,1,12,3,179.99982000018,0.0,0.0,0.0,0.0,0.41499958500041506,0.905454545
1,0,0,2,0.8,3.94,0.0,1440,0,0.0,0,0,8.0,1,12,3,179.99977500028126,0.0,0.0,0.0,0.0,0.49249938437576957,0.880530303
1,0,0,9,0.8,3.94,0.0,1440,0,0.0,0,0,8.0,1,12,3,179.99977500028126,0.0,0.0,0.0,0.0,0.49249938437576957,0.858143939
1,1,0,1,0.8,26.16,1099.0,8220,75,0.0,0,0,59.0,1,12,3,139.32201028440502,1.2711862252226735,0.0,0.0,93.74882813964825,0.44338975535766856,0.850522167
1,1,0,9,0.8,26.16,1093.0,10620,75,0.0,0,0,59.0,1,12,3,179.99996949153058,1.2711862252226735,0.0,0.0,93.74882813964825,0.44338975535766856,0.850502311
1,1,0,7,0.8,25.9,1031.0,10170,60,0.0,0,0,56.5,1,12,3,179.99996814159854,1.0619467146996964,0.0,0.0,74.9990625117186,0.4584069985120356,0.850136766
1,1,0,8,0.8,25.9,1233.0,10170,60,0.0,0,0,56.5,1,12,3,179.99996814159854,1.0619467146996964,0.0,0.0,74.9990625117186,0.4584069985120356,0.850136766
1,0,0,6,0.8,2.9,0.0,1440,0,0.0,0,0,8.0,1,12,3,179.99977500028126,0.0,0.0,0.0,0.0,0.3624995468755664,0.817424242
1,0,0,5,0.65,4.15,0.0,1440,0,0.0,0,0,8.0,1,12,3,179.99977500028126,0.0,0.0,0.0,0.0,0.5187493515633106,0.809564394
1,1,0,3,0.8,19.87,941.0,9900,0,0.0,0,0,55.0,1,12,3,179.99996727273322,0.0,0.0,0.0,0.0,0.3612726615867888,0.800273829
1,1,0,6,0.8,11.41,843.0,5670,50,0.0,0,0,31.5,1,12,3,179.999942857161,1.5873010833964816,0.0,0.0,62.499218759765505,0.36222210723107706,0.800181818
1,1,0,12,0.8,11.61,760.0,4470,50,0.0,0,0,31.5,1,12,3,141.90471685564543,1.5873010833964816,0.0,0.0,62.499218759765505,0.368571311564663,0.80007657
1,1,0,2,0.8,28.08,737.0,10530,63,0.0,0,0,58.5,1,12,3,179.99996923077447,1.0769228928336936,0.0,0.0,78.74901563730454,0.4799999179487319,0.8
1,0,0,8,0.8,2.9,0.0,1440,0,0.0,0,0,8.0,1,12,3,179.99977500028126,0.0,0.0,0.0,0.0,0.3624995468755664,0.725
1,1,0,10,0.8,50.48,381.0,6930,45,0.0,0,0,58.5,1,12,3,118.46151821170628,0.7692306377383524,0.0,0.0,56.24929688378895,0.8629058354007118,0.688557555
1,1,0,5,0.65,20.79,1141.0,8460,0,0.0,0,0,59.0,1,12,3,143.3898062051176,0.0,0.0,0.0,0.0,0.3523728216317251,0.650040783
1,1,0,11,0.65,12.52,1004.0,9540,44,0.0,0,0,53.0,1,12,3,179.99996603774224,0.8301885226059391,0.0,0.0,67.69126628821095,0.2362263705233263,0.64998056
1,0,0,7,0.8,2.9,0.0,1440,0,0.0,0,0,8.0,1,12,3,179.99977500028126,0.0,0.0,0.0,0.0,0.3624995468755664,0.648106061
1,0,0,11,0.8,4.15,0.0,1440,0,0.0,0,0,8.0,1,12,3,179.99977500028126,0.0,0.0,0.0,0.0,0.5187493515633106,0.640577652
1,1,0,4,0.35,22.4,581.0,7350,0,0.0,0,0,51.5,1,12,3,142.7184188896274,0.0,0.0,0.0,0.0,0.4349513718541025,0.35063299
1,0,0,10,0.8,3.94,0.0,1440,0,0.0,0,0,8.0,1,12,3,179.99977500028126,0.0,0.0,0.0,0.0,0.49249938437576957,0.24625
1,0,4,4,0.35,4.3,0.0,2160,0,0.0,0,0,12.0,1,13,3,179.999850000125,0.0,0.0,0.0,0.0,0.3583330347224711,0.952020202
1,0,4,1,0.8,3.94,0.0,1440,0,0.0,0,0,2.0,1,13,3,719.9964000179999,0.0,0.0,0.0,0.0,1.9699901500492496,0.951420455
1,0,4,10,0.8,3.94,0.0,5400,0,0.0,0,0,20.0,1,13,3,269.99986500006753,0.0,0.0,0.0,0.0,0.19699990150004926,0.912766667
1,0,4,3,0.8,4.15,0.0,1620,0,0.0,0,0,9.0,1,13,3,179.99980000022222,0.0,0.0,0.0,0.0,0.4611105987660014,0.901262626
1,0,4,9,0.8,3.94,0.0,1440,0,0.0,0,0,8.0,1,13,3,179.99977500028126,0.0,0.0,0.0,0.0,0.49249938437576957,0.858143939
1,1,4,1,0.8,26.16,1073.0,10620,75,0.0,0,0,59.0,1,13,3,179.99996949153058,1.2711862252226735,0.0,0.0,93.74882813964825,0.44338975535766856,0.850502311
1,1,4,9,0.8,26.16,1156.0,10620,75,0.0,0,0,59.0,1,13,3,179.99996949153058,1.2711862252226735,0.0,0.0,93.74882813964825,0.44338975535766856,0.850502311
1,1,4,8,0.8,25.9,1211.0,10260,60,0.0,0,0,57.0,1,13,3,179.99996842105816,1.052631394275194,0.0,0.0,74.9990625117186,0.4543858851954587,0.850252525
1,1,4,7,0.8,25.9,1126.0,10170,60,0.0,0,0,56.5,1,13,3,179.99996814159854,1.0619467146996964,0.0,0.0,74.9990625117186,0.4584069985120356,0.850136766
1,0,4,5,0.65,4.15,0.0,1440,0,0.0,0,0,8.0,1,13,3,179.99977500028126,0.0,0.0,0.0,0.0,0.5187493515633106,0.821354167
1,0,4,2,0.8,3.94,0.0,1440,0,0.0,0,0,8.0,1,13,3,179.99977500028126,0.0,0.0,0.0,0.0,0.49249938437576957,0.805909091
1,1,4,6,0.8,11.61,1004.0,5670,50,0.0,0,0,31.5,1,13,3,179.999942857161,1.5873010833964816,0.0,0.0,62.499218759765505,0.368571311564663,0.800246753
1,1,4,12,0.8,11.61,1063.0,5670,50,0.0,0,0,31.5,1,13,3,179.999942857161,1.5873010833964816,0.0,0.0,62.499218759765505,0.368571311564663,0.800246753
1,1,4,2,0.8,28.08,723.0,10530,50,0.0,0,0,58.5,1,13,3,179.99996923077447,0.8547007085981694,0.0,0.0,62.499218759765505,0.4799999179487319,0.8
1,1,4,3,0.8,42.27,465.0,9900,54,0.0,0,0,55.0,1,13,3,179.99996727273322,0.9818180033058175,0.0,0.0,67.49915626054674,0.7685453148099428,0.705576584
1,0,4,8,0.8,2.9,0.0,1440,0,0.0,0,0,8.0,1,13,3,179.99977500028126,0.0,0.0,0.0,0.0,0.3624995468755664,0.681060606
1,0,4,7,0.8,2.9,0.0,1440,0,0.0,0,0,8.0,1,13,3,179.99977500028126,0.0,0.0,0.0,0.0,0.3624995468755664,0.670075758
1,0,4,11,0.8,4.15,0.0,1440,0,0.0,0,0,8.0,1,13,3,179.99977500028126,0.0,0.0,0.0,0.0,0.5187493515633106,0.601278409
1,1,4,11,0.7,27.13,530.0,9540,37,0.0,0,0,53.0,1,13,3,179.99996603774224,0.6981130758277215,0.0,0.0,52.85638776588907,0.5118866958704347,0.582301029
1,1,4,5,0.7,20.79,1297.0,10440,0,0.0,0,0,58.0,1,13,3,179.99996896552258,0.0,0.0,0.0,0.0,0.3584482140606527,0.526810345
1,1,4,4,0.5,22.4,783.0,10170,23,0.0,0,0,56.5,1,13,3,179.99996814159854,0.407079573968217,0.0,0.0,45.99908001839964,0.39646010682121996,0.500380799
1,1,4,10,0.35,22.4,715.0,10170,23,0.0,0,0,56.5,1,13,3,179.99996814159854,0.407079573968217,0.0,0.0,65.71240821690809,0.39646010682121996,0.35020649
1,0,5,11,0.8,4.15,0.0,1980,0,0.0,0,0,7.0,1,14,3,282.85673877608747,0.0,0.0,0.0,0.0,0.5928562959195773,0.934607438
1,0,5,4,0.35,4.3,0.0,2700,0,0.0,0,0,8.0,1,14,3,337.49957812552736,0.0,0.0,0.0,0.0,0.5374993281258399,0.908080808
1,1,5,7,0.8,25.9,1150.0,10170,70,0.0,0,0,56.5,1,14,3,179.99996814159854,1.2389378338163126,0.0,0.0,87.4989062636717,0.4584069985120356,0.900144811
1,0,5,1,0.8,3.94,0.0,1440,0,0.0,0,0,8.0,1,14,3,179.99977500028126,0.0,0.0,0.0,0.0,0.49249938437576957,0.891723485
1,0,5,5,0.65,4.15,0.0,1440,0,0.0,0,0,15.0,1,14,3,95.99993600004267,0.0,0.0,0.0,0.0,0.2766664822223452,0.864583333
1,0,5,9,0.8,3.94,0.0,1440,0,0.0,0,0,8.0,1,14,3,179.99977500028126,0.0,0.0,0.0,0.0,0.49249938437576957,0.858143939
1,1,5,9,0.8,26.16,1232.0,10620,75,0.0,0,0,59.0,1,14,3,179.99996949153058,1.2711862252226735,0.0,0.0,93.74882813964825,0.44338975535766856,0.850502311
1,1,5,8,0.8,25.9,1218.0,10170,60,0.0,0,0,56.5,1,14,3,179.99996814159854,1.0619467146996964,0.0,0.0,74.9990625117186,0.4584069985120356,0.850136766
1,0,5,7,0.8,2.9,0.0,1440,0,0.0,0,0,8.0,1,14,3,179.99977500028126,0.0,0.0,0.0,0.0,0.3624995468755664,0.837594697
1,0,5,3,0.8,4.15,0.0,1440,0,0.0,0,0,7.0,1,14,3,205.71399183715454,0.0,0.0,0.0,0.0,0.5928562959195773,0.820833333
1,1,5,12,0.8,11.61,1159.0,2970,50,0.0,0,0,31.5,1,14,3,94.285684353751,1.5873010833964816,0.0,0.0,62.499218759765505,0.368571311564663,0.800313433
1,1,5,6,0.8,11.61,972.0,5670,38,0.0,0,0,31.5,1,14,3,179.999942857161,1.206348823381326,0.0,0.0,47.49940625742178,0.368571311564663,0.800246753
1,1,5,1,0.8,26.16,1092.0,10620,63,0.0,0,0,59.0,1,14,3,179.99996949153058,1.0677964291870459,0.0,0.0,78.74901563730454,0.44338975535766856,0.800117103
1,1,5,5,0.7,20.79,965.0,7320,0,0.0,0,0,58.0,1,14,3,126.20687479191814,0.0,0.0,0.0,0.0,0.3584482140606527,0.700095563
1,0,5,8,0.8,2.9,0.0,1440,0,0.0,0,0,8.0,1,14,3,179.99977500028126,0.0,0.0,0.0,0.0,0.3624995468755664,0.667329545
1,1,5,4,0.6,22.4,816.0,5100,23,0.0,0,0,57.0,1,14,3,89.47366851339149,0.40350870113882437,0.0,0.0,38.33269445509242,0.39298238719607237,0.600369686
1,1,5,10,0.5,22.4,947.0,3390,23,0.0,0,0,56.5,1,14,3,59.99998938053285,0.407079573968217,0.0,0.0,45.99908001839964,0.39646010682121996,0.499980334
1,1,5,11,0.35,14.61,838.0,7200,23,0.0,0,0,55.0,1,14,3,130.90906710744233,0.4181817421487741,0.0,0.0,65.71240821690809,0.26563631533885174,0.35003125
1,0,5,10,0.8,3.94,0.0,1260,0,0.0,0,0,8.0,1,14,3,157.4998031252461,0.0,0.0,0.0,0.0,0.49249938437576957,0.332359307
1,1,5,2,0.8,51.02,1086.0,4260,27,0.0,0,0,57.0,1,14,3,74.73682899353877,0.47368412742383725,0.0,0.0,33.74957813027337,0.8950875622653399,0.311207464
1,0,5,2,0.8,3.94,0.0,1260,0,0.0,0,0,8.0,1,14,3,157.4998031252461,0.0,0.0,0.0,0.0,0.49249938437576957,0.247316017
2,0,3,4,0.35,4.3,0.0,3600,0,0.0,0,0,20.0,1,15,3,179.999910000045,0.0,0.0,0.0,0.0,0.21499989250005375,0.988636364
2,0,3,10,0.8,3.94,0.0,3420,0,0.0,0,0,19.0,1,15,3,179.99990526320775,0.0,0.0,0.0,0.0,0.20736831191141478,0.953110048
2,0,3,1,0.8,3.94,0.0,1440,0,0.0,0,0,8.0,1,15,3,179.99977500028126,0.0,0.0,0.0,0.0,0.49249938437576957,0.884261364
2,0,3,5,0.65,4.15,0.0,1440,0,0.0,0,0,8.0,1,15,3,179.99977500028126,0.0,0.0,0.0,0.0,0.5187493515633106,0.860653409
2,0,3,9,0.8,3.94,0.0,1440,0,0.0,0,0,8.0,1,15,3,179.99977500028126,0.0,0.0,0.0,0.0,0.49249938437576957,0.858143939
2,1,3,1,0.8,26.16,1160.0,10620,75,0.0,0,0,59.0,1,15,3,179.99996949153058,1.2711862252226735,0.0,0.0,93.74882813964825,0.44338975535766856,0.850502311
2,1,3,8,0.8,25.9,1177.0,8970,60,0.0,0,0,56.5,1,15,3,158.7610338476046,1.0619467146996964,0.0,0.0,74.9990625117186,0.4584069985120356,0.850415628
2,1,3,7,0.8,25.9,1281.0,10170,60,0.0,0,0,56.5,1,15,3,179.99996814159854,1.0619467146996964,0.0,0.0,74.9990625117186,0.4584069985120356,0.850136766
2,1,3,9,0.8,26.16,1369.0,10620,63,0.0,0,0,59.0,1,15,3,179.99996949153058,1.0677964291870459,0.0,0.0,78.74901563730454,0.44338975535766856,0.800117103
2,1,3,6,0.8,11.61,1084.0,4950,38,0.0,0,0,31.5,1,15,3,157.14280725625167,1.206348823381326,0.0,0.0,47.49940625742178,0.368571311564663,0.80003139
2,1,3,12,0.8,11.61,1216.0,4950,50,0.0,0,0,31.5,1,15,3,157.14280725625167,1.5873010833964816,0.0,0.0,62.499218759765505,0.368571311564663,0.80003139
2,1,3,5,0.7,20.79,391.0,10440,0,0.0,0,0,58.0,1,15,3,179.99996896552258,0.0,0.0,0.0,0.0,0.3584482140606527,0.700060345
2,0,3,7,0.8,2.9,0.0,1440,0,0.0,0,0,8.0,1,15,3,179.99977500028126,0.0,0.0,0.0,0.0,0.3624995468755664,0.689299242
2,1,3,3,0.5,22.52,1102.0,10170,30,0.0,0,0,56.5,1,15,3,179.99996814159854,0.5309733573498482,0.0,0.0,59.99880002399953,0.3985840002506194,0.660683293
2,1,3,4,0.65,22.52,872.0,10080,26,0.0,0,0,56.0,1,15,3,179.9999678571486,0.4642856313775658,0.0,0.0,39.99938462485193,0.40214278533164544,0.650130952
2,0,3,8,0.8,2.9,0.0,1440,0,0.0,0,0,8.0,1,15,3,179.99977500028126,0.0,0.0,0.0,0.0,0.3624995468755664,0.606912879
2,1,3,10,0.6,22.52,1076.0,10170,23,0.0,0,0,56.5,1,15,3,179.99996814159854,0.407079573968217,0.0,0.0,38.33269445509242,0.3985840002506194,0.600291767
2,1,3,11,0.5,14.89,917.0,9900,30,0.0,0,0,55.0,1,15,3,179.99996727273322,0.5454544462810097,0.0,0.0,59.99880002399953,0.2707272235041412,0.500025069
2,1,3,2,0.5,22.94,1044.0,9810,23,0.0,0,0,54.5,1,15,3,179.99996697248312,0.422018271189308,0.0,0.0,45.99908001839964,0.42091735396011853,0.499998888
2,0,1,5,0.65,4.15,0.0,2700,0,0.0,0,0,15.0,1,17,3,179.99988000008,0.0,0.0,0.0,0.0,0.2766664822223452,0.98719697
2,0,1,2,0.8,3.94,0.0,1800,0,0.0,0,0,10.0,1,17,3,179.99982000018,0.0,0.0,0.0,0.0,0.393999606000394,0.980909091
2,0,1,10,0.8,3.94,0.0,1440,0,0.0,0,0,8.0,1,17,3,179.99977500028126,0.0,0.0,0.0,0.0,0.49249938437576957,0.974621212
2,0,1,1,0.8,3.94,0.0,1440,0,0.0,0,0,8.0,1,17,3,179.99977500028126,0.0,0.0,0.0,0.0,0.49249938437576957,0.884261364
2,0,1,9,0.8,3.94,0.0,1800,0,0.0,0,0,10.0,1,17,3,179.99982000018,0.0,0.0,0.0,0.0,0.393999606000394,0.82680303
2,1,1,6,0.8,11.41,1067.0,5490,63,0.0,0,0,30.5,1,17,3,179.99994098362592,2.0655730932547236,0.0,0.0,78.74901563730454,0.37409823800057773,0.800343766
2,1,1,12,0.8,11.61,1039.0,5670,63,0.0,0,0,31.5,1,17,3,179.999942857161,1.9999993650795667,0.0,0.0,78.74901563730454,0.368571311564663,0.800246753
2,1,1,7,0.8,25.9,1396.0,10170,50,0.0,0,0,56.5,1,17,3,179.99996814159854,0.8849555955830803,0.0,0.0,62.499218759765505,0.4584069985120356,0.800128721
2,1,1,8,0.8,25.9,1292.0,10170,50,0.0,0,0,56.5,1,17,3,179.99996814159854,0.8849555955830803,0.0,0.0,62.499218759765505,0.4584069985120356,0.800128721
2,1,1,1,0.8,48.68,171.0,10620,63,0.0,0,0,59.0,1,17,3,179.99996949153058,1.0677964291870459,0.0,0.0,78.74901563730454,0.8250846059178634,0.800117103
2,1,1,9,0.8,26.16,1128.0,10620,63,0.0,0,0,59.0,1,17,3,179.99996949153058,1.0677964291870459,0.0,0.0,78.74901563730454,0.44338975535766856,0.800117103
2,1,1,2,0.6,22.94,865.0,6570,23,0.0,0,0,56.5,1,17,3,116.28316525961677,0.407079573968217,0.0,0.0,38.33269445509242,0.4060176272535173,0.77011398
2,1,1,4,0.7,22.52,825.0,10170,50,0.0,0,0,56.5,1,17,3,179.99996814159854,0.8849555955830803,0.0,0.0,71.42755103498523,0.3985840002506194,0.7005417
2,0,1,8,0.8,2.9,0.0,1440,0,0.0,0,0,8.0,1,17,3,179.99977500028126,0.0,0.0,0.0,0.0,0.3624995468755664,0.675568182
2,0,1,7,0.8,2.9,0.0,1440,0,0.0,0,0,8.0,1,17,3,179.99977500028126,0.0,0.0,0.0,0.0,0.3624995468755664,0.661837121
2,1,1,10,0.65,22.52,1163.0,9720,35,0.0,0,0,54.0,1,17,3,179.99996666667283,0.6481480281207355,0.0,0.0,53.84532545653144,0.4170369598079704,0.650198653
2,1,1,3,0.6,22.52,1140.0,10170,30,0.0,0,0,56.5,1,17,3,179.99996814159854,0.5309733573498482,0.0,0.0,49.99916668055533,0.3985840002506194,0.600291767
2,1,1,11,0.6,14.89,1027.0,10080,38,0.0,0,0,56.0,1,17,3,179.9999678571486,0.6785713073979808,0.0,0.0,63.33227779537008,0.2658928096619983,0.600273268
2,0,1,6,0.8,2.9,0.0,900,0,0.0,0,0,5.0,1,17,3,179.99964000072,0.0,0.0,0.0,0.0,0.57999884000232,0.465757576
2,1,1,5,0.7,41.19,1052.0,10440,21,0.0,0,0,58.0,1,17,3,179.99996896552258,0.3620689030915684,0.0,0.0,29.999571434693795,0.7101722913496049,0.452012539
2,0,1,11,0.8,4.15,0.0,1260,0,0.0,0,0,7.0,1,17,3,179.9997428575102,0.0,0.0,0.0,0.0,0.5928562959195773,0.313852814
2,0,2,5,0.6,4.15,0.0,1440,0,0.0,0,0,8.0,1,18,3,179.99977500028126,0.0,0.0,0.0,0.0,0.5187493515633106,0.852793561
2,0,2,11,0.65,4.15,0.0,2160,0,0.0,0,0,12.0,1,18,3,179.999850000125,0.0,0.0,0.0,0.0,0.3458330451391291,0.838383838
2,0,2,6,0.8,2.9,0.0,1800,0,0.0,0,0,10.0,1,18,3,179.99982000018,0.0,0.0,0.0,0.0,0.28999971000029,0.804848485
2,1,2,6,0.8,11.41,1140.0,5490,63,0.0,0,0,30.5,1,18,3,179.99994098362592,2.0655730932547236,0.0,0.0,78.74901563730454,0.37409823800057773,0.800343766
2,1,2,7,0.8,48.84,624.0,10170,50,0.0,0,0,56.5,1,18,3,179.99996814159854,0.8849555955830803,0.0,0.0,62.499218759765505,0.864424625765553,0.800128721
2,1,2,8,0.8,25.9,1288.0,10170,38,0.0,0,0,56.5,1,18,3,179.99996814159854,0.6725662526431411,0.0,0.0,47.49940625742178,0.4584069985120356,0.800128721
2,1,2,9,0.8,26.16,1381.0,3660,50,0.0,0,0,59.0,1,18,3,62.03388779086647,0.8474574834817824,0.0,0.0,62.499218759765505,0.44338975535766856,0.800015009
2,1,2,4,0.7,22.52,882.0,10170,50,0.0,0,0,56.5,1,18,3,179.99996814159854,0.8849555955830803,0.0,0.0,71.42755103498523,0.3985840002506194,0.7005417
2,1,2,10,0.7,22.52,1002.0,10080,40,0.0,0,0,56.0,1,18,3,179.9999678571486,0.7142855867347166,0.0,0.0,57.142040827988176,0.40214278533164544,0.700094156
2,0,2,7,0.8,2.9,0.0,1440,0,0.0,0,0,8.0,1,18,3,179.99977500028126,0.0,0.0,0.0,0.0,0.3624995468755664,0.692045455
2,1,2,12,0.8,26.87,585.0,5670,56,0.0,0,0,31.5,1,18,3,179.999942857161,1.7777772134040593,0.0,0.0,69.99912501093736,0.8530156022172691,0.662255892
2,1,2,3,0.65,22.52,1138.0,10170,35,0.0,0,0,56.5,1,18,3,179.99996814159854,0.6194689169081563,0.0,0.0,53.84532545653144,0.3985840002506194,0.650416734
2,1,2,11,0.65,14.89,1140.0,10260,44,0.0,0,0,57.0,1,18,3,179.99996842105816,0.7719296891351423,0.0,0.0,67.69126628821095,0.26122802434596065,0.650299575
2,1,2,2,0.65,22.94,1025.0,10170,26,0.0,0,0,56.5,1,18,3,179.99996814159854,0.4601769097032018,0.0,0.0,39.99938462485193,0.4060176272535173,0.650243497
2,0,2,8,0.8,2.9,0.0,1440,0,0.0,0,0,8.0,1,18,3,179.99977500028126,0.0,0.0,0.0,0.0,0.3624995468755664,0.639867424
2,1,2,5,0.6,20.4,1031.0,10440,30,0.0,0,0,58.0,1,18,3,179.99996896552258,0.517241290130812,0.0,0.0,49.99916668055533,0.35172407728895216,0.600062696
2,0,2,9,0.8,3.94,0.0,1800,0,0.0,0,0,10.0,1,18,3,179.99982000018,0.0,0.0,0.0,0.0,0.393999606000394,0.582045455
2,1,2,1,0.8,49.1,1381.0,10350,24,0.0,0,0,57.5,1,18,3,179.9999686956576,0.41739123175804665,0.0,0.0,29.99962500468744,0.8539128949716704,0.403242161
2,0,2,10,0.7,3.94,0.0,1440,0,0.0,0,0,8.0,1,18,3,179.99977500028126,0.0,0.0,0.0,0.0,0.49249938437576957,0.235795455
2,0,0,4,0.7,4.3,0.0,5040,0,0.0,0,0,28.0,1,19,4,179.99993571430866,0.0,0.0,0.0,0.0,0.15357137372450938,0.977272727
2,0,0,9,0.8,3.94,0.0,1800,0,0.0,0,0,10.0,1,19,4,179.99982000018,0.0,0.0,0.0,0.0,0.393999606000394,0.964106061
2,0,0,5,0.65,4.15,0.0,1440,0,0.0,0,0,8.0,1,19,4,179.99977500028126,0.0,0.0,0.0,0.0,0.5187493515633106,0.958901515
2,1,0,6,0.8,11.41,1028.0,4380,50,0.0,0,0,31.0,1,19,4,141.29027700313645,1.6129027055152563,0.0,0.0,62.499218759765505,0.3680643973985815,0.800358775
2,1,0,8,0.8,25.9,1380.0,3630,50,0.0,0,0,56.5,1,19,4,64.24777623933164,0.8849555955830803,0.0,0.0,62.499218759765505,0.4584069985120356,0.800162602
2,1,0,9,0.8,26.16,1196.0,10620,63,0.0,0,0,59.0,1,19,4,179.99996949153058,1.0677964291870459,0.0,0.0,78.74901563730454,0.44338975535766856,0.800117103
2,0,0,12,0.8,2.9,0.0,1440,0,0.0,0,0,8.0,1,19,4,179.99977500028126,0.0,0.0,0.0,0.0,0.3624995468755664,0.793844697
2,1,0,2,0.7,22.94,1006.0,10170,38,0.0,0,0,56.5,1,19,4,179.99996814159854,0.6725662526431411,0.0,0.0,54.28493878658877,0.4060176272535173,0.750517565
2,1,0,4,0.7,22.52,930.0,10260,63,0.0,0,0,57.0,1,19,4,179.99996842105816,1.1052629639889535,0.0,0.0,89.99871430408137,0.39508764998462276,0.750068049
2,1,0,3,0.7,22.52,1095.0,10170,50,0.0,0,0,56.5,1,19,4,179.99996814159854,0.8849555955830803,0.0,0.0,71.42755103498523,0.3985840002506194,0.750062751
2,1,0,10,0.7,22.52,938.0,10080,63,0.0,0,0,56.0,1,19,4,179.9999678571486,1.1249997991071787,0.0,0.0,89.99871430408137,0.40214278533164544,0.750057359
2,1,0,11,0.7,14.89,1484.0,10260,50,0.0,0,0,57.0,1,19,4,179.99996842105816,0.8771928285626616,0.0,0.0,71.42755103498523,0.26122802434596065,0.700170388
2,0,0,8,0.8,2.9,0.0,1440,0,0.0,0,0,8.0,1,19,4,179.99977500028126,0.0,0.0,0.0,0.0,0.3624995468755664,0.683806818
2,1,0,5,0.65,20.4,1255.0,8280,35,0.0,0,0,58.0,1,19,4,142.7585960761041,0.6034481718192807,0.0,0.0,53.84532545653144,0.35172407728895216,0.650066445
2,1,0,7,0.8,48.84,1040.0,10260,30,0.0,0,0,57.0,1,19,4,179.99996842105816,0.526315697137597,0.0,0.0,37.4995312558593,0.8568419549400079,0.576460393
2,1,0,1,0.5,22.94,1492.0,10170,30,0.0,0,0,56.5,1,19,4,179.99996814159854,0.5309733573498482,0.0,0.0,59.99880002399953,0.4060176272535173,0.549969429
2,0,0,10,0.7,3.94,0.0,1440,0,0.0,0,0,8.0,1,19,4,179.99977500028126,0.0,0.0,0.0,0.0,0.49249938437576957,0.538399621
2,0,0,11,0.7,4.15,0.0,1440,0,0.0,0,0,8.0,1,19,4,179.99977500028126,0.0,0.0,0.0,0.0,0.5187493515633106,0.409545455
2,1,0,12,0.35,15.26,1111.0,6120,23,0.0,0,0,34.0,1,19,4,179.9999470588391,0.6764703892734149,0.0,0.0,65.71240821690809,0.4488233974048831,0.35021836
2,0,4,5,0.7,4.15,0.0,1440,0,0.0,0,0,8.0,1,20,4,179.99977500028126,0.0,0.0,0.0,0.0,0.5187493515633106,1.033570076
2,1,4,6,0.8,11.41,1047.0,5580,63,0.0,0,0,31.0,1,20,4,179.9999419355026,2.032257408949223,0.0,0.0,78.74901563730454,0.3680643973985815,0.800261486
2,1,4,8,0.8,25.9,1434.0,10170,50,0.0,0,0,56.5,1,20,4,179.99996814159854,0.8849555955830803,0.0,0.0,62.499218759765505,0.4584069985120356,0.800128721
2,1,4,9,0.8,26.16,399.0,10620,63,0.0,0,0,59.0,1,20,4,179.99996949153058,1.0677964291870459,0.0,0.0,78.74901563730454,0.44338975535766856,0.800117103
2,1,4,4,0.7,22.52,983.0,10260,63,0.0,0,0,57.0,1,20,4,179.99996842105816,1.1052629639889535,0.0,0.0,89.99871430408137,0.39508764998462276,0.750068049
2,1,4,10,0.7,22.52,1108.0,10080,63,0.0,0,0,56.0,1,20,4,179.9999678571486,1.1249997991071787,0.0,0.0,89.99871430408137,0.40214278533164544,0.750057359
2,1,4,3,0.7,22.52,1134.0,8460,50,0.0,0,0,57.0,1,20,4,148.42102659280235,0.8771928285626616,0.0,0.0,71.42755103498523,0.39508764998462276,0.750037968
2,1,4,2,0.7,22.94,1363.0,10260,50,0.0,0,0,57.0,1,20,4,179.99996842105816,0.8771928285626616,0.0,0.0,71.42755103498523,0.40245606974454917,0.750031898
2,0,4,9,0.8,3.94,0.0,1800,0,0.0,0,0,10.0,1,20,4,179.99982000018,0.0,0.0,0.0,0.0,0.393999606000394,0.72830303
2,1,4,11,0.7,14.89,1501.0,10260,50,0.0,0,0,57.0,1,20,4,179.99996842105816,0.8771928285626616,0.0,0.0,71.42755103498523,0.26122802434596065,0.700170388
2,1,4,5,0.7,20.4,1352.0,10260,50,0.0,0,0,57.0,1,20,4,179.99996842105816,0.8771928285626616,0.0,0.0,71.42755103498523,0.3578946740535659,0.700063796
2,0,4,8,0.8,2.9,0.0,1440,0,0.0,0,0,8.0,1,20,4,179.99977500028126,0.0,0.0,0.0,0.0,0.3624995468755664,0.639867424
2,1,4,12,0.5,15.26,1352.0,3720,23,0.0,0,0,34.0,1,20,4,109.41173252596101,0.6764703892734149,0.0,0.0,45.99908001839964,0.4488233974048831,0.500290419
2,1,4,7,0.35,22.94,1450.0,10080,30,0.0,0,0,56.0,1,20,4,179.9999678571486,0.5357141900510375,0.0,0.0,85.71183680466272,0.40964278399236,0.400332792
2,0,4,11,0.7,4.15,0.0,2700,0,0.0,0,0,15.0,1,20,4,179.99988000008,0.0,0.0,0.0,0.0,0.2766664822223452,0.362666667
2,0,5,4,0.75,4.3,0.0,6000,0,0.0,0,0,20.0,1,21,4,299.999850000075,0.0,0.0,0.0,0.0,0.21499989250005375,0.978525641
2,0,5,2,0.7,3.94,0.0,5100,0,0.0,0,0,17.0,1,21,4,299.9998235295156,0.0,0.0,0.0,0.0,0.2317645695502532,0.912202112
2,1,5,4,0.75,22.52,825.0,10080,94,0.0,0,0,56.0,1,21,4,179.9999678571486,1.678571128826584,0.0,0.0,125.33166224450342,0.40214278533164544,0.900556277
2,1,5,6,0.8,11.61,916.0,5760,75,0.0,0,0,89.0,1,21,4,64.7190938517872,0.8426965345284793,0.0,0.0,93.74882813964825,0.13044942354500857,0.850410511
2,0,5,9,0.8,3.94,0.0,2400,0,0.0,0,0,8.0,1,21,4,299.99962500046877,0.0,0.0,0.0,0.0,0.49249938437576957,0.827147436
2,1,5,8,0.8,25.9,562.0,7470,38,0.0,0,0,56.5,1,21,4,132.2123659801122,0.6725662526431411,0.0,0.0,47.49940625742178,0.4584069985120356,0.800436542
2,1,5,2,0.7,22.94,1422.0,10500,60,0.0,0,0,57.0,1,21,4,184.21049399815894,1.052631394275194,0.0,0.0,85.71306124198227,0.40245606974454917,0.800415742
2,1,5,10,0.7,22.52,1206.0,10080,75,0.0,0,0,56.0,1,21,4,179.9999678571486,1.3392854751275935,0.0,0.0,107.14132655247784,0.40214278533164544,0.800020563
2,0,5,5,0.7,4.15,0.0,2400,0,0.0,0,0,8.0,1,21,4,299.99962500046877,0.0,0.0,0.0,0.0,0.5187493515633106,0.758173077
2,1,5,5,0.7,20.4,1404.0,10440,50,0.0,0,0,58.0,1,21,4,179.99996896552258,0.8620688168846867,0.0,0.0,71.42755103498523,0.35172407728895216,0.750344828
2,1,5,3,0.7,22.52,1139.0,10260,63,0.0,0,0,57.0,1,21,4,179.99996842105816,1.1052629639889535,0.0,0.0,89.99871430408137,0.39508764998462276,0.750068049
2,1,5,11,0.7,14.89,1735.0,10260,50,0.0,0,0,57.0,1,21,4,179.99996842105816,0.8771928285626616,0.0,0.0,71.42755103498523,0.26122802434596065,0.700170388
2,1,5,1,0.65,22.94,1595.0,10260,34,0.0,0,0,57.0,1,21,4,179.99996842105816,0.5964911234226099,0.0,0.0,52.30688758634483,0.40245606974454917,0.700029771
2,1,5,12,0.6,15.26,1245.0,6360,23,0.0,0,0,34.0,1,21,4,187.0587685121269,0.6764703892734149,0.0,0.0,38.33269445509242,0.4488233974048831,0.60017284
2,0,5,8,0.8,2.9,0.0,2400,0,0.0,0,0,8.0,1,21,4,299.99962500046877,0.0,0.0,0.0,0.0,0.3624995468755664,0.594871795
2,1,5,9,0.8,54.56,757.0,4140,29,0.0,0,0,58.0,1,21,4,71.37929803805206,0.4999999137931183,0.0,0.0,36.24954688066399,0.9406894929845702,0.520237649
2,0,5,1,0.65,3.94,0.0,2400,0,0.0,0,0,8.0,1,21,4,299.99962500046877,0.0,0.0,0.0,0.0,0.49249938437576957,0.505128205
2,1,5,7,0.5,22.52,1720.0,10080,23,0.0,0,0,56.0,1,21,4,179.9999678571486,0.41071421237246203,0.0,0.0,45.99908001839964,0.40214278533164544,0.500241342
2,0,5,11,0.7,4.15,0.0,2700,0,0.0,0,0,9.0,1,21,4,299.99966666703705,0.0,0.0,0.0,0.0,0.4611105987660014,0.470769231
3,0,3,7,0.6,3.94,0.0,6000,0,0.0,0,0,10.0,1,22,4,599.9994000006001,0.0,0.0,0.0,0.0,0.393999606000394,0.957638889
3,0,3,10,0.75,3.94,0.0,8400,0,0.0,0,0,14.0,1,22,4,599.9995714288775,0.0,0.0,0.0,0.0,0.28142837040830687,0.940701058
3,1,3,4,0.75,22.52,759.0,10080,81,0.0,0,0,56.0,1,22,4,179.9999678571486,1.446428313137801,0.0,0.0,107.99856001919974,0.40214278533164544,0.849983766
3,1,3,2,0.7,22.94,1510.0,10620,60,0.0,0,0,57.0,1,22,4,186.31575678670933,1.052631394275194,0.0,0.0,85.71306124198227,0.40245606974454917,0.800302791
3,1,3,6,0.8,11.61,955.0,6360,63,0.0,0,0,32.0,1,22,4,198.7499378906444,1.968749384765817,0.0,0.0,78.74901563730454,0.36281238662112913,0.800191989
3,1,3,10,0.75,22.52,1328.0,10080,55,0.0,0,0,56.0,1,22,4,179.9999678571486,0.9821426817602353,0.0,0.0,73.33235556859242,0.40214278533164544,0.800020563
3,1,3,1,0.7,22.94,1384.0,12180,63,0.0,0,0,57.0,1,22,4,213.68417303786435,1.1052629639889535,0.0,0.0,89.99871430408137,0.40245606974454917,0.750162367
3,1,3,3,0.7,22.52,1244.0,10260,63,0.0,0,0,57.0,1,22,4,179.99996842105816,1.1052629639889535,0.0,0.0,89.99871430408137,0.39508764998462276,0.750068049
3,0,3,5,0.7,4.15,0.0,9000,0,0.0,0,0,15.0,1,22,4,599.9996000002667,0.0,0.0,0.0,0.0,0.2766664822223452,0.742901235
3,1,3,5,0.7,20.4,1480.0,10440,40,0.0,0,0,58.0,1,22,4,179.99996896552258,0.6896550535077494,0.0,0.0,57.142040827988176,0.35172407728895216,0.700250784
3,1,3,11,0.7,14.89,1863.0,10260,50,0.0,0,0,57.0,1,22,4,179.99996842105816,0.8771928285626616,0.0,0.0,71.42755103498523,0.26122802434596065,0.700170388
3,0,3,4,0.75,4.3,0.0,9000,0,0.0,0,0,15.0,1,22,4,599.9996000002667,0.0,0.0,0.0,0.0,0.286666475555683,0.670216049
3,0,3,1,0.7,3.94,0.0,15000,0,0.0,0,0,25.0,1,22,4,599.999760000096,0.0,0.0,0.0,0.0,0.15759993696002522,0.649662222
3,0,3,2,0.7,3.94,0.0,15000,0,0.0,0,0,25.0,1,22,4,599.999760000096,0.0,0.0,0.0,0.0,0.15759993696002522,0.649662222
3,0,3,6,0.8,2.9,0.0,4800,0,0.0,0,0,8.0,1,22,4,599.9992500009375,0.0,0.0,0.0,0.0,0.3624995468755664,0.626822917
3,1,3,12,0.6,15.26,1492.0,6960,23,0.0,0,0,34.0,1,22,4,204.70582214534642,0.6764703892734149,0.0,0.0,38.33269445509242,0.4488233974048831,0.600436426
3,1,3,7,0.6,22.52,1859.0,10260,23,0.0,0,0,57.0,1,22,4,179.99996842105816,0.40350870113882437,0.0,0.0,38.33269445509242,0.39508764998462276,0.60041361
3,1,3,8,0.8,40.99,980.0,10770,30,0.0,0,0,56.5,1,22,4,190.61943528859553,0.5309733573498482,0.0,0.0,37.4995312558593,0.7254865972590093,0.555500132
3,1,3,9,0.5,29.12,970.0,10440,30,0.0,0,0,58.0,1,22,4,179.99996896552258,0.517241290130812,0.0,0.0,59.99880002399953,0.5020688789536415,0.500547544
3,0,3,3,0.7,3.94,0.0,12000,0,0.0,0,0,20.0,1,22,4,599.99970000015,0.0,0.0,0.0,0.0,0.19699990150004926,0.460578704
3,0,3,8,0.8,2.9,0.0,4800,0,0.0,0,0,8.0,1,22,4,599.9992500009375,0.0,0.0,0.0,0.0,0.3624995468755664,0.397743056
3,0,3,12,0.6,4.08,0.0,5400,0,0.0,0,0,9.0,1,22,4,599.9993333340741,0.0,0.0,0.0,0.0,0.45333282963018934,0.327407407
3,0,1,5,0.7,4.15,0.0,2700,0,0.0,0,0,15.0,1,24,4,179.99988000008,0.0,0.0,0.0,0.0,0.2766664822223452,0.966666667
3,0,1,10,0.75,3.94,0.0,1800,0,0.0,0,0,10.0,1,24,4,179.99982000018,0.0,0.0,0.0,0.0,0.393999606000394,0.937242424
3,0,1,8,0.8,2.9,0.0,1620,0,0.0,0,0,9.0,1,24,4,179.99980000022222,0.0,0.0,0.0,0.0,0.3222218641979287,0.910521886
3,1,1,2,0.75,22.94,1606.0,10260,94,0.0,0,0,57.0,1,24,4,179.99996842105816,1.6491225176978037,0.0,0.0,125.33166224450342,0.40245606974454917,0.90064806
3,1,1,4,0.75,22.52,727.0,10260,94,0.0,0,0,57.0,1,24,4,179.99996842105816,1.6491225176978037,0.0,0.0,125.33166224450342,0.39508764998462276,0.900321106
3,0,1,11,0.75,4.15,0.0,1800,0,0.0,0,0,10.0,1,24,4,179.99982000018,0.0,0.0,0.0,0.0,0.41499958500041506,0.896022727
3,0,1,3,0.75,3.94,0.0,1440,0,0.0,0,0,8.0,1,24,4,179.99977500028126,0.0,0.0,0.0,0.0,0.49249938437576957,0.895454545
3,0,1,7,0.65,3.94,0.0,2160,0,0.0,0,0,12.0,1,24,4,179.999850000125,0.0,0.0,0.0,0.0,0.32833305972245025,0.870580808
3,0,1,12,0.7,4.08,0.0,1620,0,0.0,0,0,9.0,1,24,4,179.99980000022222,0.0,0.0,0.0,0.0,0.45333282963018934,0.858585859
3,1,1,1,0.7,22.94,1472.0,10260,75,0.0,0,0,57.0,1,24,4,179.99996842105816,1.3157892428439923,0.0,0.0,107.14132655247784,0.40245606974454917,0.800643806
3,1,1,10,0.75,22.52,1332.0,10080,69,0.0,0,0,56.0,1,24,4,179.9999678571486,1.2321426371173863,0.0,0.0,91.99877334968868,0.40214278533164544,0.80062987
3,1,1,6,0.8,11.61,1009.0,5640,63,0.0,0,0,32.0,1,24,4,176.2499449218922,1.968749384765817,0.0,0.0,78.74901563730454,0.36281238662112913,0.800537143
3,1,1,3,0.75,22.52,1266.0,10260,69,0.0,0,0,57.0,1,24,4,179.99996842105816,1.210526103416473,0.0,0.0,91.99877334968868,0.39508764998462276,0.80035194
3,1,1,12,0.75,15.26,1316.0,6120,40,0.0,0,0,34.0,1,24,4,179.9999470588391,1.1764702422146345,0.0,0.0,53.33262223170358,0.4488233974048831,0.750079323
3,1,1,11,0.75,42.97,1282.0,10260,56,0.0,0,0,57.0,1,24,4,179.99996842105816,0.982455967990181,0.0,0.0,74.66567112438501,0.7538595168667513,0.750041201
3,1,1,5,0.7,20.4,1382.0,10440,50,0.0,0,0,58.0,1,24,4,179.99996896552258,0.8620688168846867,0.0,0.0,71.42755103498523,0.35172407728895216,0.700250784
3,0,1,4,0.75,4.3,0.0,2160,0,0.0,0,0,12.0,1,24,4,179.999850000125,0.0,0.0,0.0,0.0,0.3583330347224711,0.651515152
3,1,1,7,0.65,22.52,1295.0,10170,26,0.0,0,0,56.5,1,24,4,179.99996814159854,0.4601769097032018,0.0,0.0,39.99938462485193,0.3985840002506194,0.650416734
3,1,1,9,0.6,29.12,925.0,6660,23,0.0,0,0,58.0,1,24,4,114.82756640904027,0.3965516557669559,0.0,0.0,38.33269445509242,0.5020688789536415,0.600125217
3,0,1,2,0.75,3.94,0.0,1440,0,0.0,0,0,8.0,1,24,4,179.99977500028126,0.0,0.0,0.0,0.0,0.49249938437576957,0.578314394
3,0,1,1,0.7,3.94,0.0,1440,0,0.0,0,0,8.0,1,24,4,179.99977500028126,0.0,0.0,0.0,0.0,0.49249938437576957,0.578314394
3,1,1,8,0.35,15.09,1448.0,9360,23,0.0,0,0,52.0,1,24,4,179.99996538462204,0.442307607248537,0.0,0.0,65.71240821690809,0.29019225188610537,0.34998951
3,0,1,9,0.6,3.94,0.0,1440,0,0.0,0,0,8.0,1,24,4,179.99977500028126,0.0,0.0,0.0,0.0,0.49249938437576957,0.261174242
3,0,2,5,0.7,4.15,0.0,3060,0,0.0,0,0,17.0,1,25,4,179.99989411770935,0.0,0.0,0.0,0.0,0.2441175034602921,0.973796791
3,0,2,2,0.75,3.94,0.0,1440,0,0.0,0,0,8.0,1,25,4,179.99977500028126,0.0,0.0,0.0,0.0,0.49249938437576957,0.970075758
3,0,2,1,0.7,3.94,0.0,1440,0,0.0,0,0,8.0,1,25,4,179.99977500028126,0.0,0.0,0.0,0.0,0.49249938437576957,0.970075758
3,0,2,3,0.75,3.94,0.0,1620,0,0.0,0,0,9.0,1,25,4,179.99980000022222,0.0,0.0,0.0,0.0,0.4377772913585652,0.961784512
3,0,2,10,0.75,3.94,0.0,3420,0,0.0,0,0,19.0,1,25,4,179.99990526320775,0.0,0.0,0.0,0.0,0.20736831191141478,0.955151515
3,0,2,4,0.75,4.3,0.0,2160,0,0.0,0,0,12.0,1,25,4,179.999850000125,0.0,0.0,0.0,0.0,0.3583330347224711,0.952020202
3,1,2,4,0.75,22.52,867.0,10260,94,0.0,0,0,57.0,1,25,4,179.99996842105816,1.6491225176978037,0.0,0.0,125.33166224450342,0.39508764998462276,0.900321106
3,1,2,2,0.75,22.94,1636.0,10530,81,0.0,0,0,58.5,1,25,4,179.99996923077447,1.3846151479290345,0.0,0.0,107.99856001919974,0.3921366851048402,0.850223776
3,1,2,1,0.7,22.94,1682.0,10530,75,0.0,0,0,58.5,1,25,4,179.99996923077447,1.2820510628972541,0.0,0.0,107.14132655247784,0.3921366851048402,0.800909609
3,1,2,3,0.75,22.52,1495.0,10350,55,0.0,0,0,57.5,1,25,4,179.9999686956576,0.9565215727788569,0.0,0.0,73.33235556859242,0.3916521057996337,0.800513307
3,1,2,6,0.8,11.61,1181.0,5760,63,0.0,0,0,32.0,1,25,4,179.99994375001756,1.968749384765817,0.0,0.0,78.74901563730454,0.36281238662112913,0.800386364
3,1,2,10,0.75,22.52,1413.0,10080,69,0.0,0,0,56.0,1,25,4,179.9999678571486,1.2321426371173863,0.0,0.0,91.99877334968868,0.40214278533164544,0.800020563
3,0,2,7,0.65,3.94,0.0,2520,0,0.0,0,0,14.0,1,25,4,179.99987142866328,0.0,0.0,0.0,0.0,0.28142837040830687,0.749188312
3,1,2,7,0.7,22.52,360.0,10170,40,0.0,0,0,56.5,1,25,4,179.99996814159854,0.7079644764664643,0.0,0.0,57.142040827988176,0.3985840002506194,0.7005417
3,1,2,12,0.7,15.26,1296.0,6120,40,0.0,0,0,34.0,1,25,4,179.9999470588391,1.1764702422146345,0.0,0.0,57.142040827988176,0.4488233974048831,0.70043672
3,1,2,5,0.7,20.4,1217.0,10440,50,0.0,0,0,58.0,1,25,4,179.99996896552258,0.8620688168846867,0.0,0.0,71.42755103498523,0.35172407728895216,0.700250784
3,1,2,9,0.65,29.12,1086.0,10440,26,0.0,0,0,58.0,1,25,4,179.99996896552258,0.4482757847800371,0.0,0.0,39.99938462485193,0.5020688789536415,0.650407524
3,0,2,12,0.7,4.08,0.0,1620,0,0.0,0,0,9.0,1,25,4,179.99980000022222,0.0,0.0,0.0,0.0,0.45333282963018934,0.618181818
3,1,2,11,0.75,42.97,532.0,10260,40,0.0,0,0,57.0,1,25,4,179.99996842105816,0.7017542628501293,0.0,0.0,53.33262223170358,0.7538595168667513,0.59114168
3,1,2,8,0.5,15.09,1557.0,720,23,0.0,0,0,52.0,1,25,4,13.846151183432465,0.442307607248537,0.0,0.0,45.99908001839964,0.29019225188610537,0.500061916
3,0,2,8,0.8,2.9,0.0,720,0,0.0,0,0,4.0,1,25,4,179.99955000112502,0.0,0.0,0.0,0.0,0.7249981875045313,0.329545455
3,0,0,3,0.75,3.94,0.0,1800,0,0.0,0,0,10.0,1,26,5,179.99982000018,0.0,0.0,0.0,0.0,0.393999606000394,1.059621212
3,0,0,10,0.75,3.94,0.0,3780,0,0.0,0,0,21.0,1,26,5,179.9999142857551,0.0,0.0,0.0,0.0,0.18761895827668654,0.997792208
3,0,0,4,0.75,4.3,0.0,2160,0,0.0,0,0,12.0,1,26,5,179.999850000125,0.0,0.0,0.0,0.0,0.3583330347224711,0.963699495
3,0,0,5,0.7,4.15,0.0,2700,0,0.0,0,0,15.0,1,26,5,179.99988000008,0.0,0.0,0.0,0.0,0.2766664822223452,0.959191919
3,0,0,2,0.75,3.94,0.0,1800,0,0.0,0,0,10.0,1,26,5,179.99982000018,0.0,0.0,0.0,0.0,0.393999606000394,0.910378788
3,0,0,1,0.7,3.94,0.0,1800,0,0.0,0,0,10.0,1,26,5,179.99982000018,0.0,0.0,0.0,0.0,0.393999606000394,0.910378788
3,1,0,4,0.8,22.52,1016.0,10170,60,0.0,0,0,56.5,1,26,5,179.99996814159854,1.0619467146996964,0.0,0.0,74.9990625117186,0.3985840002506194,0.850312684
3,1,0,6,0.8,11.61,1072.0,5760,50,0.0,0,0,32.0,1,26,5,179.99994375001756,1.5624995117189024,0.0,0.0,62.499218759765505,0.36281238662112913,0.800386364
3,1,0,3,0.75,22.52,1584.0,10260,69,0.0,0,0,57.0,1,26,5,179.99996842105816,1.210526103416473,0.0,0.0,91.99877334968868,0.39508764998462276,0.80035194
3,1,0,2,0.75,22.94,1764.0,10260,55,0.0,0,0,57.0,1,26,5,179.99996842105816,0.9649121114189277,0.0,0.0,73.33235556859242,0.40245606974454917,0.800034024
3,1,0,1,0.7,22.94,1745.0,10440,60,0.0,0,0,58.0,1,26,5,179.99996896552258,1.034482580261624,0.0,0.0,85.71306124198227,0.39551717318669427,0.800023511
3,1,0,10,0.75,22.52,1250.0,10080,55,0.0,0,0,56.0,1,26,5,179.9999678571486,0.9821426817602353,0.0,0.0,73.33235556859242,0.40214278533164544,0.800020563
3,0,0,12,0.7,4.08,0.0,1620,0,0.0,0,0,9.0,1,26,5,179.99980000022222,0.0,0.0,0.0,0.0,0.45333282963018934,0.769292929
3,1,0,5,0.75,20.4,1118.0,10320,56,0.0,0,0,58.0,1,26,5,177.93100380499934,0.9655170749108491,0.0,0.0,74.66567112438501,0.35172407728895216,0.750031447
3,1,0,9,0.7,29.12,1143.0,10440,40,0.0,0,0,58.0,1,26,5,179.99996896552258,0.6896550535077494,0.0,0.0,57.142040827988176,0.5020688789536415,0.70061442
3,1,0,12,0.7,15.26,1337.0,6120,40,0.0,0,0,34.0,1,26,5,179.9999470588391,1.1764702422146345,0.0,0.0,57.142040827988176,0.4488233974048831,0.70043672
3,0,0,7,0.65,3.94,0.0,1440,0,0.0,0,0,8.0,1,26,5,179.99977500028126,0.0,0.0,0.0,0.0,0.49249938437576957,0.646306818
3,1,0,8,0.6,15.09,1519.0,360,23,0.0,0,0,52.0,1,26,5,6.923075591716232,0.442307607248537,0.0,0.0,38.33269445509242,0.29019225188610537,0.600143365
3,1,0,11,0.35,28.08,749.0,10260,23,0.0,0,0,57.0,1,26,5,179.99996842105816,0.40350870113882437,0.0,0.0,65.71240821690809,0.49263149252079075,0.350066986
3,0,4,10,0.8,3.94,0.0,1440,0,0.0,0,0,12.0,1,27,5,119.99990000008334,0.0,0.0,0.0,0.0,0.32833305972245025,0.979527778
3,0,4,4,0.8,4.3,0.0,1440,0,0.0,0,0,12.0,1,27,5,119.99990000008334,0.0,0.0,0.0,0.0,0.3583330347224711,0.940625
3,0,4,5,0.5,4.15,0.0,1440,0,0.0,0,0,12.0,1,27,5,119.99990000008334,0.0,0.0,0.0,0.0,0.3458330451391291,0.926388889
3,1,4,10,0.8,22.52,1134.0,6720,70,0.0,0,0,56.0,1,27,5,119.9999785714324,1.249999776785754,0.0,0.0,87.4989062636717,0.40214278533164544,0.900129762
3,0,4,3,0.75,3.94,0.0,1440,0,0.0,0,0,12.0,1,27,5,119.99990000008334,0.0,0.0,0.0,0.0,0.32833305972245025,0.861875
3,1,4,4,0.8,22.52,1106.0,6780,60,0.0,0,0,56.5,1,27,5,119.9999787610657,1.0619467146996964,0.0,0.0,74.9990625117186,0.3985840002506194,0.850312684
3,0,4,8,0.65,3.94,0.0,960,0,0.0,0,0,8.0,1,27,5,119.99985000018751,0.0,0.0,0.0,0.0,0.49249938437576957,0.845458333
3,0,4,12,0.7,4.15,0.0,1080,0,0.0,0,0,9.0,1,27,5,119.99986666681482,0.0,0.0,0.0,0.0,0.4611105987660014,0.823555556
3,0,4,7,0.5,4.15,0.0,960,0,0.0,0,0,8.0,1,27,5,119.99985000018751,0.0,0.0,0.0,0.0,0.5187493515633106,0.803541667
3,1,4,1,0.75,22.94,1871.0,6960,55,0.0,0,0,58.0,1,27,5,119.9999793103484,0.9482756985731554,0.0,0.0,73.33235556859242,0.39551717318669427,0.800263218
3,0,4,2,0.75,3.94,0.0,1200,0,0.0,0,0,10.0,1,27,5,119.99988000012,0.0,0.0,0.0,0.0,0.393999606000394,0.788
3,0,4,1,0.75,3.94,0.0,1200,0,0.0,0,0,10.0,1,27,5,119.99988000012,0.0,0.0,0.0,0.0,0.393999606000394,0.77815
3,1,4,9,0.7,29.12,1294.0,6960,50,0.0,0,0,58.0,1,27,5,119.9999793103484,0.8620688168846867,0.0,0.0,71.42755103498523,0.5020688789536415,0.700386207
3,1,4,12,0.7,15.26,1462.0,4080,40,0.0,0,0,34.0,1,27,5,119.99996470589272,1.1764702422146345,0.0,0.0,57.142040827988176,0.4488233974048831,0.700164706
3,1,4,8,0.65,15.09,976.0,240,23,0.0,0,0,52.0,1,27,5,4.615383727810821,0.442307607248537,0.0,0.0,35.38407101429209,0.29019225188610537,0.650307143
3,1,4,6,0.8,30.4,338.0,3840,34,0.0,0,0,32.0,1,27,5,119.9999625000117,1.0624996679688536,0.0,0.0,42.49946875664054,0.9499997031250926,0.622828125
3,0,4,6,0.8,2.9,0.0,960,0,0.0,0,0,8.0,1,27,5,119.99985000018751,0.0,0.0,0.0,0.0,0.3624995468755664,0.6225
3,1,4,5,0.5,20.79,1455.0,6960,30,0.0,0,0,58.0,1,27,5,119.9999793103484,0.517241290130812,0.0,0.0,59.99880002399953,0.3584482140606527,0.500035345
3,1,4,11,0.5,48.18,1282.0,6480,23,0.0,0,0,54.0,1,27,5,119.99997777778188,0.425925847050769,0.0,0.0,45.99908001839964,0.8922220569959153,0.37046657
3,1,5,2,0.8,22.52,1559.0,6840,90,0.0,0,0,57.0,1,28,5,119.99997894737211,1.578947091412791,0.0,0.0,112.4985937675779,0.39508764998462276,1.000230409
3,1,5,3,0.8,22.52,1350.0,6840,113,0.0,0,0,57.0,1,28,5,119.99997894737211,1.9824557925516153,0.0,0.0,141.24823439707004,0.39508764998462276,1.000230409
3,0,5,6,0.35,2.9,0.0,1800,0,0.0,0,0,15.0,1,28,5,119.99992000005334,0.0,0.0,0.0,0.0,0.19333320444453037,0.977555556
3,0,5,1,0.75,3.94,0.0,1200,0,0.0,0,0,10.0,1,28,5,119.99988000012,0.0,0.0,0.0,0.0,0.393999606000394,0.9456
3,0,5,2,0.8,3.94,0.0,1800,0,0.0,0,0,15.0,1,28,5,119.99992000005334,0.0,0.0,0.0,0.0,0.2626664915556723,0.902222222
3,1,5,10,0.8,22.52,1175.0,6720,60,0.0,0,0,56.0,1,28,5,119.9999785714324,1.071428380102075,0.0,0.0,74.9990625117186,0.40214278533164544,0.850532143
3,1,5,1,0.75,22.94,1868.0,6960,81,0.0,0,0,58.0,1,28,5,119.9999793103484,1.3965514833531925,0.0,0.0,107.99856001919974,0.39551717318669427,0.850362069
3,0,5,10,0.8,3.94,0.0,1200,0,0.0,0,0,10.0,1,28,5,119.99988000012,0.0,0.0,0.0,0.0,0.393999606000394,0.840533333
3,1,5,5,0.6,20.79,1045.0,6960,88,0.0,0,0,58.0,1,28,5,119.9999793103484,1.5172411177170486,0.0,0.0,146.6642222629623,0.3584482140606527,0.800534483
3,1,5,4,0.8,22.52,1342.0,6780,50,0.0,0,0,56.5,1,28,5,119.9999787610657,0.8849555955830803,0.0,0.0,62.499218759765505,0.3985840002506194,0.800489676
3,0,5,12,0.75,4.08,0.0,1080,0,0.0,0,0,9.0,1,28,5,119.99986666681482,0.0,0.0,0.0,0.0,0.45333282963018934,0.755555556
3,1,5,9,0.7,29.12,1340.0,6960,63,0.0,0,0,58.0,1,28,5,119.9999793103484,1.0862067092747052,0.0,0.0,89.99871430408137,0.5020688789536415,0.750593103
3,1,5,12,0.75,15.26,1429.0,3600,45,0.0,0,0,35.0,1,28,5,102.85711346939614,1.2857139183674517,0.0,0.0,59.99920001066653,0.43599987542860696,0.750283333
3,0,5,4,0.8,4.3,0.0,1440,0,0.0,0,0,12.0,1,28,5,119.99990000008334,0.0,0.0,0.0,0.0,0.3583330347224711,0.722638889
3,0,5,8,0.65,4.15,0.0,960,0,0.0,0,0,8.0,1,28,5,119.99985000018751,0.0,0.0,0.0,0.0,0.5187493515633106,0.553333333
3,1,5,11,0.5,20.1,1413.0,5880,46,0.0,0,0,54.0,1,28,5,108.88886872428357,0.851851694101538,0.0,0.0,91.99816003679928,0.3722221532921938,0.500567308
3,1,5,8,0.7,38.09,336.0,6240,0,0.0,0,0,52.0,1,28,5,119.99997692308135,0.0,0.0,0.0,0.0,0.7324998591346426,0.467693269
3,1,5,6,0.35,18.79,511.0,1800,23,0.0,0,0,32.0,1,28,5,56.24998242188049,0.7187497753906951,0.0,0.0,65.71240821690809,0.5871873165039635,0.437995338
3,0,5,7,0.6,3.94,0.0,960,0,0.0,0,0,8.0,1,28,5,119.99985000018751,0.0,0.0,0.0,0.0,0.49249938437576957,0.406354167
3,1,5,7,0.6,23.54,958.0,6600,0,0.0,0,0,55.0,1,28,5,119.99997818182214,0.0,0.0,0.0,0.0,0.4279999221818323,0.285333333
3,0,5,11,0.5,2.9,0.0,960,0,0.0,0,0,8.0,1,28,5,119.99985000018751,0.0,0.0,0.0,0.0,0.3624995468755664,0.259375
4,1,3,2,0.8,22.52,1416.0,6840,113,0.0,0,0,57.0,1,29,5,119.99997894737211,1.9824557925516153,0.0,0.0,141.24823439707004,0.39508764998462276,1.000230409
4,0,3,4,0.8,4.3,0.0,1200,0,0.0,0,0,10.0,1,29,5,119.99988000012,0.0,0.0,0.0,0.0,0.42999957000043,0.989
4,1,3,3,0.8,22.52,1287.0,6840,100,0.0,0,0,57.0,1,29,5,119.99997894737211,1.7543856571253231,0.0,0.0,124.99843751953101,0.39508764998462276,0.950185965
4,1,3,4,0.8,22.52,1444.0,6900,88,0.0,0,0,57.5,1,29,5,119.9999791304384,1.530434516446171,0.0,0.0,109.99862501718728,0.3916521057996337,0.9008
4,1,3,10,0.8,22.52,1088.0,6720,88,0.0,0,0,56.0,1,29,5,119.9999785714324,1.5714282908163766,0.0,0.0,109.99862501718728,0.40214278533164544,0.900129762
4,0,3,6,0.5,2.9,0.0,1200,0,0.0,0,0,10.0,1,29,5,119.99988000012,0.0,0.0,0.0,0.0,0.28999971000029,0.899
4,0,3,8,0.65,4.15,0.0,960,0,0.0,0,0,8.0,1,29,5,119.99985000018751,0.0,0.0,0.0,0.0,0.5187493515633106,0.877552083
4,0,3,11,0.6,2.9,0.0,960,0,0.0,0,0,8.0,1,29,5,119.99985000018751,0.0,0.0,0.0,0.0,0.3624995468755664,0.864583333
4,0,3,10,0.8,3.94,0.0,1200,0,0.0,0,0,10.0,1,29,5,119.99988000012,0.0,0.0,0.0,0.0,0.393999606000394,0.85695
4,0,3,1,0.75,3.94,0.0,1200,0,0.0,0,0,10.0,1,29,5,119.99988000012,0.0,0.0,0.0,0.0,0.393999606000394,0.853666667
4,1,3,1,0.75,22.94,1579.0,6960,81,0.0,0,0,58.0,1,29,5,119.9999793103484,1.3965514833531925,0.0,0.0,107.99856001919974,0.39551717318669427,0.850362069
4,1,3,9,0.7,29.12,1170.0,6960,53,0.0,0,0,58.0,1,29,5,119.9999793103484,0.9137929458977679,0.0,0.0,75.71320409708434,0.5020688789536415,0.850170115
4,1,3,5,0.65,20.79,1015.0,7080,81,0.0,0,0,59.0,1,29,5,119.99997966102039,1.3728811232404876,0.0,0.0,124.61346748511562,0.3523728216317251,0.800473729
4,0,3,2,0.8,3.94,0.0,1200,0,0.0,0,0,10.0,1,29,5,119.99988000012,0.0,0.0,0.0,0.0,0.393999606000394,0.773333333
4,1,3,12,0.75,15.26,1436.0,4200,45,0.0,0,0,35.0,1,29,5,119.9999657142955,1.2857139183674517,0.0,0.0,59.99920001066653,0.43599987542860696,0.750646667
4,0,3,12,0.75,4.08,0.0,1080,0,0.0,0,0,9.0,1,29,5,119.99986666681482,0.0,0.0,0.0,0.0,0.45333282963018934,0.634666667
4,1,3,11,0.6,20.1,1601.0,4320,46,0.0,0,0,51.0,1,29,5,84.70586574394788,0.9019606074587043,0.0,0.0,76.66538891018484,0.39411756978086865,0.60059761
4,1,3,6,0.5,18.79,717.0,3960,23,0.0,0,0,33.0,1,29,5,119.99996363637464,0.6969694857668224,0.0,0.0,45.99908001839964,0.5693937668503736,0.500117677
4,0,3,3,0.8,3.94,0.0,960,0,0.0,0,0,8.0,1,29,5,119.99985000018751,0.0,0.0,0.0,0.0,0.49249938437576957,0.4925
4,1,3,7,0.65,23.54,830.0,6600,0,0.0,0,0,55.0,1,29,5,119.99997818182214,0.0,0.0,0.0,0.0,0.4279999221818323,0.48792
4,1,1,3,0.8,22.52,1136.0,6960,113,0.0,0,0,58.0,1,31,5,119.9999793103484,1.948275526159392,0.0,0.0,141.24823439707004,0.3882757951248629,1.000457471
4,1,1,2,0.8,22.52,1397.0,6840,113,0.0,0,0,57.0,1,31,5,119.99997894737211,1.9824557925516153,0.0,0.0,141.24823439707004,0.39508764998462276,1.000230409
4,0,1,2,0.8,3.94,0.0,1200,0,0.0,0,0,10.0,1,31,5,119.99988000012,0.0,0.0,0.0,0.0,0.393999606000394,0.971866667
4,0,1,3,0.8,3.94,0.0,960,0,0.0,0,0,8.0,1,31,5,119.99985000018751,0.0,0.0,0.0,0.0,0.49249938437576957,0.971866667
4,0,1,4,0.8,3.94,0.0,1200,0,0.0,0,0,10.0,1,31,5,119.99988000012,0.0,0.0,0.0,0.0,0.393999606000394,0.971866667
4,0,1,10,0.8,3.94,0.0,1200,0,0.0,0,0,10.0,1,31,5,119.99988000012,0.0,0.0,0.0,0.0,0.393999606000394,0.971866667
4,0,1,1,0.75,3.94,0.0,1800,0,0.0,0,0,15.0,1,31,5,119.99992000005334,0.0,0.0,0.0,0.0,0.2626664915556723,0.971866667
4,0,1,9,0.75,3.94,0.0,240,0,0.0,0,0,2.0,1,31,5,119.99940000299998,0.0,0.0,0.0,0.0,1.9699901500492496,0.971866667
4,0,1,12,0.75,4.08,0.0,1080,0,0.0,0,0,9.0,1,31,5,119.99986666681482,0.0,0.0,0.0,0.0,0.45333282963018934,0.971866667
4,0,1,5,0.7,3.94,0.0,240,0,0.0,0,0,2.0,1,31,5,119.99940000299998,0.0,0.0,0.0,0.0,1.9699901500492496,0.971866667
4,0,1,7,0.7,3.94,0.0,1200,0,0.0,0,0,10.0,1,31,5,119.99988000012,0.0,0.0,0.0,0.0,0.393999606000394,0.971866667
4,0,1,8,0.65,3.94,0.0,960,0,0.0,0,0,8.0,1,31,5,119.99985000018751,0.0,0.0,0.0,0.0,0.49249938437576957,0.971866667
4,0,1,11,0.65,3.94,0.0,600,0,0.0,0,0,5.0,1,31,5,119.99976000048001,0.0,0.0,0.0,0.0,0.787998424003152,0.971866667
4,0,1,6,0.6,3.94,0.0,1200,0,0.0,0,0,10.0,1,31,5,119.99988000012,0.0,0.0,0.0,0.0,0.393999606000394,0.971866667
4,1,1,10,0.8,22.52,1116.0,6720,93,0.0,0,0,56.0,1,31,5,119.9999785714324,1.660713989158216,0.0,0.0,116.24854689316383,0.40214278533164544,0.920236905
4,1,1,4,0.8,22.52,1432.0,6660,88,0.0,0,0,57.5,1,31,5,115.82606681285795,1.530434516446171,0.0,0.0,109.99862501718728,0.3916521057996337,0.900537069
4,1,1,9,0.75,29.12,1082.0,6840,81,0.0,0,0,57.0,1,31,5,119.99997894737211,1.4210523822715118,0.0,0.0,107.99856001919974,0.5108771033548941,0.850610526
4,1,1,1,0.75,22.94,1502.0,6960,81,0.0,0,0,58.0,1,31,5,119.9999793103484,1.3965514833531925,0.0,0.0,107.99856001919974,0.39551717318669427,0.850362069
4,1,1,12,0.75,15.26,1209.0,4200,45,0.0,0,0,35.0,1,31,5,119.9999657142955,1.2857139183674517,0.0,0.0,59.99920001066653,0.43599987542860696,0.750646667
4,1,1,5,0.7,50.89,282.0,5880,56,0.0,0,0,59.0,1,31,5,99.66100005745761,0.9491523814995964,0.0,0.0,79.99885715918344,0.8625422266877582,0.656763743
4,1,1,11,0.65,20.1,1417.0,6480,49,0.0,0,0,54.0,1,31,5,119.99997777778188,0.9074072393690297,0.0,0.0,75.38345563914402,0.3722221532921938,0.650148148
4,1,1,6,0.6,18.79,799.0,3960,23,0.0,0,0,33.0,1,31,5,119.99996363637464,0.6969694857668224,0.0,0.0,38.33269445509242,0.5693937668503736,0.600710606
4,1,1,7,0.7,23.54,1109.0,6720,0,0.0,0,0,56.0,1,31,5,119.9999785714324,0.0,0.0,0.0,0.0,0.4203570677933807,0.388830357
4,1,1,8,0.5,23.54,1144.0,6480,0,0.0,0,0,54.0,1,31,5,119.99997777778188,0.0,0.0,0.0,0.0,0.4359258451989175,0.286984568
0,0,2,8,0.65,4.15,0.0,960,0,0.0,0,0,8.0,2,1,5,119.99985000018751,0.0,0.0,0.0,0.0,0.5187493515633106,1.0115625
0,1,2,2,0.8,22.52,1396.0,6900,113,0.0,0,0,57.5,2,1,5,119.9999791304384,1.9652170495274695,0.0,0.0,141.24823439707004,0.3916521057996337,1.000671304
0,1,2,1,0.8,22.94,1582.0,3060,113,0.0,0,0,58.5,2,1,5,52.30768336620797,1.9316236014318628,0.0,0.0,141.24823439707004,0.3921366851048402,1.000402055
0,0,2,1,0.75,3.94,0.0,2280,0,0.0,0,0,19.0,2,1,5,119.99993684213851,0.0,0.0,0.0,0.0,0.20736831191141478,0.950438596
0,1,2,3,0.8,22.52,1124.0,6840,100,0.0,0,0,57.0,2,1,5,119.99997894737211,1.7543856571253231,0.0,0.0,124.99843751953101,0.39508764998462276,0.950185965
0,0,2,2,0.8,3.94,0.0,1200,0,0.0,0,0,10.0,2,1,5,119.99988000012,0.0,0.0,0.0,0.0,0.393999606000394,0.912766667
0,0,2,7,0.7,3.94,0.0,2160,0,0.0,0,0,18.0,2,1,5,119.99993333337038,0.0,0.0,0.0,0.0,0.21888876728401818,0.892194444
0,0,2,10,0.8,3.94,0.0,1200,0,0.0,0,0,10.0,2,1,5,119.99988000012,0.0,0.0,0.0,0.0,0.393999606000394,0.8865
0,1,2,10,0.8,22.52,1282.0,6720,75,0.0,0,0,56.0,2,1,5,119.9999785714324,1.3392854751275935,0.0,0.0,93.74882813964825,0.40214278533164544,0.850532143
0,1,2,4,0.8,22.52,1472.0,7020,60,0.0,0,0,58.5,2,1,5,119.99997948718298,1.0256408503178034,0.0,0.0,74.9990625117186,0.3849571991526155,0.85011396
0,0,2,4,0.8,4.3,0.0,1440,0,0.0,0,0,12.0,2,1,5,119.99990000008334,0.0,0.0,0.0,0.0,0.3583330347224711,0.845069444
0,1,2,9,0.75,29.12,1282.0,6960,45,0.0,0,0,58.0,2,1,5,119.9999793103484,0.775861935196218,0.0,0.0,59.99920001066653,0.5020688789536415,0.750593103
0,1,2,12,0.75,15.26,1276.0,1440,45,0.0,0,0,35.0,2,1,5,41.142845387758456,1.2857139183674517,0.0,0.0,59.99920001066653,0.43599987542860696,0.750450658
0,0,2,12,0.75,4.08,0.0,1080,0,0.0,0,0,9.0,2,1,5,119.99986666681482,0.0,0.0,0.0,0.0,0.45333282963018934,0.702666667
0,1,2,11,0.7,20.1,1192.0,6120,75,0.0,0,0,54.0,2,1,5,113.3333123456829,1.3888886316872904,0.0,0.0,107.14132655247784,0.3722221532921938,0.700508929
0,1,2,6,0.65,18.79,881.0,3960,26,0.0,0,0,33.0,2,1,5,119.99996363637464,0.7878785491277123,0.0,0.0,39.99938462485193,0.5693937668503736,0.651007071
0,1,2,8,0.6,24.26,1196.0,6600,0,0.0,0,0,55.0,2,1,5,119.99997818182214,0.0,0.0,0.0,0.0,0.44109082889257656,0.466821212
0,1,2,7,0.7,24.26,1400.0,6720,0,0.0,0,0,56.0,2,1,5,119.9999785714324,0.0,0.0,0.0,0.0,0.43321420835460567,0.411553571
0,0,2,6,0.6,2.9,0.0,1200,0,0.0,0,0,10.0,2,1,5,119.99988000012,0.0,0.0,0.0,0.0,0.28999971000029,0.314166667
0,1,0,1,0.8,22.94,16882.0,7020,113,0.0,0,0,58.5,2,2,6,119.99997948718298,1.9316236014318628,0.0,0.0,141.24823439707004,0.3921366851048402,1.000602279
0,0,0,9,0.75,3.94,0.0,960,0,0.0,0,0,8.0,2,2,6,119.99985000018751,0.0,0.0,0.0,0.0,0.49249938437576957,0.994270833
0,1,0,2,0.8,22.52,21385.0,7020,88,0.0,0,0,58.5,2,2,6,119.99997948718298,1.5042732471327782,0.0,0.0,109.99862501718728,0.3849571991526155,0.900158405
0,1,0,3,0.8,22.52,21266.0,6840,70,0.0,0,0,57.0,2,2,6,119.99997894737211,1.2280699599877263,0.0,0.0,87.4989062636717,0.39508764998462276,0.90014152
0,1,0,10,0.8,22.52,21540.0,6720,88,0.0,0,0,56.0,2,2,6,119.9999785714324,1.5714282908163766,0.0,0.0,109.99862501718728,0.40214278533164544,0.900129762
0,0,0,10,0.8,3.94,0.0,1200,0,0.0,0,0,10.0,2,2,6,119.99988000012,0.0,0.0,0.0,0.0,0.393999606000394,0.85695
0,0,0,4,0.8,4.3,0.0,1440,0,0.0,0,0,12.0,2,2,6,119.99990000008334,0.0,0.0,0.0,0.0,0.3583330347224711,0.809236111
0,1,0,12,0.8,15.26,12261.0,3600,63,0.0,0,0,35.0,2,2,6,102.85711346939614,1.7999994857144326,0.0,0.0,78.74901563730454,0.43599987542860696,0.800401961
0,1,0,4,0.8,22.52,23122.0,5940,50,0.0,0,0,56.5,2,2,6,105.13272475526995,0.8849555955830803,0.0,0.0,62.499218759765505,0.3985840002506194,0.800393224
0,1,0,9,0.75,29.12,8992.0,6960,55,0.0,0,0,58.0,2,2,6,119.9999793103484,0.9482756985731554,0.0,0.0,73.33235556859242,0.5020688789536415,0.799963218
0,0,0,12,0.75,4.08,0.0,1080,0,0.0,0,0,9.0,2,2,6,119.99986666681482,0.0,0.0,0.0,0.0,0.45333282963018934,0.740444444
0,1,0,11,0.7,20.55,9792.0,6480,60,0.0,0,0,54.0,2,2,6,119.99997777778188,1.1111109053498323,0.0,0.0,85.71306124198227,0.38055548508231757,0.700398148
0,1,0,6,0.7,18.79,2984.0,3960,30,0.0,0,0,33.0,2,2,6,119.99996363637464,0.9090906336088989,0.0,0.0,42.85653062099114,0.5693937668503736,0.700354545
0,0,0,8,0.65,4.15,0.0,960,0,0.0,0,0,8.0,2,2,6,119.99985000018751,0.0,0.0,0.0,0.0,0.5187493515633106,0.561979167
0,0,0,1,0.75,3.94,0.0,2280,0,0.0,0,0,19.0,2,2,6,119.99993684213851,0.0,0.0,0.0,0.0,0.20736831191141478,0.504596491
0,1,0,5,0.5,30.1,839.0,6960,0,0.0,0,0,58.0,2,2,6,119.9999793103484,0.0,0.0,0.0,0.0,0.5189654277645814,0.500801724
0,1,0,7,0.7,24.26,2698.0,6720,0,0.0,0,0,56.0,2,2,6,119.9999785714324,0.0,0.0,0.0,0.0,0.43321420835460567,0.295307738
0,0,0,6,0.6,2.9,0.0,1200,0,0.0,0,0,10.0,2,2,6,119.99988000012,0.0,0.0,0.0,0.0,0.28999971000029,0.280333333
0,1,0,8,0.65,24.26,1435.0,6600,0,0.0,0,0,55.0,2,2,6,119.99997818182214,0.0,0.0,0.0,0.0,0.44109082889257656,0.260978788
0,0,4,2,0.8,3.94,0.0,2400,0,0.0,0,0,20.0,2,3,6,119.99994000003001,0.0,0.0,0.0,0.0,0.19699990150004926,1.001416667
0,1,4,1,0.8,22.52,1500.0,6900,113,0.0,0,0,57.5,2,3,6,119.9999791304384,1.9652170495274695,0.0,0.0,141.24823439707004,0.3916521057996337,1.000018551
0,1,4,10,0.8,22.52,1188.0,6720,90,0.0,0,0,56.0,2,3,6,119.9999785714324,1.6071425701531123,0.0,0.0,112.4985937675779,0.40214278533164544,0.999995238
0,0,4,1,0.8,3.94,0.0,1200,0,0.0,0,0,10.0,2,3,6,119.99988000012,0.0,0.0,0.0,0.0,0.393999606000394,0.99485
0,0,4,8,0.7,4.15,0.0,960,0,0.0,0,0,8.0,2,3,6,119.99985000018751,0.0,0.0,0.0,0.0,0.5187493515633106,0.976979167
0,1,4,3,0.8,22.52,1112.0,6840,100,0.0,0,0,57.0,2,3,6,119.99997894737211,1.7543856571253231,0.0,0.0,124.99843751953101,0.39508764998462276,0.950185965
0,1,4,2,0.8,22.52,1452.0,6960,100,0.0,0,0,58.0,2,3,6,119.9999793103484,1.7241376337693735,0.0,0.0,124.99843751953101,0.3882757951248629,0.949981609
0,0,4,9,0.75,3.94,0.0,1320,0,0.0,0,0,11.0,2,3,6,119.99989090919009,0.0,0.0,0.0,0.0,0.3581814925622795,0.919954545
0,1,4,4,0.8,22.52,340.0,5460,63,0.0,0,0,56.5,2,3,6,96.63715103767238,1.1150440504346812,0.0,0.0,78.74901563730454,0.3985840002506194,0.800434622
0,1,4,12,0.8,15.26,1029.0,2040,50,0.0,0,0,35.0,2,3,6,58.285697632657815,1.4285710204082798,0.0,0.0,62.499218759765505,0.43599987542860696,0.800259023
0,0,4,12,0.8,4.08,0.0,1080,0,0.0,0,0,9.0,2,3,6,119.99986666681482,0.0,0.0,0.0,0.0,0.45333282963018934,0.778222222
0,1,4,9,0.75,29.12,1070.0,6960,34,0.0,0,0,58.0,2,3,6,119.9999793103484,0.5862067954815869,0.0,0.0,45.33272889694804,0.5020688789536415,0.750593103
0,1,4,11,0.7,25.31,946.0,5760,60,0.0,0,0,54.0,2,3,6,106.6666469135839,1.1111109053498323,0.0,0.0,85.71306124198227,0.46870361690673756,0.700513566
0,1,4,6,0.7,18.79,913.0,4020,30,0.0,0,0,33.5,2,3,6,119.99996417911515,0.8955221207396654,0.0,0.0,42.85653062099114,0.5608953549566104,0.700184577
0,1,4,8,0.7,24.26,1363.0,6660,0,0.0,0,0,55.5,2,3,6,119.99997837838227,0.0,0.0,0.0,0.0,0.4371170383572904,0.586465465
0,1,4,7,0.7,24.26,1639.0,6720,0,0.0,0,0,56.0,2,3,6,119.9999785714324,0.0,0.0,0.0,0.0,0.43321420835460567,0.541517857
0,0,4,4,0.8,4.3,0.0,1440,0,0.0,0,0,12.0,2,3,6,119.99990000008334,0.0,0.0,0.0,0.0,0.3583330347224711,0.5375
0,0,4,6,0.7,2.9,0.0,960,0,0.0,0,0,8.0,2,3,6,119.99985000018751,0.0,0.0,0.0,0.0,0.3624995468755664,0.495416667
0,1,4,5,0.6,30.1,415.0,6960,0,0.0,0,0,58.0,2,3,6,119.9999793103484,0.0,0.0,0.0,0.0,0.5189654277645814,0.415172414
0,1,5,2,0.8,22.52,1263.0,6900,100,0.0,0,0,57.5,2,4,6,119.9999791304384,1.7391301323251942,0.0,0.0,124.99843751953101,0.3916521057996337,1.05028058
0,1,5,3,0.8,22.52,968.0,6840,113,0.0,0,0,57.0,2,4,6,119.99997894737211,1.9824557925516153,0.0,0.0,141.24823439707004,0.39508764998462276,1.000230409
0,1,5,10,0.8,22.52,1108.0,6720,113,0.0,0,0,56.0,2,4,6,119.9999785714324,2.0178567825255747,0.0,0.0,141.24823439707004,0.40214278533164544,0.999995238
0,0,5,2,0.8,3.94,0.0,2160,0,0.0,0,0,18.0,2,4,6,119.99993333337038,0.0,0.0,0.0,0.0,0.21888876728401818,0.966759259
0,0,5,1,0.8,3.94,0.0,1200,0,0.0,0,0,10.0,2,4,6,119.99988000012,0.0,0.0,0.0,0.0,0.393999606000394,0.929183333
0,0,5,8,0.7,4.15,0.0,3000,0,0.0,0,0,25.0,2,4,6,119.9999520000192,0.0,0.0,0.0,0.0,0.16599993360002657,0.915766667
0,1,5,1,0.8,22.52,1532.0,6900,88,0.0,0,0,57.5,2,4,6,119.9999791304384,1.530434516446171,0.0,0.0,109.99862501718728,0.3916521057996337,0.900147246
0,1,5,12,0.8,15.26,1094.0,4080,38,0.0,0,0,34.0,2,4,6,119.99996470589272,1.1176467301039028,0.0,0.0,47.49940625742178,0.4488233974048831,0.800401961
0,1,5,9,0.8,22.52,1086.0,6960,50,0.0,0,0,58.0,2,4,6,119.9999793103484,0.8620688168846867,0.0,0.0,62.499218759765505,0.3882757951248629,0.799963218
0,0,5,7,0.7,3.94,0.0,960,0,0.0,0,0,8.0,2,4,6,119.99985000018751,0.0,0.0,0.0,0.0,0.49249938437576957,0.779791667
0,0,5,9,0.75,3.94,0.0,960,0,0.0,0,0,8.0,2,4,6,119.99985000018751,0.0,0.0,0.0,0.0,0.49249938437576957,0.755166667
0,1,5,6,0.7,18.79,941.0,3360,30,0.0,0,0,33.0,2,4,6,101.81815096419666,0.9090906336088989,0.0,0.0,42.85653062099114,0.5693937668503736,0.700710417
0,1,5,7,0.7,24.26,1471.0,6960,0,0.0,0,0,58.0,2,4,6,119.9999793103484,0.0,0.0,0.0,0.0,0.41827578995245,0.700612069
0,1,5,11,0.7,10.05,1042.0,6120,60,0.0,0,0,53.0,2,4,6,115.4716763260988,1.1320752580990079,0.0,0.0,85.71306124198227,0.18962260573158382,0.700278846
0,1,5,8,0.7,29.12,1248.0,6840,0,0.0,0,0,57.0,2,4,6,119.99997894737211,0.0,0.0,0.0,0.0,0.5108771033548941,0.700135088
0,0,5,12,0.8,4.08,0.0,1080,0,0.0,0,0,9.0,2,4,6,119.99986666681482,0.0,0.0,0.0,0.0,0.45333282963018934,0.687555556
0,1,5,5,0.65,30.1,326.0,5820,0,90.0,10,0,58.5,2,4,6,99.48716248082692,0.0,900.0,2.990032229225173,0.0,0.514529826576098,0.650834808
0,0,5,6,0.7,2.9,0.0,960,0,0.0,0,0,8.0,2,4,6,119.99985000018751,0.0,0.0,0.0,0.0,0.3624995468755664,0.531666667
0,1,5,4,0.35,30.1,287.0,6060,23,150.0,15,0,55.5,2,4,6,109.18916951546494,0.414414339745164,2250.0,4.983387048708622,65.71240821690809,0.5423422446230189,0.350706422
0,1,3,2,0.8,22.52,1300.0,6780,113,0.0,0,0,56.5,2,5,6,119.9999787610657,1.9999996460177616,0.0,0.0,141.24823439707004,0.3985840002506194,1.000446018
0,1,3,1,0.8,22.52,1485.0,6900,113,0.0,0,0,57.5,2,5,6,119.9999791304384,1.9652170495274695,0.0,0.0,141.24823439707004,0.3916521057996337,1.000018551
0,1,3,10,0.8,22.52,1039.0,6720,113,0.0,0,0,56.0,2,5,6,119.9999785714324,2.0178567825255747,0.0,0.0,141.24823439707004,0.40214278533164544,0.999995238
0,0,3,2,0.8,3.94,0.0,2640,0,0.0,0,0,22.0,2,5,6,119.99994545457025,0.0,0.0,0.0,0.0,0.1790908276859874,0.999924242
0,1,3,3,0.8,22.52,1063.0,6840,100,0.0,0,0,57.0,2,5,6,119.99997894737211,1.7543856571253231,0.0,0.0,124.99843751953101,0.39508764998462276,0.950185965
0,0,3,6,0.7,2.9,0.0,960,0,0.0,0,0,8.0,2,5,6,119.99985000018751,0.0,0.0,0.0,0.0,0.3624995468755664,0.9425
0,0,3,12,0.8,4.08,0.0,1080,0,0.0,0,0,9.0,2,5,6,119.99986666681482,0.0,0.0,0.0,0.0,0.45333282963018934,0.906666667
0,0,3,7,0.7,3.94,0.0,1200,0,0.0,0,0,10.0,2,5,6,119.99988000012,0.0,0.0,0.0,0.0,0.393999606000394,0.8471
0,0,3,1,0.8,3.94,0.0,1440,0,0.0,0,0,12.0,2,5,6,119.99990000008334,0.0,0.0,0.0,0.0,0.32833305972245025,0.845458333
0,1,3,12,0.8,15.26,1083.0,720,38,0.0,0,0,34.0,2,5,6,21.17646435986342,1.1176467301039028,0.0,0.0,47.49940625742178,0.4488233974048831,0.800612676
0,1,3,9,0.8,29.12,1069.0,6960,50,0.0,0,0,58.0,2,5,6,119.9999793103484,0.8620688168846867,0.0,0.0,62.499218759765505,0.5020688789536415,0.799963218
0,0,3,10,0.8,3.94,0.0,960,0,0.0,0,0,8.0,2,5,6,119.99985000018751,0.0,0.0,0.0,0.0,0.49249938437576957,0.771583333
0,1,3,11,0.75,10.05,668.0,2520,34,0.0,0,0,26.0,2,5,6,96.92303964498475,1.3076918047339212,0.0,0.0,45.33272889694804,0.3865383128698797,0.7504
0,1,3,6,0.7,18.79,766.0,2760,30,0.0,0,0,33.0,2,5,6,83.63633829201869,0.9090906336088989,0.0,0.0,42.85653062099114,0.5693937668503736,0.700079032
0,1,3,5,0.7,30.1,557.0,6960,0,0.0,0,0,58.0,2,5,6,119.9999793103484,0.0,0.0,0.0,0.0,0.5189654277645814,0.562212644
0,1,3,7,0.07,24.26,1608.0,6960,0,0.0,0,0,58.0,2,5,6,119.9999793103484,0.0,0.0,0.0,0.0,0.41827578995245,0.522844828
0,1,3,4,0.5,30.1,417.0,6360,23,0.0,0,1,53.0,2,5,6,119.99997735849483,0.43396218227128636,0.0,0.0,45.99908001839964,1.1358488422926714,0.500720126
0,1,3,8,0.7,24.26,1167.0,6840,0,0.0,0,0,57.0,2,5,6,119.99997894737211,0.0,0.0,0.0,0.0,0.42561396041860344,0.496549708
0,0,1,2,0.8,3.94,0.0,3000,0,0.0,0,0,25.0,2,7,6,119.9999520000192,0.0,0.0,0.0,0.0,0.15759993696002522,1.050666667
0,1,1,2,0.8,22.52,1186.0,6900,113,0.0,0,0,58.0,2,7,6,118.96549673008677,1.948275526159392,0.0,0.0,141.24823439707004,0.3882757951248629,1.000018551
0,1,1,3,0.8,22.52,1060.0,6840,100,0.0,0,0,57.0,2,7,6,119.99997894737211,1.7543856571253231,0.0,0.0,124.99843751953101,0.39508764998462276,0.950185965
0,1,1,1,0.8,22.52,1534.0,6780,88,0.0,0,0,57.0,2,7,6,118.94734755309692,1.5438593782702845,0.0,0.0,109.99862501718728,0.39508764998462276,0.900135693
0,1,1,10,0.8,22.52,1142.0,6720,88,0.0,0,0,56.0,2,7,6,119.9999785714324,1.5714282908163766,0.0,0.0,109.99862501718728,0.40214278533164544,0.900129762
0,0,1,12,0.8,4.08,0.0,1080,0,0.0,0,0,9.0,2,7,6,119.99986666681482,0.0,0.0,0.0,0.0,0.45333282963018934,0.899111111
0,0,1,1,0.8,3.94,0.0,1200,0,0.0,0,0,10.0,2,7,6,119.99988000012,0.0,0.0,0.0,0.0,0.393999606000394,0.870083333
0,0,1,6,0.75,2.9,0.0,960,0,0.0,0,0,8.0,2,7,6,119.99985000018751,0.0,0.0,0.0,0.0,0.3624995468755664,0.845833333
0,1,1,12,0.8,15.26,1021.0,4080,63,0.0,0,0,34.0,2,7,6,119.99996470589272,1.8529406314880494,0.0,0.0,78.74901563730454,0.4488233974048831,0.800401961
0,1,1,9,0.8,29.12,829.0,6960,50,0.0,0,0,58.0,2,7,6,119.9999793103484,0.8620688168846867,0.0,0.0,62.499218759765505,0.5020688789536415,0.799963218
0,0,1,9,0.8,3.94,0.0,960,0,0.0,0,0,8.0,2,7,6,119.99985000018751,0.0,0.0,0.0,0.0,0.49249938437576957,0.771583333
0,1,1,6,0.75,18.79,813.0,1560,34,0.0,0,0,33.0,2,7,6,47.27271294766274,1.0303027180900852,0.0,0.0,45.33272889694804,0.5693937668503736,0.750520115
0,1,1,11,0.75,10.05,677.0,3240,45,0.0,0,0,27.0,2,7,6,119.99995555557201,1.6666660493829446,0.0,0.0,59.99920001066653,0.372222084362191,0.750027778
0,0,1,7,0.7,3.94,0.0,1200,0,0.0,0,0,10.0,2,7,6,119.99988000012,0.0,0.0,0.0,0.0,0.393999606000394,0.715766667
0,1,1,7,0.7,24.26,658.0,6960,0,270.0,45,0,58.0,2,7,6,119.9999793103484,0.0,12150.0,11.129426574844775,0.0,0.41827578995245,0.662270115
0,1,1,4,0.6,30.1,486.0,6780,30,0.0,0,1,57.0,2,7,6,118.94734755309692,0.526315697137597,0.0,0.0,49.99916668055533,1.0561401655894447,0.600224189
0,1,1,5,0.7,30.1,687.0,7500,0,0.0,0,0,59.0,2,7,6,127.11862252226736,0.0,0.0,0.0,0.0,0.510169405056033,0.545657673
0,0,1,4,0.8,4.3,0.0,960,0,0.0,0,0,8.0,2,7,6,119.99985000018751,0.0,0.0,0.0,0.0,0.5374993281258399,0.447916667
0,1,1,8,0.7,24.26,652.0,6840,0,300.0,37,0,57.0,2,7,6,119.99997894737211,0.0,11100.0,12.366029527605306,0.0,0.42561396041860344,0.365318713
1,1,2,2,0.8,22.52,1233.0,6900,113,0.0,0,0,57.5,2,8,6,119.9999791304384,1.9652170495274695,0.0,0.0,141.24823439707004,0.3916521057996337,1.000018551
1,0,2,7,0.7,4.15,0.0,1440,0,0.0,0,0,12.0,2,8,6,119.99990000008334,0.0,0.0,0.0,0.0,0.3458330451391291,0.928680556
1,1,2,10,0.8,22.52,1388.0,6720,88,0.0,0,0,56.0,2,8,6,119.9999785714324,1.5714282908163766,0.0,0.0,109.99862501718728,0.40214278533164544,0.9008
1,1,2,1,0.8,22.52,1615.0,6780,88,0.0,0,0,56.5,2,8,6,119.9999787610657,1.5575218482262214,0.0,0.0,109.99862501718728,0.3985840002506194,0.900135693
1,1,2,3,0.8,22.52,1283.0,6720,88,0.0,0,0,56.0,2,8,6,119.9999785714324,1.5714282908163766,0.0,0.0,109.99862501718728,0.40214278533164544,0.900129762
1,0,2,1,0.8,3.94,0.0,1200,0,0.0,0,0,10.0,2,8,6,119.99988000012,0.0,0.0,0.0,0.0,0.393999606000394,0.893066667
1,0,2,12,0.8,4.08,0.0,1080,0,0.0,0,0,9.0,2,8,6,119.99986666681482,0.0,0.0,0.0,0.0,0.45333282963018934,0.891555556
1,0,2,2,0.8,3.94,0.0,2160,0,0.0,0,0,18.0,2,8,6,119.99993333337038,0.0,0.0,0.0,0.0,0.21888876728401818,0.875555556
1,0,2,8,0.7,4.15,0.0,1800,0,0.0,0,0,15.0,2,8,6,119.99992000005334,0.0,0.0,0.0,0.0,0.2766664822223452,0.840888889
1,1,2,12,0.8,15.26,1026.0,2880,63,0.0,0,0,34.0,2,8,6,84.70585743945368,1.8529406314880494,0.0,0.0,78.74901563730454,0.4488233974048831,0.800355208
1,1,2,9,0.8,29.12,909.0,6960,50,0.0,0,0,58.0,2,8,6,119.9999793103484,0.8620688168846867,0.0,0.0,62.499218759765505,0.5020688789536415,0.799963218
1,1,2,6,0.75,18.79,670.0,3960,34,0.0,0,0,33.0,2,8,6,119.99996363637464,1.0303027180900852,0.0,0.0,45.33272889694804,0.5693937668503736,0.75065101
1,1,2,11,0.75,10.05,629.0,3240,45,0.0,0,0,27.0,2,8,6,119.99995555557201,1.6666660493829446,0.0,0.0,59.99920001066653,0.372222084362191,0.750027778
1,1,2,5,0.7,30.1,754.0,7020,0,0.0,0,0,58.5,2,8,6,119.99997948718298,0.0,0.0,0.0,0.0,0.514529826576098,0.700618234
1,0,2,6,0.75,2.9,0.0,960,0,0.0,0,0,8.0,2,8,6,119.99985000018751,0.0,0.0,0.0,0.0,0.3624995468755664,0.610208333
1,0,2,9,0.8,3.94,0.0,960,0,0.0,0,0,8.0,2,8,6,119.99985000018751,0.0,0.0,0.0,0.0,0.49249938437576957,0.607416667
1,1,2,4,0.65,30.1,712.0,6780,44,0.0,0,1,56.5,2,8,6,119.9999787610657,0.7787609241131107,0.0,0.0,67.69126628821095,1.0654865370820288,0.568259587
1,1,2,7,0.7,24.26,148.0,6960,0,0.0,0,0,58.0,2,8,6,119.9999793103484,0.0,0.0,0.0,0.0,0.41827578995245,0.355534483
1,1,2,8,0.7,24.26,154.0,6840,0,0.0,0,0,57.0,2,8,6,119.99997894737211,0.0,0.0,0.0,0.0,0.42561396041860344,0.353259649
1,0,0,2,0.8,3.94,0.0,2160,0,0.0,0,0,18.0,2,9,7,119.99993333337038,0.0,0.0,0.0,0.0,0.21888876728401818,1.057962963
1,0,0,1,0.8,3.94,0.0,1200,0,0.0,0,0,10.0,2,9,7,119.99988000012,0.0,0.0,0.0,0.0,0.393999606000394,0.962016667
1,1,0,10,0.8,22.52,1127.0,120,88,0.0,0,0,56.0,2,9,7,2.14285676020415,1.5714282908163766,0.0,0.0,109.99862501718728,0.40214278533164544,0.9008
1,1,0,1,0.8,22.52,1506.0,3600,70,0.0,0,0,57.0,2,9,7,63.157883656511636,1.2280699599877263,0.0,0.0,87.4989062636717,0.39508764998462276,0.900509044
1,1,0,2,0.8,22.52,1413.0,360,70,0.0,0,0,57.0,2,9,7,6.315788365651164,1.2280699599877263,0.0,0.0,87.4989062636717,0.39508764998462276,0.900477825
1,0,0,6,0.75,2.9,0.0,960,0,0.0,0,0,8.0,2,9,7,119.99985000018751,0.0,0.0,0.0,0.0,0.3624995468755664,0.888125
1,1,0,12,0.8,15.26,970.0,4080,63,0.0,0,0,34.0,2,9,7,119.99996470589272,1.8529406314880494,0.0,0.0,78.74901563730454,0.4488233974048831,0.800401961
1,1,0,3,0.8,22.52,1271.0,5400,50,0.0,0,0,57.0,2,9,7,94.73682548476745,0.8771928285626616,0.0,0.0,62.499218759765505,0.39508764998462276,0.800161172
1,1,0,9,0.8,29.12,1073.0,6960,50,0.0,0,0,58.0,2,9,7,119.9999793103484,0.8620688168846867,0.0,0.0,62.499218759765505,0.5020688789536415,0.799963218
1,1,0,4,0.7,30.1,767.0,3300,50,0.0,0,1,57.0,2,9,7,57.894726685135666,0.8771928285626616,0.0,0.0,71.42755103498523,1.0561401655894447,0.790003236
1,1,0,11,0.75,10.05,103.0,0,45,0.0,0,0,54.0,2,9,7,0.0,0.8333331790123742,0.0,0.0,59.99920001066653,0.1861110766460969,0.750648148
1,0,0,8,0.35,4.15,0.0,1800,0,0.0,0,0,15.0,2,9,7,119.99992000005334,0.0,0.0,0.0,0.0,0.2766664822223452,0.707111111
1,1,0,5,0.7,30.1,773.0,7020,40,0.0,0,0,58.0,2,9,7,121.03446189061002,0.6896550535077494,0.0,0.0,57.142040827988176,0.5189654277645814,0.700618234
1,0,0,9,0.8,3.94,0.0,960,0,0.0,0,0,8.0,2,9,7,119.99985000018751,0.0,0.0,0.0,0.0,0.49249938437576957,0.697708333
1,1,0,6,0.75,18.79,708.0,4080,0,0.0,0,0,34.0,2,9,7,119.99996470589272,0.0,0.0,0.0,0.0,0.5526468962803246,0.612517157
1,1,0,7,0.35,30.1,842.0,6960,0,0.0,0,1,58.0,2,9,7,119.9999793103484,0.0,0.0,0.0,0.0,1.0379308555291629,0.350301724
1,1,0,8,0.35,30.1,901.0,6960,0,0.0,0,1,58.0,2,9,7,119.9999793103484,0.0,0.0,0.0,0.0,1.0379308555291629,0.350301724
1,0,0,12,0.8,4.08,0.0,1080,0,0.0,0,0,9.0,2,9,7,119.99986666681482,0.0,0.0,0.0,0.0,0.45333282963018934,0.272
1,0,4,12,0.8,4.08,0.0,1080,0,0.0,0,0,9.0,2,10,7,119.99986666681482,0.0,0.0,0.0,0.0,0.45333282963018934,1.004888889
1,0,4,2,0.8,3.94,0.0,2160,0,0.0,0,0,18.0,2,10,7,119.99993333337038,0.0,0.0,0.0,0.0,0.21888876728401818,0.966759259
1,1,4,10,0.8,22.52,1268.0,0,88,0.0,0,0,56.0,2,10,7,0.0,1.5714282908163766,0.0,0.0,109.99862501718728,0.40214278533164544,0.90063244
1,1,4,1,0.8,22.52,1546.0,0,88,0.0,0,0,57.0,2,10,7,0.0,1.5438593782702845,0.0,0.0,109.99862501718728,0.39508764998462276,0.90047076
1,1,4,3,0.8,22.52,813.0,0,88,0.0,0,0,57.0,2,10,7,0.0,1.5438593782702845,0.0,0.0,109.99862501718728,0.39508764998462276,0.90047076
1,1,4,2,0.8,22.52,1512.0,0,88,0.0,0,0,57.0,2,10,7,0.0,1.5438593782702845,0.0,0.0,109.99862501718728,0.39508764998462276,0.899984058
1,0,4,1,0.8,3.94,0.0,1440,0,0.0,0,0,12.0,2,10,7,119.99990000008334,0.0,0.0,0.0,0.0,0.32833305972245025,0.853666667
1,1,4,9,0.8,29.12,1263.0,2160,38,0.0,0,0,58.0,2,10,7,37.241372889418464,0.6551723008323619,0.0,0.0,47.49940625742178,0.5020688789536415,0.8008
1,1,4,12,0.8,15.26,900.0,4080,50,0.0,0,0,34.0,2,10,7,119.99996470589272,1.4705878027682933,0.0,0.0,62.499218759765505,0.4488233974048831,0.800401961
1,0,4,4,0.7,4.15,0.0,1800,0,0.0,0,0,15.0,2,10,7,119.99992000005334,0.0,0.0,0.0,0.0,0.2766664822223452,0.796755556
1,1,4,6,0.75,18.79,640.0,2400,0,0.0,0,0,34.0,2,10,7,70.58821453287807,0.0,0.0,0.0,0.0,0.5526468962803246,0.750797009
1,1,4,11,0.8,10.05,13.0,3240,34,0.0,0,0,54.0,2,10,7,59.99998888889094,0.6296295130315717,0.0,0.0,42.49946875664054,0.1861110766460969,0.750648148
1,1,4,5,0.75,30.1,855.0,7020,45,0.0,0,0,58.0,2,10,7,121.03446189061002,0.775861935196218,0.0,0.0,59.99920001066653,0.5189654277645814,0.750356125
1,0,4,8,0.35,4.15,0.0,960,0,0.0,0,0,8.0,2,10,7,119.99985000018751,0.0,0.0,0.0,0.0,0.5187493515633106,0.703770833
1,1,4,4,0.7,30.1,855.0,7020,40,0.0,0,1,58.0,2,10,7,121.03446189061002,0.6896550535077494,0.0,0.0,57.142040827988176,1.0379308555291629,0.700618234
1,0,4,9,0.8,3.94,0.0,960,0,0.0,0,0,8.0,2,10,7,119.99985000018751,0.0,0.0,0.0,0.0,0.49249938437576957,0.6895
1,0,4,6,0.75,2.9,0.0,960,0,0.0,0,0,8.0,2,10,7,119.99985000018751,0.0,0.0,0.0,0.0,0.3624995468755664,0.628333333
1,1,4,7,0.5,30.1,1025.0,6960,23,0.0,0,1,58.0,2,10,7,119.9999793103484,0.3965516557669559,0.0,0.0,45.99908001839964,1.0379308555291629,0.500801724
1,1,4,8,0.5,30.1,1061.0,6960,30,0.0,0,1,58.0,2,10,7,119.9999793103484,0.517241290130812,0.0,0.0,59.99880002399953,1.0379308555291629,0.393548851
1,0,5,4,0.7,4.15,0.0,1800,0,0.0,0,0,15.0,2,11,7,119.99992000005334,0.0,0.0,0.0,0.0,0.2766664822223452,1.033155556
1,0,5,12,0.8,4.08,0.0,1080,0,0.0,0,0,9.0,2,11,7,119.99986666681482,0.0,0.0,0.0,0.0,0.45333282963018934,1.02
1,1,5,2,0.8,22.52,1557.0,0,90,0.0,0,0,57.5,2,11,7,0.0,1.565217119092675,0.0,0.0,112.4985937675779,0.3916521057996337,1.000344928
1,1,5,1,0.8,22.52,1498.0,0,113,0.0,0,0,57.0,2,11,7,0.0,1.9824557925516153,0.0,0.0,141.24823439707004,0.39508764998462276,1.000065789
1,0,5,8,0.35,4.15,0.0,1440,0,0.0,0,0,12.0,2,11,7,119.99990000008334,0.0,0.0,0.0,0.0,0.3458330451391291,0.994375
1,0,5,2,0.8,3.94,0.0,2160,0,0.0,0,0,18.0,2,11,7,119.99993333337038,0.0,0.0,0.0,0.0,0.21888876728401818,0.912037037
1,0,5,5,0.7,4.15,0.0,240,0,0.0,0,0,2.0,2,11,7,119.99940000299998,0.0,0.0,0.0,0.0,2.0749896250518747,0.87
1,1,5,10,0.8,22.52,598.0,0,75,0.0,0,0,56.0,2,11,7,0.0,1.3392854751275935,0.0,0.0,93.74882813964825,0.40214278533164544,0.850364583
1,1,5,6,0.8,18.79,656.0,3480,38,0.0,0,0,34.0,2,11,7,102.35291107267321,1.1176467301039028,0.0,0.0,47.49940625742178,0.5526468962803246,0.800947475
1,1,5,12,0.8,15.26,854.0,4080,50,0.0,0,0,34.0,2,11,7,119.99996470589272,1.4705878027682933,0.0,0.0,62.499218759765505,0.4488233974048831,0.800401961
1,1,5,9,0.8,29.12,609.0,3240,50,0.0,0,0,58.0,2,11,7,55.8620593341277,0.8620688168846867,0.0,0.0,62.499218759765505,0.5020688789536415,0.800144144
1,1,5,5,0.75,30.1,788.0,7380,56,0.0,0,0,59.5,2,11,7,124.0335925993962,0.9411763124073425,0.0,0.0,74.66567112438501,0.5058822679189465,0.750406233
1,1,5,8,0.6,30.1,1069.0,4560,30,0.0,0,1,58.0,2,11,7,78.62067609988343,0.517241290130812,0.0,0.0,49.99916668055533,1.0379308555291629,0.714410494
1,1,5,4,0.7,30.1,667.0,5940,40,0.0,0,1,59.5,2,11,7,99.83191599463596,0.6722687945766731,0.0,0.0,57.142040827988176,1.011764535837893,0.700588406
1,0,5,1,0.8,3.94,0.0,1440,0,0.0,0,0,12.0,2,11,7,119.99990000008334,0.0,0.0,0.0,0.0,0.32833305972245025,0.618361111
1,1,5,7,0.6,30.1,829.0,3360,23,0.0,0,1,58.0,2,11,7,57.93102449465095,0.3965516557669559,0.0,0.0,38.33269445509242,1.0379308555291629,0.600070513
1,0,5,9,0.8,3.94,0.0,960,0,0.0,0,0,8.0,2,11,7,119.99985000018751,0.0,0.0,0.0,0.0,0.49249938437576957,0.54175
1,1,5,3,0.8,22.52,11.0,6840,0,0.0,0,1,57.0,2,11,7,119.99997894737211,0.0,0.0,0.0,0.0,0.7901752999692455,0.536901754
1,1,5,11,0.35,11.41,434.0,3240,0,0.0,0,1,52.0,2,11,7,62.307680325446086,0.0,0.0,0.0,0.0,0.43884606945267896,0.507903226
1,0,3,4,0.7,4.15,0.0,1800,0,0.0,0,0,15.0,2,12,7,119.99992000005334,0.0,0.0,0.0,0.0,0.2766664822223452,1.096633333
1,1,3,2,0.8,22.52,1327.0,0,113,0.0,0,0,57.5,2,12,7,0.0,1.9652170495274695,0.0,0.0,141.24823439707004,0.3916521057996337,1.000344928
1,0,3,12,0.8,4.08,0.0,1080,0,0.0,0,0,9.0,2,12,7,119.99986666681482,0.0,0.0,0.0,0.0,0.45333282963018934,0.838666667
1,1,3,12,0.8,15.26,894.0,4080,50,0.0,0,0,34.0,2,12,7,119.99996470589272,1.4705878027682933,0.0,0.0,62.499218759765505,0.4488233974048831,0.800401961
1,0,3,8,0.35,4.15,0.0,1440,0,0.0,0,0,12.0,2,12,7,119.99990000008334,0.0,0.0,0.0,0.0,0.3458330451391291,0.755486111
1,1,3,5,0.75,30.1,610.0,7080,56,0.0,0,0,59.0,2,12,7,119.99997966102039,0.9491523814995964,0.0,0.0,74.66567112438501,0.510169405056033,0.750799435
1,1,3,6,0.8,18.79,779.0,3960,0,0.0,0,0,33.0,2,12,7,119.99996363637464,0.0,0.0,0.0,0.0,0.5693937668503736,0.688017677
1,0,3,1,0.8,3.94,0.0,1440,0,0.0,0,0,12.0,2,12,7,119.99990000008334,0.0,0.0,0.0,0.0,0.32833305972245025,0.664875
1,0,3,9,0.8,3.94,0.0,960,0,0.0,0,0,8.0,2,12,7,119.99985000018751,0.0,0.0,0.0,0.0,0.49249938437576957,0.656666667
1,1,3,4,0.7,30.1,419.0,7080,0,0.0,0,1,59.0,2,12,7,119.99997966102039,0.0,0.0,0.0,0.0,1.020338810112066,0.637711864
1,0,3,2,0.8,3.94,0.0,2160,0,0.0,0,0,18.0,2,12,7,119.99993333337038,0.0,0.0,0.0,0.0,0.21888876728401818,0.601944444
1,0,3,5,0.7,4.15,0.0,240,0,0.0,0,0,2.0,2,12,7,119.99940000299998,0.0,0.0,0.0,0.0,2.0749896250518747,0.58
1,1,3,7,0.65,30.1,909.0,7080,0,0.0,0,1,59.0,2,12,7,119.99997966102039,0.0,0.0,0.0,0.0,1.020338810112066,0.535677966
1,1,3,11,0.5,11.41,1039.0,2280,0,0.0,0,2,55.0,2,12,7,41.45453791735674,0.0,0.0,0.0,0.0,0.6223635232066321,0.50012336
1,1,3,9,0.8,29.12,14.0,6960,0,0.0,0,0,58.0,2,12,7,119.9999793103484,0.0,0.0,0.0,0.0,0.5020688789536415,0.497885057
1,1,3,8,0.65,30.1,1193.0,7080,0,0.0,0,1,59.0,2,12,7,119.99997966102039,0.0,0.0,0.0,0.0,1.020338810112066,0.463403955
1,1,3,10,0.8,22.52,10.0,6000,0,0.0,0,0,50.0,2,12,7,119.99997600000479,0.0,0.0,0.0,0.0,0.450399909920018,0.441392
1,1,3,3,0.35,30.1,770.0,6960,0,0.0,0,1,58.0,2,12,7,119.9999793103484,0.0,0.0,0.0,0.0,1.0379308555291629,0.350301724
1,1,1,1,0.8,22.52,1416.0,6840,113,0.0,0,0,57.0,2,14,7,119.99997894737211,1.9824557925516153,0.0,0.0,141.24823439707004,0.39508764998462276,1.000230409
1,0,1,7,0.7,4.15,0.0,1800,0,0.0,0,0,15.0,2,14,7,119.99992000005334,0.0,0.0,0.0,0.0,0.2766664822223452,0.929277778
1,0,1,4,0.75,4.15,0.0,2400,0,0.0,0,0,20.0,2,14,7,119.99994000003001,0.0,0.0,0.0,0.0,0.20749989625005189,0.902916667
1,0,1,12,0.8,4.08,0.0,1080,0,0.0,0,0,9.0,2,14,7,119.99986666681482,0.0,0.0,0.0,0.0,0.45333282963018934,0.800888889
1,1,1,12,0.8,15.26,942.0,4080,63,0.0,0,0,34.0,2,14,7,119.99996470589272,1.8529406314880494,0.0,0.0,78.74901563730454,0.4488233974048831,0.800401961
1,1,1,2,0.8,22.52,674.0,3660,63,0.0,0,0,57.0,2,14,7,64.21051505078682,1.1052629639889535,0.0,0.0,78.74901563730454,0.39508764998462276,0.80037492
1,0,1,1,0.8,3.94,0.0,1440,0,0.0,0,0,12.0,2,14,7,119.99990000008334,0.0,0.0,0.0,0.0,0.32833305972245025,0.796208333
1,1,1,4,0.75,30.1,481.0,7140,0,0.0,0,1,59.0,2,14,7,121.01692864119853,0.0,0.0,0.0,0.0,1.020338810112066,0.750392157
1,1,1,5,0.75,30.1,664.0,7140,56,0.0,0,0,59.0,2,14,7,121.01692864119853,0.9491523814995964,0.0,0.0,74.66567112438501,0.510169405056033,0.750392157
1,0,1,8,0.7,4.15,0.0,960,0,0.0,0,0,8.0,2,14,7,119.99985000018751,0.0,0.0,0.0,0.0,0.5187493515633106,0.725625
1,1,1,8,0.7,30.1,824.0,5160,0,0.0,0,1,60.0,2,14,7,85.99998566666905,0.0,0.0,0.0,0.0,1.0033331661111389,0.700206125
1,1,1,7,0.7,30.1,957.0,7200,0,0.0,0,1,60.0,2,14,7,119.99998000000333,0.0,0.0,0.0,0.0,1.0033331661111389,0.602
1,1,1,11,0.6,11.41,1039.0,2280,23,0.0,0,2,55.0,2,14,7,41.45453791735674,0.4181817421487741,0.0,0.0,38.33269445509242,0.6223635232066321,0.600447507
1,1,1,6,0.8,18.79,822.0,4080,0,0.0,0,0,34.0,2,14,7,119.99996470589272,0.0,0.0,0.0,0.0,0.5526468962803246,0.557252451
1,1,1,3,0.5,30.1,1261.0,6960,30,0.0,0,1,58.0,2,14,7,119.9999793103484,0.517241290130812,0.0,0.0,59.99880002399953,1.0379308555291629,0.500801724
1,0,1,6,0.8,2.9,0.0,960,0,0.0,0,0,8.0,2,14,7,119.99985000018751,0.0,0.0,0.0,0.0,0.3624995468755664,0.483333333
1,0,1,9,0.8,3.94,0.0,960,0,0.0,0,0,8.0,2,14,7,119.99985000018751,0.0,0.0,0.0,0.0,0.49249938437576957,0.238041667
2,0,2,1,0.8,3.94,0.0,960,0,0.0,0,0,8.0,2,15,7,119.99985000018751,0.0,0.0,0.0,0.0,0.49249938437576957,1.1204375
2,0,2,2,0.8,3.94,0.0,960,0,0.0,0,0,8.0,2,15,7,119.99985000018751,0.0,0.0,0.0,0.0,0.49249938437576957,1.108125
2,1,2,1,0.8,22.52,1420.0,6840,113,0.0,0,0,57.0,2,15,7,119.99997894737211,1.9824557925516153,0.0,0.0,141.24823439707004,0.39508764998462276,1.000230409
2,0,2,12,0.8,4.08,0.0,1080,0,0.0,0,0,9.0,2,15,7,119.99986666681482,0.0,0.0,0.0,0.0,0.45333282963018934,0.876444444
2,1,2,12,0.8,15.26,1120.0,1440,50,0.0,0,0,34.0,2,15,7,42.35292871972684,1.4705878027682933,0.0,0.0,62.499218759765505,0.4488233974048831,0.800806306
2,0,2,5,0.75,4.15,0.0,240,0,0.0,0,0,2.0,2,15,7,119.99940000299998,0.0,0.0,0.0,0.0,2.0749896250518747,0.760833333
2,1,2,5,0.8,30.1,679.0,7140,0,0.0,0,0,59.5,2,15,7,119.99997983193616,0.0,0.0,0.0,0.0,0.5058822679189465,0.722568627
2,0,2,11,0.6,2.9,0.0,1200,0,0.0,0,0,10.0,2,15,7,119.99988000012,0.0,0.0,0.0,0.0,0.28999971000029,0.715333333
2,1,2,7,0.7,30.1,881.0,7080,0,0.0,0,1,59.0,2,15,7,119.99997966102039,0.0,0.0,0.0,0.0,1.020338810112066,0.700632768
2,1,2,8,0.7,30.1,507.0,5880,40,2.0,10,1,59.0,2,15,7,99.66100005745761,0.677965986785426,20.0,0.06644516064944829,57.142040827988176,1.020338810112066,0.700573099
2,1,2,6,0.75,18.79,814.0,4080,0,0.0,0,0,34.0,2,15,7,119.99996470589272,0.0,0.0,0.0,0.0,0.5526468962803246,0.681598039
2,1,2,11,0.65,11.41,700.0,2640,23,0.0,0,2,53.0,2,15,7,49.81131135635634,0.43396218227128636,0.0,0.0,35.38407101429209,0.645848934745484,0.650223718
2,0,2,8,0.7,4.15,0.0,960,0,0.0,0,0,8.0,2,15,7,119.99985000018751,0.0,0.0,0.0,0.0,0.5187493515633106,0.605208333
2,0,2,6,0.8,2.9,0.0,960,0,0.0,0,0,8.0,2,15,7,119.99985000018751,0.0,0.0,0.0,0.0,0.3624995468755664,0.604166667
2,1,2,4,0.75,30.1,919.0,7140,0,0.0,0,1,59.5,2,15,7,119.99997983193616,0.0,0.0,0.0,0.0,1.011764535837893,0.598627451
2,1,2,3,0.6,30.1,1361.0,6960,30,0.0,0,1,58.0,2,15,7,119.9999793103484,0.517241290130812,0.0,0.0,49.99916668055533,1.0379308555291629,0.475718391
2,1,2,2,0.8,22.52,12.0,6900,0,0.0,0,0,57.5,2,15,7,119.9999791304384,0.0,0.0,0.0,0.0,0.3916521057996337,0.432122899
2,0,2,4,0.75,4.15,0.0,2400,0,0.0,0,0,20.0,2,15,7,119.99994000003001,0.0,0.0,0.0,0.0,0.20749989625005189,0.287041667
2,1,2,9,0.5,18.79,1688.0,5280,0,0.0,0,1,54.0,2,15,7,97.77775967078524,0.0,0.0,0.0,0.0,0.6959257970507783,0.283054487
2,1,0,1,0.8,22.52,1422.0,6840,113,0.0,0,0,57.0,2,16,8,119.99997894737211,1.9824557925516153,0.0,0.0,141.24823439707004,0.39508764998462276,1.000230409
2,0,0,9,0.8,3.94,0.0,1200,0,0.0,0,0,10.0,2,16,8,119.99988000012,0.0,0.0,0.0,0.0,0.393999606000394,0.960433333
2,0,0,12,0.8,4.08,0.0,1080,0,0.0,0,0,9.0,2,16,8,119.99986666681482,0.0,0.0,0.0,0.0,0.45333282963018934,0.891555556
2,0,0,3,0.5,4.15,0.0,960,0,0.0,0,0,8.0,2,16,8,119.99985000018751,0.0,0.0,0.0,0.0,0.5187493515633106,0.864583333
2,1,0,3,0.65,30.1,1263.0,600,63,0.0,0,1,58.0,2,16,8,10.34482580261624,1.0862067092747052,0.0,0.0,96.9215858217566,1.0379308555291629,0.802243319
2,1,0,5,0.8,30.1,461.0,0,0,0.0,0,0,59.0,2,16,8,0.0,0.0,0.0,0.0,0.0,0.510169405056033,0.800980392
2,1,0,12,0.8,15.26,1079.0,3720,38,0.0,0,0,34.0,2,16,8,109.41173252596101,1.1176467301039028,0.0,0.0,47.49940625742178,0.4488233974048831,0.800312375
2,0,0,6,0.8,2.9,0.0,960,0,0.0,0,0,8.0,2,16,8,119.99985000018751,0.0,0.0,0.0,0.0,0.3624995468755664,0.773333333
2,1,0,6,0.75,18.79,895.0,3960,0,0.0,0,0,33.0,2,16,8,119.99996363637464,0.0,0.0,0.0,0.0,0.5693937668503736,0.75065101
2,1,0,4,0.75,30.1,912.0,7020,0,0.0,0,1,58.0,2,16,8,121.03446189061002,0.0,0.0,0.0,0.0,1.0379308555291629,0.750356125
2,0,0,4,0.75,4.15,0.0,1800,0,0.0,0,0,15.0,2,16,8,119.99992000005334,0.0,0.0,0.0,0.0,0.2766664822223452,0.722333333
2,1,0,7,0.7,30.1,784.0,600,30,0.0,0,1,59.0,2,16,8,10.169489801781388,0.5084744900890694,0.0,0.0,42.85653062099114,1.020338810112066,0.700459889
2,0,0,5,0.75,4.15,0.0,1200,0,0.0,0,0,10.0,2,16,8,119.99988000012,0.0,0.0,0.0,0.0,0.41499958500041506,0.629416667
2,1,0,8,0.7,30.1,7.0,7080,27,2.0,10,2,59.0,2,16,8,119.99997966102039,0.4576270410801625,20.0,0.06644516064944829,38.57087755889202,1.5305082151680993,0.621971751
2,1,0,11,0.7,11.41,680.0,2160,30,0.0,0,2,54.0,2,16,8,39.99999259259396,0.5555554526749161,0.0,0.0,42.85653062099114,0.6338887715020793,0.565972222
2,1,0,10,0.6,18.22,1131.0,5280,0,0.0,0,1,44.0,2,16,8,119.99997272727892,0.0,0.0,0.0,0.0,0.8281816299587204,0.35542803
2,1,0,9,0.6,18.79,2103.0,5400,0,0.0,0,1,54.0,2,16,8,99.99998148148491,0.0,0.0,0.0,0.0,0.6959257970507783,0.329964879
2,0,0,7,0.7,4.15,0.0,1800,0,0.0,0,0,15.0,2,16,8,119.99992000005334,0.0,0.0,0.0,0.0,0.2766664822223452,0.258
2,1,4,1,0.8,22.52,1445.0,6840,113,0.0,0,0,57.0,2,17,8,119.99997894737211,1.9824557925516153,0.0,0.0,141.24823439707004,0.39508764998462276,1.000230409
2,0,4,10,0.8,3.94,0.0,960,0,0.0,0,0,8.0,2,17,8,119.99985000018751,0.0,0.0,0.0,0.0,0.49249938437576957,0.927541667
2,0,4,7,0.7,5.13,0.0,1200,0,0.0,0,0,10.0,2,17,8,119.99988000012,0.0,0.0,0.0,0.0,0.512999487000513,0.91375
2,0,4,12,0.8,5.13,0.0,1080,0,0.0,0,0,9.0,2,17,8,119.99986666681482,0.0,0.0,0.0,0.0,0.5699993666673704,0.9025
2,1,4,12,0.8,15.26,1133.0,4080,38,0.0,0,0,34.0,2,17,8,119.99996470589272,1.1176467301039028,0.0,0.0,47.49940625742178,0.4488233974048831,0.800401961
2,0,4,3,0.5,5.13,0.0,1800,0,0.0,0,0,15.0,2,17,8,119.99992000005334,0.0,0.0,0.0,0.0,0.341999772000152,0.7866
2,1,4,6,0.75,18.79,726.0,3360,0,0.0,0,0,33.0,2,17,8,101.81815096419666,0.0,0.0,0.0,0.0,0.5693937668503736,0.750621354
2,1,4,4,0.75,30.1,849.0,7020,45,0.0,0,1,58.0,2,17,8,121.03446189061002,0.775861935196218,0.0,0.0,59.99920001066653,1.0379308555291629,0.750356125
2,0,4,6,0.8,2.9,0.0,960,0,0.0,0,0,8.0,2,17,8,119.99985000018751,0.0,0.0,0.0,0.0,0.3624995468755664,0.749166667
2,1,4,7,0.7,30.1,562.0,840,30,0.0,0,1,59.0,2,17,8,14.237285722493944,0.5084744900890694,0.0,0.0,42.85653062099114,1.020338810112066,0.700888203
2,1,4,11,0.7,11.41,1054.0,3420,30,0.0,0,2,56.0,2,17,8,61.071417665818274,0.5357141900510375,0.0,0.0,42.85653062099114,0.6112498908482338,0.700614035
2,1,4,3,0.7,30.1,1422.0,6960,50,0.0,0,1,58.0,2,17,8,119.9999793103484,0.8620688168846867,0.0,0.0,71.42755103498523,1.0379308555291629,0.700603448
2,0,4,4,0.75,5.13,0.0,960,0,0.0,0,0,8.0,2,17,8,119.99985000018751,0.0,0.0,0.0,0.0,0.6412491984385019,0.656666667
2,1,4,5,0.8,30.1,680.0,7140,0,0.0,0,0,59.0,2,17,8,121.01692864119853,0.0,0.0,0.0,0.0,0.510169405056033,0.653431373
2,1,4,9,0.65,18.79,2120.0,5520,0,0.0,0,1,51.0,2,17,8,108.23527289504452,0.0,0.0,0.0,0.0,0.7368626006151763,0.650134
2,1,4,8,0.6,29.4,179.0,0,23,5.0,30,2,58.0,2,17,8,0.0,0.3965516557669559,150.0,0.17006796936463628,38.33269445509242,1.520689392984587,0.600982906
2,0,4,9,0.8,3.94,0.0,960,0,0.0,0,0,8.0,2,17,8,119.99985000018751,0.0,0.0,0.0,0.0,0.49249938437576957,0.586041667
2,0,4,2,0.8,5.13,0.0,1800,0,0.0,0,0,15.0,2,17,8,119.99992000005334,0.0,0.0,0.0,0.0,0.341999772000152,0.5814
2,1,4,2,0.5,30.33,838.0,6720,0,0.0,0,1,56.0,2,17,8,119.9999785714324,0.0,0.0,0.0,0.0,1.0832140922831976,0.361071429
2,1,4,10,0.65,18.22,741.0,0,0,8.0,35,1,49.0,2,17,8,0.0,0.0,280.0,0.43907769534703883,0.0,0.7436733176176902,0.302117347
2,0,5,12,0.8,5.13,0.0,1200,0,0.0,0,0,10.0,2,18,8,119.99988000012,0.0,0.0,0.0,0.0,0.512999487000513,0.9918
2,0,5,6,0.8,2.9,0.0,1440,0,0.0,0,0,12.0,2,18,8,119.99990000008334,0.0,0.0,0.0,0.0,0.2416664652779456,0.936861111
2,0,5,2,0.8,5.13,0.0,1440,0,0.0,0,0,12.0,2,18,8,119.99990000008334,0.0,0.0,0.0,0.0,0.42749964375029686,0.919125
2,1,5,11,0.7,11.41,685.0,3360,30,0.0,0,2,56.0,2,18,8,59.9999892857162,0.5357141900510375,0.0,0.0,42.85653062099114,0.6112498908482338,0.8211125
2,1,5,4,0.8,30.1,864.0,480,50,0.0,0,1,58.0,2,18,8,8.275860642092992,0.8620688168846867,0.0,0.0,62.499218759765505,1.0379308555291629,0.800980392
2,1,5,5,0.8,30.1,511.0,0,0,0.0,0,0,59.0,2,18,8,0.0,0.0,0.0,0.0,0.0,0.510169405056033,0.800980392
2,1,5,12,0.8,15.26,1095.0,4080,63,0.0,0,0,34.0,2,18,8,119.99996470589272,1.8529406314880494,0.0,0.0,78.74901563730454,0.4488233974048831,0.800401961
2,1,5,1,0.8,22.52,1374.0,3960,63,0.0,0,0,57.0,2,18,8,69.4736720221628,1.1052629639889535,0.0,0.0,78.74901563730454,0.39508764998462276,0.800279693
2,1,5,6,0.75,18.79,759.0,3960,34,0.0,0,0,33.0,2,18,8,119.99996363637464,1.0303027180900852,0.0,0.0,45.33272889694804,0.5693937668503736,0.75065101
2,1,5,7,0.75,30.1,553.0,2280,45,0.0,0,1,59.0,2,18,8,38.644061246769276,0.7627117351336041,0.0,0.0,59.99920001066653,1.020338810112066,0.75053268
2,0,5,4,0.75,5.13,0.0,960,0,0.0,0,0,8.0,2,18,8,119.99985000018751,0.0,0.0,0.0,0.0,0.6412491984385019,0.734645833
2,1,5,3,0.7,30.1,1057.0,0,40,0.0,0,1,58.0,2,18,8,0.0,0.6896550535077494,0.0,0.0,57.142040827988176,1.0379308555291629,0.700603448
2,1,5,9,0.7,18.79,1587.0,4560,30,0.0,0,1,51.0,2,18,8,89.41174717416722,0.5882351787774159,0.0,0.0,42.85653062099114,0.7368626006151763,0.70009573
2,0,5,7,0.7,5.13,0.0,960,0,0.0,0,0,8.0,2,18,8,119.99985000018751,0.0,0.0,0.0,0.0,0.6412491984385019,0.671875
2,0,5,10,0.8,3.94,0.0,960,0,0.0,0,0,8.0,2,18,8,119.99985000018751,0.0,0.0,0.0,0.0,0.49249938437576957,0.64025
2,0,5,8,0.7,5.13,0.0,960,0,0.0,0,0,8.0,2,18,8,119.99985000018751,0.0,0.0,0.0,0.0,0.6412491984385019,0.58
2,0,5,9,0.8,3.94,0.0,960,0,0.0,0,0,8.0,2,18,8,119.99985000018751,0.0,0.0,0.0,0.0,0.49249938437576957,0.549791667
2,1,5,2,0.6,30.33,868.0,6840,0,0.0,0,1,57.0,2,18,8,119.99997894737211,0.0,0.0,0.0,0.0,1.0642103396122211,0.328131579
2,1,5,10,0.7,19.68,1119.0,5640,0,8.0,35,1,47.0,2,18,8,119.99997446809053,0.0,280.0,0.40650385848381176,0.0,0.8374466303305041,0.303574468
2,0,5,3,0.5,5.13,0.0,960,0,0.0,0,0,8.0,2,18,8,119.99985000018751,0.0,0.0,0.0,0.0,0.6412491984385019,0.2565
2,1,5,8,0.65,29.4,962.0,4560,0,4.5,30,2,57.0,2,18,8,79.99998596491474,0.0,135.0,0.15306117242817266,0.0,1.5473681495845348,0.251399254
2,0,3,3,0.5,5.13,0.0,2880,0,0.0,0,0,12.0,2,19,8,239.9998000001667,0.0,0.0,0.0,0.0,0.42749964375029686,0.81640625
2,1,3,12,0.8,15.26,1126.0,1080,38,0.0,0,0,34.0,2,19,8,31.764696539795132,1.1176467301039028,0.0,0.0,47.49940625742178,0.4488233974048831,0.800711494
2,1,3,1,0.8,22.52,265.0,3840,63,0.0,0,0,57.0,2,19,8,67.36840923361241,1.1052629639889535,0.0,0.0,78.74901563730454,0.39508764998462276,0.800470513
2,1,3,4,0.8,30.1,859.0,7020,63,0.0,0,1,58.5,2,19,8,119.99997948718298,1.0769228928336936,0.0,0.0,78.74901563730454,1.029059653152196,0.800094017
2,1,3,5,0.8,30.1,276.0,600,63,3.5,15,0,59.5,2,19,8,10.084031918650098,1.0588233514582601,52.5,0.1162790311365345,78.74901563730454,0.5058822679189465,0.799982853
2,0,3,6,0.8,2.9,0.0,4320,0,0.0,0,0,18.0,2,19,8,239.99986666674076,0.0,0.0,0.0,0.0,0.161111021604988,0.785864198
2,1,3,6,0.75,18.79,899.0,3960,56,0.0,0,0,33.0,2,19,8,119.99996363637464,1.6969691827366111,0.0,0.0,74.66567112438501,0.5693937668503736,0.75065101
2,0,3,10,0.8,3.94,0.0,2400,0,0.0,0,0,10.0,2,19,8,239.99976000024,0.0,0.0,0.0,0.0,0.393999606000394,0.733277778
2,0,3,2,0.8,5.13,0.0,3600,0,0.0,0,0,15.0,2,19,8,239.99984000010667,0.0,0.0,0.0,0.0,0.341999772000152,0.710125
2,1,3,3,0.7,30.1,247.0,6960,50,0.0,0,1,58.0,2,19,8,119.9999793103484,0.8620688168846867,0.0,0.0,71.42755103498523,1.0379308555291629,0.700603448
2,1,3,11,0.7,11.41,653.0,3480,30,0.0,0,2,58.0,2,19,8,59.9999896551742,0.517241290130812,0.0,0.0,42.85653062099114,0.5901723120392566,0.700540441
2,1,3,8,0.7,29.4,1116.0,6240,0,0.0,0,2,57.0,2,19,8,109.47366500462017,0.0,0.0,0.0,0.0,1.5473681495845348,0.7
2,0,3,4,0.75,5.13,0.0,1920,0,0.0,0,0,8.0,2,19,8,239.99970000037501,0.0,0.0,0.0,0.0,0.6412491984385019,0.684027778
2,0,3,8,0.7,5.13,0.0,1920,0,0.0,0,0,8.0,2,19,8,239.99970000037501,0.0,0.0,0.0,0.0,0.6412491984385019,0.672135417
2,1,3,9,0.7,18.79,1603.0,6120,30,0.0,0,1,51.0,2,19,8,119.99997647059284,0.5882351787774159,0.0,0.0,42.85653062099114,0.7368626006151763,0.638614379
2,0,3,5,0.75,5.13,0.0,1920,0,0.0,0,0,8.0,2,19,8,239.99970000037501,0.0,0.0,0.0,0.0,0.6412491984385019,0.631354167
2,1,3,7,0.75,30.1,444.0,0,0,5.0,20,1,59.0,2,19,8,0.0,0.0,100.0,0.16611290162362072,0.0,1.020338810112066,0.611140537
2,0,3,12,0.8,5.13,0.0,2160,0,0.0,0,0,9.0,2,19,8,239.99973333362965,0.0,0.0,0.0,0.0,0.5699993666673704,0.609583333
2,1,3,2,0.65,30.33,841.0,6840,0,0.0,0,1,57.0,2,19,8,119.99997894737211,0.0,0.0,0.0,0.0,1.0642103396122211,0.585315789
2,1,3,10,0.7,19.68,1410.0,5760,0,0.0,0,1,48.0,2,19,8,119.99997500000521,0.0,0.0,0.0,0.0,0.8199998291667022,0.249416667
3,0,2,3,0.5,5.13,0.0,1800,0,0.0,0,0,15.0,2,22,8,119.99992000005334,0.0,0.0,0.0,0.0,0.341999772000152,0.8721
3,0,2,6,0.8,2.9,0.0,960,0,0.0,0,0,8.0,2,22,8,119.99985000018751,0.0,0.0,0.0,0.0,0.3624995468755664,0.8319375
3,0,2,2,0.8,5.13,0.0,4800,0,0.0,0,0,20.0,2,22,8,239.99988000006002,0.0,0.0,0.0,0.0,0.2564998717500641,0.8300625
3,0,2,11,0.6,2.9,0.0,2880,0,0.0,0,0,12.0,2,22,8,239.9998000001667,0.0,0.0,0.0,0.0,0.2416664652779456,0.805555556
3,1,2,12,0.8,15.26,1103.0,4080,63,0.0,0,0,34.0,2,22,8,119.99996470589272,1.8529406314880494,0.0,0.0,78.74901563730454,0.4488233974048831,0.800401961
3,1,2,4,0.8,30.1,922.0,5820,63,0.0,0,1,59.0,2,22,8,98.64405107727947,1.0677964291870459,0.0,0.0,78.74901563730454,1.020338810112066,0.80000295
3,0,2,12,0.8,5.13,0.0,2400,0,0.0,0,0,10.0,2,22,8,239.99976000024,0.0,0.0,0.0,0.0,0.512999487000513,0.78375
3,0,2,9,0.8,3.94,0.0,2400,0,0.0,0,0,10.0,2,22,8,239.99976000024,0.0,0.0,0.0,0.0,0.393999606000394,0.753525
3,1,2,6,0.75,18.79,1055.0,3960,45,0.0,0,0,33.0,2,22,8,119.99996363637464,1.3636359504133482,0.0,0.0,59.99920001066653,0.5693937668503736,0.75065101
3,0,2,1,0.8,3.94,0.0,2880,0,0.0,0,0,12.0,2,22,8,239.9998000001667,0.0,0.0,0.0,0.0,0.32833305972245025,0.727349537
3,1,2,8,0.7,29.4,1146.0,6840,40,0.0,0,2,57.0,2,22,8,119.99997894737211,0.7017542628501293,0.0,0.0,57.142040827988176,1.5473681495845348,0.700614035
3,1,2,2,0.7,30.33,746.0,6840,0,0.0,0,1,57.0,2,22,8,119.99997894737211,0.0,0.0,0.0,0.0,1.0642103396122211,0.700605263
3,1,2,11,0.75,11.41,834.0,3480,0,0.0,0,2,58.0,2,22,8,59.9999896551742,0.0,0.0,0.0,0.0,0.5901723120392566,0.672140805
3,1,2,9,0.7,18.79,1717.0,3240,30,0.0,0,1,57.0,2,22,8,56.84209529086047,0.526315697137597,0.0,0.0,42.85653062099114,0.6592981299476964,0.627011183
3,1,2,3,0.7,30.1,1041.0,8160,33,0.0,0,2,58.0,2,22,8,140.68963091558086,0.5689654191438932,0.0,0.0,47.142183683090245,1.5568962832937443,0.626577778
3,1,2,10,0.7,21.25,1531.0,6000,0,0.0,0,1,50.0,2,22,8,119.99997600000479,0.0,0.0,0.0,0.0,0.849999830000034,0.456875
3,1,2,7,0.75,30.1,627.0,6960,0,3.5,20,1,58.0,2,22,8,119.9999793103484,0.0,70.0,0.1162790311365345,0.0,1.0379308555291629,0.393548851
3,0,2,10,0.8,3.94,0.0,960,0,0.0,0,0,8.0,2,22,8,119.99985000018751,0.0,0.0,0.0,0.0,0.49249938437576957,0.385791667
3,1,2,5,0.8,30.1,450.0,5700,0,4.5,25,0,60.0,2,22,8,94.99998416666931,0.0,112.5,0.14950161146125865,0.0,0.5016665830555694,0.307501459
3,0,2,7,0.7,5.13,0.0,960,0,0.0,0,0,8.0,2,22,8,119.99985000018751,0.0,0.0,0.0,0.0,0.6412491984385019,0.283958333
3,0,0,10,0.8,3.94,0.0,2400,0,0.0,0,0,20.0,2,23,9,119.99994000003001,0.0,0.0,0.0,0.0,0.19699990150004926,0.955791667
3,0,0,8,0.7,5.13,0.0,960,0,0.0,0,0,8.0,2,23,9,119.99985000018751,0.0,0.0,0.0,0.0,0.6412491984385019,0.930416667
3,0,0,12,0.8,5.13,0.0,1080,0,0.0,0,0,9.0,2,23,9,119.99986666681482,0.0,0.0,0.0,0.0,0.5699993666673704,0.9025
3,0,0,3,0.8,5.13,0.0,2160,0,0.0,0,0,18.0,2,23,9,119.99993333337038,0.0,0.0,0.0,0.0,0.2849998416667546,0.87115
3,1,0,12,0.8,15.26,1060.0,4080,63,0.0,0,0,34.0,2,23,9,119.99996470589272,1.8529406314880494,0.0,0.0,78.74901563730454,0.4488233974048831,0.800401961
3,1,0,4,0.8,30.1,891.0,7140,38,0.0,0,1,59.0,2,23,9,121.01692864119853,0.6440676874461546,0.0,0.0,47.49940625742178,1.020338810112066,0.800137255
3,1,0,5,0.8,30.1,541.0,7140,38,0.0,0,0,59.0,2,23,9,121.01692864119853,0.6440676874461546,0.0,0.0,47.49940625742178,0.510169405056033,0.800137255
3,1,0,7,0.75,30.1,709.0,6960,45,0.0,0,1,58.0,2,23,9,119.9999793103484,0.775861935196218,0.0,0.0,59.99920001066653,1.0379308555291629,0.750770115
3,1,0,6,0.75,18.79,1100.0,3960,45,0.0,0,0,33.0,2,23,9,119.99996363637464,1.3636359504133482,0.0,0.0,59.99920001066653,0.5693937668503736,0.75065101
3,1,0,11,0.75,11.41,826.0,2820,0,0.0,0,2,58.0,2,23,9,48.62068127229633,0.0,0.0,0.0,0.0,0.5901723120392566,0.750293939
3,1,0,2,0.7,30.33,577.0,2160,30,0.0,0,1,58.0,2,23,9,37.241372889418464,0.517241290130812,0.0,0.0,42.85653062099114,1.045861888644502,0.700623
3,1,0,8,0.7,29.4,1094.0,6840,40,0.0,0,2,57.0,2,23,9,119.99997894737211,0.7017542628501293,0.0,0.0,57.142040827988176,1.5473681495845348,0.700614035
3,1,0,3,0.7,29.4,1228.0,6960,30,0.0,0,2,58.0,2,23,9,119.9999793103484,0.517241290130812,0.0,0.0,42.85653062099114,1.520689392984587,0.700362069
3,1,0,9,0.7,18.79,1641.0,6000,40,0.0,0,1,50.0,2,23,9,119.99997600000479,0.799999840000032,0.0,0.0,57.142040827988176,0.75159984968003,0.60128
3,1,0,10,0.7,21.25,1583.0,6000,0,0.0,0,1,50.0,2,23,9,119.99997600000479,0.0,0.0,0.0,0.0,0.849999830000034,0.417916667
3,0,0,6,0.8,2.9,0.0,960,0,0.0,0,0,8.0,2,23,9,119.99985000018751,0.0,0.0,0.0,0.0,0.3624995468755664,0.3715625
3,0,0,9,0.8,2.9,0.0,960,0,0.0,0,0,8.0,2,23,9,119.99985000018751,0.0,0.0,0.0,0.0,0.3624995468755664,0.3715625
3,0,0,2,0.8,5.13,0.0,960,0,0.0,0,0,8.0,2,23,9,119.99985000018751,0.0,0.0,0.0,0.0,0.6412491984385019,0.36871875
3,0,0,7,0.7,5.13,0.0,960,0,0.0,0,0,8.0,2,23,9,119.99985000018751,0.0,0.0,0.0,0.0,0.6412491984385019,0.356458333
3,0,4,10,0.7,2.9,0.0,1800,0,0.0,0,0,15.0,2,24,9,119.99992000005334,0.0,0.0,0.0,0.0,0.19333320444453037,0.902222222
3,0,4,3,0.8,4.6,0.0,1440,0,0.0,0,0,12.0,2,24,9,119.99990000008334,0.0,0.0,0.0,0.0,0.3833330138891551,0.811388889
3,1,4,12,0.8,15.26,1062.0,4080,50,0.0,0,0,34.0,2,24,9,119.99996470589272,1.4705878027682933,0.0,0.0,62.499218759765505,0.4488233974048831,0.800401961
3,1,4,5,0.8,30.1,450.0,7140,50,0.0,0,0,60.0,2,24,9,118.99998016666997,0.8333331944444675,0.0,0.0,62.499218759765505,0.5016665830555694,0.800137255
3,1,4,4,0.8,30.1,901.0,6480,50,0.0,0,1,59.0,2,24,9,109.830489859239,0.8474574834817824,0.0,0.0,62.499218759765505,1.020338810112066,0.800071839
3,0,4,8,0.7,4.6,0.0,960,0,0.0,0,0,8.0,2,24,9,119.99985000018751,0.0,0.0,0.0,0.0,0.5749992812508984,0.791458333
3,1,4,7,0.75,30.1,739.0,5640,45,0.0,0,1,59.0,2,24,9,95.59320413674506,0.7627117351336041,0.0,0.0,59.99920001066653,1.020338810112066,0.750727326
3,1,4,6,0.75,18.79,913.0,3360,45,0.0,0,0,33.0,2,24,9,101.81815096419666,1.3636359504133482,0.0,0.0,59.99920001066653,0.5693937668503736,0.75065101
3,1,4,11,0.75,11.61,698.0,3360,34,0.0,0,2,57.0,2,24,9,58.94735807941086,0.5964911234226099,0.0,0.0,45.33272889694804,0.6110525243767501,0.750437269
3,1,4,3,0.75,29.4,1172.0,5340,45,0.0,0,2,60.0,2,24,9,88.99998516666913,0.7499998750000207,0.0,0.0,59.99920001066653,1.4699997550000405,0.750176991
3,0,4,6,0.75,2.9,0.0,1800,0,0.0,0,0,15.0,2,24,9,119.99992000005334,0.0,0.0,0.0,0.0,0.19333320444453037,0.726933333
3,0,4,9,0.7,2.9,0.0,1800,0,0.0,0,0,15.0,2,24,9,119.99992000005334,0.0,0.0,0.0,0.0,0.19333320444453037,0.726933333
3,1,4,2,0.7,30.33,408.0,1680,30,0.0,0,1,59.0,2,24,9,28.474571444987888,0.5084744900890694,0.0,0.0,42.85653062099114,1.0281354189600984,0.700623
3,1,4,8,0.7,29.4,1079.0,4560,40,0.0,0,2,58.0,2,24,9,78.62067609988343,0.6896550535077494,0.0,0.0,57.142040827988176,1.520689392984587,0.700518519
3,1,4,9,0.7,18.79,1068.0,3000,30,0.0,0,1,52.0,2,24,9,57.69229659763526,0.5769229659763526,0.0,0.0,42.85653062099114,0.7226921687130444,0.700256795
3,0,4,11,0.7,2.9,0.0,960,0,0.0,0,0,8.0,2,24,9,119.99985000018751,0.0,0.0,0.0,0.0,0.3624995468755664,0.5046875
3,1,4,10,0.7,21.25,1834.0,6360,0,0.0,0,1,53.0,2,24,9,119.99997735849483,0.0,0.0,0.0,0.0,0.8018866411534639,0.471108491
3,0,4,2,0.7,3.9,0.0,960,0,0.0,0,0,8.0,2,24,9,119.99985000018751,0.0,0.0,0.0,0.0,0.48749939062576175,0.325
3,1,4,1,0.6,22.53,708.0,5040,0,0.0,0,1,42.0,2,24,9,119.99997142857822,0.0,0.0,0.0,0.0,1.0728568874150268,0.268214286
3,1,5,9,0.75,18.79,1085.0,6240,56,0.0,0,1,52.0,2,25,9,119.99997692308135,1.076922869822525,0.0,0.0,74.66567112438501,0.7226921687130444,0.970816667
3,0,5,5,0.8,4.6,0.0,1080,0,0.0,0,0,9.0,2,25,9,119.99986666681482,0.0,0.0,0.0,0.0,0.5111105432105075,0.902962963
3,0,5,3,0.8,4.6,0.0,2400,0,0.0,0,0,20.0,2,25,9,119.99994000003001,0.0,0.0,0.0,0.0,0.2299998850000575,0.900833333
3,0,5,12,0.8,4.6,0.0,1800,0,0.0,0,0,15.0,2,25,9,119.99992000005334,0.0,0.0,0.0,0.0,0.3066664622223585,0.899555556
3,0,5,10,0.7,2.9,0.0,1200,0,0.0,0,0,10.0,2,25,9,119.99988000012,0.0,0.0,0.0,0.0,0.28999971000029,0.845833333
3,1,5,4,0.8,30.1,323.0,4080,50,0.0,0,1,59.0,2,25,9,69.15253065211344,0.8474574834817824,0.0,0.0,62.499218759765505,1.020338810112066,0.800808642
3,1,5,12,0.8,15.26,1053.0,4080,50,0.0,0,0,34.0,2,25,9,119.99996470589272,1.4705878027682933,0.0,0.0,62.499218759765505,0.4488233974048831,0.800401961
3,1,5,7,0.8,30.1,786.0,7080,50,0.0,0,2,59.0,2,25,9,119.99997966102039,0.8474574834817824,0.0,0.0,62.499218759765505,1.5305082151680993,0.800115819
3,1,5,6,0.75,18.79,1003.0,3960,45,0.0,0,1,33.0,2,25,9,119.99996363637464,1.3636359504133482,0.0,0.0,59.99920001066653,1.1387875337007471,0.75065101
3,1,5,11,0.75,11.61,635.0,3360,45,0.0,0,0,57.0,2,25,9,58.94735807941086,0.7894735457063955,0.0,0.0,59.99920001066653,0.20368417479225,0.750503571
3,1,5,3,0.75,29.4,1283.0,6960,45,0.0,0,2,58.0,2,25,9,119.9999793103484,0.775861935196218,0.0,0.0,59.99920001066653,1.520689392984587,0.750206897
3,1,5,8,0.7,29.4,847.0,6960,30,0.0,0,1,58.0,2,25,9,119.9999793103484,0.517241290130812,0.0,0.0,42.85653062099114,1.0137929286563916,0.700362069
3,1,5,2,0.7,30.33,361.0,3960,30,0.0,0,1,58.0,2,25,9,68.27585029726718,0.517241290130812,0.0,0.0,42.85653062099114,1.045861888644502,0.700069811
3,1,5,10,0.7,21.82,1653.0,6240,0,0.0,0,2,52.0,2,25,9,119.99997692308135,0.0,0.0,0.0,0.0,1.2588459117604016,0.700058333
3,0,5,7,0.75,4.6,0.0,960,0,0.0,0,0,8.0,2,25,9,119.99985000018751,0.0,0.0,0.0,0.0,0.5749992812508984,0.676666667
3,0,5,8,0.7,4.6,0.0,960,0,0.0,0,0,8.0,2,25,9,119.99985000018751,0.0,0.0,0.0,0.0,0.5749992812508984,0.658541667
3,1,5,5,0.8,30.1,15.0,1200,49,0.0,0,1,59.0,2,25,9,20.338979603562777,0.8305083338121467,0.0,0.0,61.249234384570194,1.020338810112066,0.598792339
3,1,5,1,0.65,22.53,762.0,5040,0,0.0,0,1,42.0,2,25,9,119.99997142857822,0.0,0.0,0.0,0.0,1.0728568874150268,0.581130952
3,0,5,2,0.7,3.9,0.0,960,0,0.0,0,0,8.0,2,25,9,119.99985000018751,0.0,0.0,0.0,0.0,0.48749939062576175,0.440375
3,0,5,6,0.75,2.9,0.0,960,0,0.0,0,0,8.0,2,25,9,119.99985000018751,0.0,0.0,0.0,0.0,0.3624995468755664,0.410833333
3,0,5,9,0.7,2.9,0.0,960,0,0.0,0,0,8.0,2,25,9,119.99985000018751,0.0,0.0,0.0,0.0,0.3624995468755664,0.410833333
3,0,3,3,0.8,4.6,0.0,6300,0,0.0,0,0,15.0,2,26,9,419.9997200001867,0.0,0.0,0.0,0.0,0.3066664622223585,0.921703704
3,0,3,5,0.8,4.6,0.0,7560,0,0.0,0,0,18.0,2,26,9,419.9997666667963,0.0,0.0,0.0,0.0,0.2555554135803258,0.921604938
3,1,3,7,0.8,30.1,694.0,4080,50,0.0,0,1,59.0,2,26,9,69.15253065211344,0.8474574834817824,0.0,0.0,62.499218759765505,1.020338810112066,0.800808642
3,1,3,11,0.8,11.61,816.0,2820,50,0.0,0,2,57.0,2,26,9,49.473675530934116,0.8771928285626616,0.0,0.0,62.499218759765505,0.6110525243767501,0.800516667
3,1,3,12,0.8,15.26,1065.0,4080,63,0.0,0,0,34.0,2,26,9,119.99996470589272,1.8529406314880494,0.0,0.0,78.74901563730454,0.4488233974048831,0.800401961
3,0,3,1,0.5,3.94,0.0,3360,0,0.0,0,0,8.0,2,26,9,419.9994750006563,0.0,0.0,0.0,0.0,0.49249938437576957,0.768847222
3,1,3,6,0.75,18.79,912.0,3960,45,0.0,0,0,33.0,2,26,9,119.99996363637464,1.3636359504133482,0.0,0.0,59.99920001066653,0.5693937668503736,0.75065101
3,1,3,3,0.75,29.4,1244.0,6840,45,0.0,0,2,57.0,2,26,9,119.99997894737211,0.7894735457063955,0.0,0.0,59.99920001066653,1.5473681495845348,0.750473684
3,1,3,9,0.75,18.79,1020.0,5640,45,0.0,0,1,52.0,2,26,9,108.4615176035543,0.865384448964529,0.0,0.0,59.99920001066653,0.7226921687130444,0.750371895
3,1,3,8,0.75,29.4,916.0,6960,56,0.0,0,2,58.0,2,26,9,119.9999793103484,0.9655170749108491,0.0,0.0,74.66567112438501,1.520689392984587,0.750206897
3,1,3,10,0.7,21.82,1591.0,3240,0,0.0,0,1,52.0,2,26,9,62.307680325446086,0.0,0.0,0.0,0.0,0.8392306078402677,0.700251773
3,1,3,2,0.7,30.33,398.0,6960,0,0.0,0,1,58.0,2,26,9,119.9999793103484,0.0,0.0,0.0,0.0,1.045861888644502,0.66237931
3,0,3,12,0.8,4.6,0.0,3780,0,0.0,0,0,9.0,2,26,9,419.99953333385184,0.0,0.0,0.0,0.0,0.5111105432105075,0.590617284
3,0,3,2,0.7,3.9,0.0,960,0,0.0,0,0,8.0,2,26,9,119.99985000018751,0.0,0.0,0.0,0.0,0.48749939062576175,0.5565625
3,1,3,4,0.8,30.1,437.0,7080,32,0.0,0,2,59.0,2,26,9,119.99997966102039,0.5423727894283408,0.0,0.0,39.999500006249924,1.5305082151680993,0.495617514
3,1,3,5,0.35,27.48,413.0,6840,38,0.0,0,1,57.0,2,26,9,119.99997894737211,0.6666665497076228,0.0,0.0,108.56832661923946,0.9642103571560776,0.449964912
3,0,3,10,0.7,2.9,0.0,3360,0,0.0,0,0,8.0,2,26,9,419.9994750006563,0.0,0.0,0.0,0.0,0.3624995468755664,0.410833333
3,0,3,9,0.75,2.9,0.0,960,0,0.0,0,0,8.0,2,26,9,119.99985000018751,0.0,0.0,0.0,0.0,0.3624995468755664,0.4078125
3,1,3,1,0.35,26.66,1164.0,6600,23,0.0,0,2,55.0,2,26,9,119.99997818182214,0.4181817421487741,0.0,0.0,65.71240821690809,1.454181553785172,0.378895152
3,0,3,8,0.75,4.6,0.0,3360,0,0.0,0,0,8.0,2,26,9,419.9994750006563,0.0,0.0,0.0,0.0,0.5749992812508984,0.376597222
3,0,3,6,0.75,2.9,0.0,3360,0,0.0,0,0,8.0,2,26,9,419.9994750006563,0.0,0.0,0.0,0.0,0.3624995468755664,0.271875
3,0,1,3,0.8,4.6,0.0,6300,0,0.0,0,0,15.0,2,28,9,419.9997200001867,0.0,0.0,0.0,0.0,0.3066664622223585,0.921703704
3,0,1,5,0.8,4.6,0.0,7560,0,0.0,0,0,18.0,2,28,9,419.9997666667963,0.0,0.0,0.0,0.0,0.2555554135803258,0.921604938
3,1,1,11,0.8,11.61,954.0,0,50,0.0,0,2,58.0,2,28,9,0.0,0.8620688168846867,0.0,0.0,62.499218759765505,0.6005171378418728,0.800779018
3,1,1,12,0.8,15.26,1194.0,1700,62,0.0,0,0,34.0,2,28,9,49.99998529412197,1.8235288754326835,0.0,0.0,77.49903126210923,0.4488233974048831,0.800260821
3,1,1,7,0.8,30.1,644.0,840,38,0.0,0,1,59.0,2,28,9,14.237285722493944,0.6440676874461546,0.0,0.0,47.49940625742178,1.020338810112066,0.799982853
3,0,1,1,0.5,3.94,0.0,3360,0,0.0,0,0,8.0,2,28,9,419.9994750006563,0.0,0.0,0.0,0.0,0.49249938437576957,0.768847222
3,1,1,3,0.75,29.4,1144.0,4440,45,0.0,0,2,57.0,2,28,9,77.89472317636435,0.7894735457063955,0.0,0.0,59.99920001066653,1.5473681495845348,0.750716981
3,1,1,6,0.75,18.79,1012.0,3960,45,0.0,0,0,33.0,2,28,9,119.99996363637464,1.3636359504133482,0.0,0.0,59.99920001066653,0.5693937668503736,0.75065101
3,1,1,8,0.75,29.4,792.0,4560,56,0.0,0,2,58.0,2,28,9,78.62067609988343,0.9655170749108491,0.0,0.0,74.66567112438501,1.520689392984587,0.750425926
3,1,1,9,0.75,18.79,841.0,6240,45,0.0,0,1,52.0,2,28,9,119.99997692308135,0.865384448964529,0.0,0.0,59.99920001066653,0.7226921687130444,0.750395513
3,1,1,10,0.7,21.82,1448.0,6120,40,0.0,0,1,51.0,2,28,9,119.99997647059284,0.7843135717032211,0.0,0.0,57.142040827988176,0.8556861067282143,0.700236601
3,1,1,2,0.7,30.33,512.0,4560,0,0.0,0,1,58.0,2,28,9,78.62067609988343,0.0,0.0,0.0,0.0,1.045861888644502,0.700211111
3,0,1,12,0.8,4.6,0.0,3780,0,0.0,0,0,9.0,2,28,9,419.99953333385184,0.0,0.0,0.0,0.0,0.5111105432105075,0.590617284
3,0,1,2,0.7,3.9,0.0,960,0,0.0,0,0,8.0,2,28,9,119.99985000018751,0.0,0.0,0.0,0.0,0.48749939062576175,0.5565625
3,1,1,5,0.5,27.48,609.0,6840,30,0.0,0,1,57.0,2,28,9,119.99997894737211,0.526315697137597,0.0,0.0,59.99880002399953,0.9642103571560776,0.550403509
3,1,1,1,0.5,26.66,1448.0,6840,30,0.0,0,2,57.0,2,28,9,119.99997894737211,0.526315697137597,0.0,0.0,59.99880002399953,1.4031576485688335,0.550349708
3,1,1,4,0.5,26.66,556.0,6960,23,0.0,0,2,58.0,2,28,9,119.9999793103484,0.3965516557669559,0.0,0.0,45.99908001839964,1.3789652794887448,0.500258046
3,0,1,10,0.7,2.9,0.0,3360,0,0.0,0,0,8.0,2,28,9,419.9994750006563,0.0,0.0,0.0,0.0,0.3624995468755664,0.410833333
3,0,1,9,0.75,2.9,0.0,960,0,0.0,0,0,8.0,2,28,9,119.99985000018751,0.0,0.0,0.0,0.0,0.3624995468755664,0.4078125
3,0,1,8,0.75,4.6,0.0,3360,0,0.0,0,0,8.0,2,28,9,419.9994750006563,0.0,0.0,0.0,0.0,0.5749992812508984,0.376597222
3,0,1,6,0.75,2.9,0.0,3360,0,0.0,0,0,8.0,2,28,9,419.9994750006563,0.0,0.0,0.0,0.0,0.3624995468755664,0.271875
0,0,2,3,0.8,4.6,0.0,10500,0,0.0,0,0,25.0,3,1,9,419.9998320000672,0.0,0.0,0.0,0.0,0.18399992640002943,0.936355556
0,0,2,8,0.75,4.6,0.0,3360,0,0.0,0,0,8.0,3,1,9,419.9994750006563,0.0,0.0,0.0,0.0,0.5749992812508984,0.813611111
0,1,2,12,0.8,15.26,1106.0,4080,63,0.0,0,0,34.0,3,1,9,119.99996470589272,1.8529406314880494,0.0,0.0,78.74901563730454,0.4488233974048831,0.800401961
0,1,2,8,0.75,29.4,622.0,6240,56,0.0,0,0,57.0,3,1,9,109.47366500462017,0.982455967990181,0.0,0.0,74.66567112438501,0.515789383194845,0.75075
0,1,2,6,0.75,18.79,1193.0,3960,45,0.0,0,0,33.0,3,1,9,119.99996363637464,1.3636359504133482,0.0,0.0,59.99920001066653,0.5693937668503736,0.75065101
0,1,2,3,0.75,29.4,1143.0,6840,45,0.0,0,0,57.0,3,1,9,119.99997894737211,0.7894735457063955,0.0,0.0,59.99920001066653,0.515789383194845,0.750473684
0,1,2,9,0.75,18.79,895.0,6240,34,0.0,0,0,52.0,3,1,9,119.99997692308135,0.653846028106533,0.0,0.0,45.33272889694804,0.3613460843565222,0.750395513
0,1,2,5,0.6,27.48,549.0,6720,38,0.0,0,0,56.0,3,1,9,119.9999785714324,0.6785713073979808,0.0,0.0,63.33227779537008,0.4907141980867503,0.707446429
0,1,2,10,0.7,21.82,1393.0,5640,30,0.0,0,0,52.0,3,1,9,108.4615176035543,0.5769229659763526,0.0,0.0,42.85653062099114,0.41961530392013385,0.700236601
0,1,2,1,0.6,26.66,1578.0,6840,38,0.0,0,0,57.0,3,1,9,119.99997894737211,0.6666665497076228,0.0,0.0,63.33227779537008,0.46771921618961115,0.700019883
0,1,2,2,0.7,30.33,254.0,1800,0,0.0,0,0,58.0,3,1,9,31.034477407848723,0.0,0.0,0.0,0.0,0.522930944322251,0.683550607
0,1,2,11,0.8,11.61,347.0,0,50,4.0,20,0,57.0,3,1,9,0.0,0.8771928285626616,80.0,0.3445302803356759,62.499218759765505,0.20368417479225,0.682433036
0,0,2,4,0.6,3.94,0.0,960,0,0.0,0,0,8.0,3,1,9,119.99985000018751,0.0,0.0,0.0,0.0,0.49249938437576957,0.673083333
0,0,2,10,0.7,2.9,0.0,3360,0,0.0,0,0,8.0,3,1,9,419.9994750006563,0.0,0.0,0.0,0.0,0.3624995468755664,0.664583333
0,1,2,4,0.6,26.66,692.0,6840,23,0.0,0,0,57.0,3,1,9,119.99997894737211,0.40350870113882437,0.0,0.0,38.33269445509242,0.46771921618961115,0.600239766
0,0,2,2,0.7,3.9,0.0,960,0,0.0,0,0,8.0,3,1,9,119.99985000018751,0.0,0.0,0.0,0.0,0.48749939062576175,0.585
0,1,2,7,0.8,30.1,934.0,6960,0,3.5,15,0,58.0,3,1,9,119.9999793103484,0.0,52.5,0.1162790311365345,0.0,0.5189654277645814,0.579511494
0,0,2,1,0.6,3.94,0.0,3360,0,0.0,0,0,8.0,3,1,9,419.9994750006563,0.0,0.0,0.0,0.0,0.49249938437576957,0.448722222
0,0,2,9,0.75,2.9,0.0,960,0,0.0,0,0,8.0,3,1,9,119.99985000018751,0.0,0.0,0.0,0.0,0.3624995468755664,0.447083333
0,0,2,7,0.8,4.6,0.0,3360,0,0.0,0,0,8.0,3,1,9,419.9994750006563,0.0,0.0,0.0,0.0,0.5749992812508984,0.350416667
0,0,0,2,0.7,3.9,0.0,1200,0,0.0,0,0,10.0,3,2,10,119.99988000012,0.0,0.0,0.0,0.0,0.38999961000039,0.92885
0,0,0,3,0.8,4.6,0.0,10080,0,0.0,0,0,24.0,3,2,10,419.9998250000729,0.0,0.0,0.0,0.0,0.19166658680558882,0.86037037
0,0,0,4,0.65,3.94,0.0,960,0,0.0,0,0,8.0,3,2,10,119.99985000018751,0.0,0.0,0.0,0.0,0.49249938437576957,0.806879167
0,1,0,1,0.65,26.66,1527.0,6840,65,0.0,0,0,57.0,3,2,10,119.99997894737211,1.14035067713146,0.0,0.0,99.99846156212982,0.46771921618961115,0.800579532
0,1,0,12,0.8,15.26,1035.0,4080,63,0.0,0,0,34.0,3,2,10,119.99996470589272,1.8529406314880494,0.0,0.0,78.74901563730454,0.4488233974048831,0.800401961
0,0,0,9,0.75,2.9,0.0,1200,0,0.0,0,0,10.0,3,2,10,119.99988000012,0.0,0.0,0.0,0.0,0.28999971000029,0.8004
0,1,0,11,0.8,11.61,632.0,0,50,0.0,0,0,57.0,3,2,10,0.0,0.8771928285626616,0.0,0.0,62.499218759765505,0.20368417479225,0.800309211
0,1,0,3,0.8,29.4,1231.0,4680,50,0.0,0,0,57.0,3,2,10,82.10524875346513,0.8771928285626616,0.0,0.0,62.499218759765505,0.515789383194845,0.800149813
0,1,0,7,0.8,30.1,616.0,7080,0,0.0,0,0,59.0,3,2,10,119.99997966102039,0.0,0.0,0.0,0.0,0.510169405056033,0.800115819
0,0,0,8,0.75,4.6,0.0,3360,0,0.0,0,0,8.0,3,2,10,419.9994750006563,0.0,0.0,0.0,0.0,0.5749992812508984,0.773333333
0,1,0,6,0.75,18.79,947.0,2880,34,0.0,0,0,33.0,3,2,10,87.27270082645428,1.0303027180900852,0.0,0.0,45.33272889694804,0.5693937668503736,0.750797009
0,1,0,8,0.75,29.4,551.0,6840,45,0.0,0,0,57.0,3,2,10,119.99997894737211,0.7894735457063955,0.0,0.0,59.99920001066653,0.515789383194845,0.750473684
0,1,0,9,0.75,18.79,935.0,6240,45,0.0,0,0,52.0,3,2,10,119.99997692308135,0.865384448964529,0.0,0.0,59.99920001066653,0.3613460843565222,0.750395513
0,1,0,4,0.65,26.66,832.0,6780,55,0.0,0,0,57.0,3,2,10,118.94734755309692,0.9649121114189277,0.0,0.0,84.6140828602637,0.46771921618961115,0.750254867
0,1,0,5,0.65,27.48,544.0,6720,34,0.0,0,0,56.0,3,2,10,119.9999785714324,0.6071427487245091,0.0,0.0,52.30688758634483,0.4907141980867503,0.700903571
0,1,0,10,0.7,21.82,1511.0,3600,30,0.0,0,0,51.0,3,2,10,70.5882214532899,0.5882351787774159,0.0,0.0,42.85653062099114,0.42784305336410716,0.70013604
0,0,0,10,0.7,2.9,0.0,3360,0,0.0,0,0,8.0,3,2,10,419.9994750006563,0.0,0.0,0.0,0.0,0.3624995468755664,0.632361111
0,0,0,12,0.8,4.6,0.0,3780,0,0.0,0,0,9.0,3,2,10,419.99953333385184,0.0,0.0,0.0,0.0,0.5111105432105075,0.607654321
0,0,0,1,0.65,3.94,0.0,3360,0,0.0,0,0,8.0,3,2,10,419.9994750006563,0.0,0.0,0.0,0.0,0.49249938437576957,0.537919444
0,0,0,7,0.8,4.6,0.0,3360,0,0.0,0,0,8.0,3,2,10,419.9994750006563,0.0,0.0,0.0,0.0,0.5749992812508984,0.342361111
0,0,4,7,0.8,4.6,0.0,4200,0,0.0,0,0,10.0,3,3,10,419.99958000042,0.0,0.0,0.0,0.0,0.45999954000046,0.999533333
0,0,4,3,0.8,4.6,0.0,6300,0,0.0,0,0,15.0,3,3,10,419.9997200001867,0.0,0.0,0.0,0.0,0.3066664622223585,0.902962963
0,1,4,11,0.8,11.41,601.0,0,50,0.0,0,0,56.0,3,3,10,0.0,0.8928569834183958,0.0,0.0,62.499218759765505,0.20374996361607792,0.800701754
0,1,4,1,0.7,26.66,1562.0,6960,60,0.0,0,0,58.0,3,3,10,119.9999793103484,1.034482580261624,0.0,0.0,85.71306124198227,0.459655093162915,0.800566092
0,1,4,12,0.8,15.26,983.0,4080,50,0.0,0,0,34.0,3,3,10,119.99996470589272,1.4705878027682933,0.0,0.0,62.499218759765505,0.4488233974048831,0.800401961
0,1,4,3,0.8,29.4,1156.0,6840,50,0.0,0,0,57.0,3,3,10,119.99997894737211,0.8771928285626616,0.0,0.0,62.499218759765505,0.515789383194845,0.800333333
0,1,4,7,0.8,30.1,29.0,7080,50,0.0,0,0,59.0,3,3,10,119.99997966102039,0.8474574834817824,0.0,0.0,62.499218759765505,0.510169405056033,0.800115819
0,1,4,4,0.7,26.66,950.0,6960,50,0.0,0,0,58.0,3,3,10,119.9999793103484,0.8620688168846867,0.0,0.0,71.42755103498523,0.459655093162915,0.750770115
0,1,4,8,0.75,29.4,534.0,6840,56,0.0,0,0,57.0,3,3,10,119.99997894737211,0.982455967990181,0.0,0.0,74.66567112438501,0.515789383194845,0.750473684
0,1,4,9,0.75,18.79,1096.0,6240,34,0.0,0,0,52.0,3,3,10,119.99997692308135,0.653846028106533,0.0,0.0,45.33272889694804,0.3613460843565222,0.750395513
0,1,4,6,0.75,20.2,402.0,3120,45,0.0,0,0,33.0,3,3,10,94.54542589532548,1.3636359504133482,0.0,0.0,59.99920001066653,0.6121210266299919,0.750212553
0,0,4,8,0.75,4.6,0.0,3360,0,0.0,0,0,8.0,3,3,10,419.9994750006563,0.0,0.0,0.0,0.0,0.5749992812508984,0.702777778
0,1,4,5,0.7,27.48,573.0,6840,30,0.0,0,0,57.0,3,3,10,119.99997894737211,0.526315697137597,0.0,0.0,42.85653062099114,0.4821051785780388,0.700659649
0,1,4,10,0.7,21.82,1313.0,5040,30,0.0,0,0,51.0,3,3,10,98.82351003460587,0.5882351787774159,0.0,0.0,42.85653062099114,0.42784305336410716,0.699984417
0,0,4,12,0.8,4.6,0.0,3780,0,0.0,0,0,9.0,3,3,10,419.99953333385184,0.0,0.0,0.0,0.0,0.5111105432105075,0.636049383
0,0,4,2,0.4,3.9,0.0,6300,0,0.0,0,0,15.0,3,3,10,419.9997200001867,0.0,0.0,0.0,0.0,0.25999982666678223,0.567377778
0,0,4,1,0.7,3.94,0.0,3360,0,0.0,0,0,8.0,3,3,10,419.9994750006563,0.0,0.0,0.0,0.0,0.49249938437576957,0.555430556
0,0,4,4,0.7,3.94,0.0,3360,0,0.0,0,0,8.0,3,3,10,419.9994750006563,0.0,0.0,0.0,0.0,0.49249938437576957,0.555430556
0,0,4,10,0.7,2.9,0.0,3360,0,0.0,0,0,8.0,3,3,10,419.9994750006563,0.0,0.0,0.0,0.0,0.3624995468755664,0.463194444
0,0,4,5,0.7,4.6,0.0,3360,0,0.0,0,0,8.0,3,3,10,419.9994750006563,0.0,0.0,0.0,0.0,0.5749992812508984,0.354444444
0,0,4,6,0.75,2.9,0.0,3360,0,0.0,0,0,8.0,3,3,10,419.9994750006563,0.0,0.0,0.0,0.0,0.3624995468755664,0.309333333
0,1,4,2,0.4,15.28,157.0,5400,0,6.5,30,1,45.0,3,3,10,119.99997333333926,0.0,195.0,0.4253923917589059,0.0,0.6791109601975643,0.30277037
0,0,5,3,0.8,4.6,0.0,1200,0,0.0,0,0,10.0,3,4,10,119.99988000012,0.0,0.0,0.0,0.0,0.45999954000046,0.939166667
0,0,5,8,0.8,4.6,0.0,960,0,0.0,0,0,8.0,3,4,10,119.99985000018751,0.0,0.0,0.0,0.0,0.5749992812508984,0.930416667
0,0,5,12,0.8,4.6,0.0,1080,0,0.0,0,0,9.0,3,4,10,119.99986666681482,0.0,0.0,0.0,0.0,0.5111105432105075,0.885925926
0,0,5,9,0.75,2.9,0.0,960,0,0.0,0,0,8.0,3,4,10,119.99985000018751,0.0,0.0,0.0,0.0,0.3624995468755664,0.83375
0,0,5,1,0.7,3.94,0.0,960,0,0.0,0,0,8.0,3,4,10,119.99985000018751,0.0,0.0,0.0,0.0,0.49249938437576957,0.806879167
0,0,5,4,0.7,3.94,0.0,960,0,0.0,0,0,8.0,3,4,10,119.99985000018751,0.0,0.0,0.0,0.0,0.49249938437576957,0.806058333
0,1,5,11,0.8,11.41,433.0,0,38,0.0,0,0,56.0,3,4,10,0.0,0.6785713073979808,0.0,0.0,47.49940625742178,0.20374996361607792,0.800701754
0,1,5,12,0.8,15.26,961.0,4080,50,0.0,0,0,34.0,3,4,10,119.99996470589272,1.4705878027682933,0.0,0.0,62.499218759765505,0.4488233974048831,0.800401961
0,1,5,3,0.8,29.4,1169.0,6840,63,0.0,0,0,57.0,3,4,10,119.99997894737211,1.1052629639889535,0.0,0.0,78.74901563730454,0.515789383194845,0.800333333
0,1,5,7,0.8,30.1,874.0,3960,50,0.0,0,0,59.0,3,4,10,67.11863269175717,0.8474574834817824,0.0,0.0,62.499218759765505,0.510169405056033,0.800055762
0,1,5,4,0.7,26.82,1028.0,6960,60,0.0,0,0,58.0,3,4,10,119.9999793103484,1.034482580261624,0.0,0.0,85.71306124198227,0.4624137133769459,0.799975862
0,1,5,1,0.7,26.82,1772.0,6960,50,0.0,0,0,58.0,3,4,10,119.9999793103484,0.8620688168846867,0.0,0.0,71.42755103498523,0.4624137133769459,0.750651724
0,1,5,9,0.75,18.79,1206.0,6240,34,0.0,0,0,52.0,3,4,10,119.99997692308135,0.653846028106533,0.0,0.0,45.33272889694804,0.3613460843565222,0.750395513
0,1,5,5,0.7,27.48,586.0,6960,40,0.0,0,0,58.0,3,4,10,119.9999793103484,0.6896550535077494,0.0,0.0,57.142040827988176,0.4737930217598238,0.700424138
0,1,5,10,0.7,21.82,1334.0,5760,30,0.0,0,0,53.0,3,4,10,108.67922477750476,0.5660376290495039,0.0,0.0,42.85653062099114,0.4116980355286725,0.700058333
0,0,5,7,0.8,4.6,0.0,8400,0,0.0,0,0,20.0,3,4,10,419.999790000105,0.0,0.0,0.0,0.0,0.2299998850000575,0.684888889
0,0,5,5,0.7,4.6,0.0,960,0,0.0,0,0,8.0,3,4,10,119.99985000018751,0.0,0.0,0.0,0.0,0.5749992812508984,0.592083333
0,0,5,2,0.5,3.9,0.0,960,0,0.0,0,0,8.0,3,4,10,119.99985000018751,0.0,0.0,0.0,0.0,0.48749939062576175,0.5403125
0,1,5,8,0.8,29.4,30.0,6840,0,0.0,0,0,57.0,3,4,10,119.99997894737211,0.0,0.0,0.0,0.0,0.515789383194845,0.433263158
0,1,5,2,0.5,15.28,261.0,5520,0,0.0,0,1,46.0,3,4,10,119.99997391304915,0.0,0.0,0.0,0.0,0.6643476816635474,0.404144928
0,1,5,6,0.75,18.79,52.0,3960,0,0.0,0,0,33.0,3,4,10,119.99996363637464,0.0,0.0,0.0,0.0,0.5693937668503736,0.332146465
0,0,3,8,0.8,4.6,0.0,2640,0,0.0,0,0,22.0,3,5,10,119.99994545457025,0.0,0.0,0.0,0.0,0.20909081404962995,0.980984848
0,0,3,2,0.6,3.9,0.0,960,0,0.0,0,0,8.0,3,5,10,119.99985000018751,0.0,0.0,0.0,0.0,0.48749939062576175,0.950625
0,0,3,11,0.8,2.9,0.0,1200,0,0.0,0,0,10.0,3,5,10,119.99988000012,0.0,0.0,0.0,0.0,0.28999971000029,0.927291667
0,0,3,12,0.8,4.6,0.0,1080,0,0.0,0,0,9.0,3,5,10,119.99986666681482,0.0,0.0,0.0,0.0,0.5111105432105075,0.868888889
0,0,3,1,0.7,3.94,0.0,960,0,0.0,0,0,8.0,3,5,10,119.99985000018751,0.0,0.0,0.0,0.0,0.49249938437576957,0.812625
0,0,3,4,0.7,3.94,0.0,960,0,0.0,0,0,8.0,3,5,10,119.99985000018751,0.0,0.0,0.0,0.0,0.49249938437576957,0.812625
0,0,3,3,0.8,4.6,0.0,1800,0,0.0,0,0,15.0,3,5,10,119.99992000005334,0.0,0.0,0.0,0.0,0.3066664622223585,0.810111111
0,1,3,11,0.8,11.41,455.0,3420,50,0.0,0,0,56.0,3,5,10,61.071417665818274,0.8928569834183958,0.0,0.0,62.499218759765505,0.20374996361607792,0.800701754
0,1,3,3,0.8,29.4,797.0,1800,63,0.0,0,0,57.0,3,5,10,31.578941828255818,1.1052629639889535,0.0,0.0,78.74901563730454,0.515789383194845,0.800534979
0,1,3,12,0.8,15.26,959.0,4080,50,0.0,0,0,34.0,3,5,10,119.99996470589272,1.4705878027682933,0.0,0.0,62.499218759765505,0.4488233974048831,0.800401961
0,1,3,1,0.7,26.82,1373.0,6960,50,0.0,0,0,58.0,3,5,10,119.9999793103484,0.8620688168846867,0.0,0.0,71.42755103498523,0.4624137133769459,0.750651724
0,1,3,9,0.75,18.79,1228.0,6240,45,0.0,0,0,52.0,3,5,10,119.99997692308135,0.865384448964529,0.0,0.0,59.99920001066653,0.3613460843565222,0.750395513
0,1,3,4,0.7,26.82,1117.0,7080,50,0.0,0,0,59.0,3,5,10,119.99997966102039,0.8474574834817824,0.0,0.0,71.42755103498523,0.4545761941396281,0.750050847
0,1,3,5,0.7,27.48,230.0,6960,40,0.0,0,0,58.0,3,5,10,119.9999793103484,0.6896550535077494,0.0,0.0,57.142040827988176,0.4737930217598238,0.700424138
0,1,3,10,0.7,21.82,1390.0,6000,30,0.0,0,0,50.0,3,5,10,119.99997600000479,0.5999998800000239,0.0,0.0,42.85653062099114,0.43639991272001744,0.700422
0,1,3,2,0.6,15.28,529.0,1320,0,0.0,0,1,46.0,3,5,10,28.695645935729143,0.0,0.0,0.0,0.0,0.6643476816635474,0.600099145
0,0,3,9,0.75,2.9,0.0,960,0,0.0,0,0,8.0,3,5,10,119.99985000018751,0.0,0.0,0.0,0.0,0.3624995468755664,0.453125
0,1,3,7,0.8,30.1,834.0,1200,0,4.0,40,0,59.0,3,5,10,20.338979603562777,0.0,160.0,0.13289032129889658,0.0,0.510169405056033,0.366053523
0,1,3,6,0.35,22.53,1450.0,2640,0,0.0,0,1,39.0,3,5,10,67.69229033531016,0.0,0.0,0.0,0.0,1.1553843191322257,0.26369382
0,0,1,12,0.8,4.6,0.0,1080,0,0.0,0,0,9.0,3,7,10,119.99986666681482,0.0,0.0,0.0,0.0,0.5111105432105075,0.868888889
0,1,1,12,0.8,15.26,986.0,4080,75,0.0,0,0,34.0,3,7,10,119.99996470589272,2.2058817041524397,0.0,0.0,93.74882813964825,0.4488233974048831,0.850520588
0,1,1,1,0.7,26.82,1267.0,8160,70,0.0,0,0,58.0,3,7,10,140.68963091558086,1.2068963436385614,0.0,0.0,99.99857144897932,0.4624137133769459,0.850045
0,0,1,7,0.8,4.6,0.0,6000,0,0.0,0,0,25.0,3,7,10,239.9999040000384,0.0,0.0,0.0,0.0,0.18399992640002943,0.825444444
0,0,1,5,0.35,3.94,0.0,2400,0,0.0,0,0,10.0,3,7,10,239.99976000024,0.0,0.0,0.0,0.0,0.393999606000394,0.80575
0,1,1,4,0.7,26.82,1195.0,6960,60,0.0,0,0,58.0,3,7,10,119.9999793103484,1.034482580261624,0.0,0.0,85.71306124198227,0.4624137133769459,0.800746552
0,1,1,3,0.8,29.4,983.0,6840,63,0.0,0,1,57.0,3,7,10,119.99997894737211,1.1052629639889535,0.0,0.0,78.74901563730454,1.03157876638969,0.800578947
0,1,1,11,0.8,11.41,471.0,3420,50,0.0,0,0,58.0,3,7,10,58.96550707491257,0.8620688168846867,0.0,0.0,62.499218759765505,0.19672410401308552,0.800034503
0,0,1,6,0.5,2.9,0.0,960,0,0.0,0,0,8.0,3,7,10,119.99985000018751,0.0,0.0,0.0,0.0,0.3624995468755664,0.7975
0,1,1,9,0.75,18.79,1226.0,3480,45,0.0,0,0,51.0,3,7,10,68.23528073818024,0.8823527681661238,0.0,0.0,59.99920001066653,0.36843130030758814,0.749987124
0,1,1,10,0.7,21.82,1251.0,6000,30,0.0,0,0,50.0,3,7,10,119.99997600000479,0.5999998800000239,0.0,0.0,42.85653062099114,0.43639991272001744,0.700422
0,0,1,1,0.7,3.94,0.0,960,0,0.0,0,0,8.0,3,7,10,119.99985000018751,0.0,0.0,0.0,0.0,0.49249938437576957,0.664875
0,0,1,4,0.7,3.94,0.0,960,0,0.0,0,0,8.0,3,7,10,119.99985000018751,0.0,0.0,0.0,0.0,0.49249938437576957,0.664875
0,0,1,11,0.8,2.9,0.0,960,0,0.0,0,0,8.0,3,7,10,119.99985000018751,0.0,0.0,0.0,0.0,0.3624995468755664,0.657083333
0,1,1,2,0.65,16.1,626.0,4200,0,0.0,0,1,45.0,3,7,10,93.3333125925972,0.0,0.0,0.0,0.0,0.7155553965432452,0.65024031
0,0,1,8,0.8,4.6,0.0,3600,0,0.0,0,0,15.0,3,7,10,239.99984000010667,0.0,0.0,0.0,0.0,0.3066664622223585,0.590740741
0,0,1,2,0.65,3.9,0.0,1920,0,0.0,0,0,8.0,3,7,10,239.99970000037501,0.0,0.0,0.0,0.0,0.48749939062576175,0.528125
0,1,1,6,0.5,23.41,1379.0,2280,0,0.0,0,1,39.0,3,7,10,58.461523471404234,0.0,0.0,0.0,0.0,1.2005125126890992,0.500528095
0,1,1,5,0.7,27.48,541.0,6960,24,0.0,0,1,58.0,3,7,10,119.9999793103484,0.4137930321046496,0.0,0.0,34.28522449679291,0.9475860435196476,0.408960345
1,0,2,3,0.8,4.6,0.0,1440,0,0.0,0,0,12.0,3,8,10,119.99990000008334,0.0,0.0,0.0,0.0,0.3833330138891551,0.951944444
1,0,2,12,0.8,4.6,0.0,1080,0,0.0,0,0,9.0,3,8,10,119.99986666681482,0.0,0.0,0.0,0.0,0.5111105432105075,0.945555556
1,0,2,9,0.75,2.9,0.0,1080,0,0.0,0,0,9.0,3,8,10,119.99986666681482,0.0,0.0,0.0,0.0,0.3222218641979287,0.929074074
1,0,2,1,0.75,3.94,0.0,960,0,0.0,0,0,8.0,3,8,10,119.99985000018751,0.0,0.0,0.0,0.0,0.49249938437576957,0.890604167
1,0,2,4,0.75,3.94,0.0,960,0,0.0,0,0,8.0,3,8,10,119.99985000018751,0.0,0.0,0.0,0.0,0.49249938437576957,0.890604167
1,0,2,2,0.7,3.9,0.0,1200,0,0.0,0,0,10.0,3,8,10,119.99988000012,0.0,0.0,0.0,0.0,0.38999961000039,0.884
1,0,2,5,0.5,3.94,0.0,960,0,0.0,0,0,8.0,3,8,10,119.99985000018751,0.0,0.0,0.0,0.0,0.49249938437576957,0.857916667
1,1,2,4,0.75,26.82,1082.0,6840,65,0.0,0,0,57.0,3,8,10,119.99997894737211,1.14035067713146,0.0,0.0,86.66551112651833,0.47052623324101167,0.850084211
1,1,2,1,0.75,26.82,1254.0,6960,65,0.0,0,0,58.0,3,8,10,119.9999793103484,1.1206894619500927,0.0,0.0,86.66551112651833,0.4624137133769459,0.85007069
1,1,2,3,0.8,30.1,1278.0,3360,50,0.0,0,1,57.0,3,8,10,58.94735807941086,0.8771928285626616,0.0,0.0,62.499218759765505,1.0561401655894447,0.800511068
1,1,2,12,0.8,15.26,1064.0,4080,63,0.0,0,0,34.0,3,8,10,119.99996470589272,1.8529406314880494,0.0,0.0,78.74901563730454,0.4488233974048831,0.800401961
1,1,2,11,0.8,11.41,313.0,3420,50,0.0,0,0,58.0,3,8,10,58.96550707491257,0.8620688168846867,0.0,0.0,62.499218759765505,0.19672410401308552,0.800034503
1,0,2,11,0.8,2.9,0.0,960,0,0.0,0,0,8.0,3,8,10,119.99985000018751,0.0,0.0,0.0,0.0,0.3624995468755664,0.755208333
1,1,2,9,0.75,18.79,1239.0,5640,45,0.0,0,0,52.0,3,8,10,108.4615176035543,0.865384448964529,0.0,0.0,59.99920001066653,0.3613460843565222,0.750371895
1,1,2,10,0.7,21.82,1335.0,6000,30,0.0,0,0,50.0,3,8,10,119.99997600000479,0.5999998800000239,0.0,0.0,42.85653062099114,0.43639991272001744,0.700422
1,1,2,2,0.7,16.1,928.0,4800,30,0.0,0,1,45.0,3,8,10,106.66664296296823,0.6666665185185514,0.0,0.0,42.85653062099114,0.7155553965432452,0.700106061
1,1,2,6,0.6,23.41,1266.0,2520,23,0.0,0,1,38.0,3,8,10,66.31577202216525,0.6052629986150003,0.0,0.0,38.33269445509242,1.232104938919753,0.601037091
1,1,2,8,0.6,30.48,869.0,6720,0,0.0,0,1,56.0,3,8,10,119.9999785714324,0.0,0.0,0.0,0.0,1.0885712341837082,0.600528571
1,1,2,5,0.5,26.82,711.0,7080,23,0.0,0,1,59.0,3,8,10,119.99997966102039,0.3898304424016199,0.0,0.0,45.99908001839964,0.9091523882792562,0.500033898
1,0,2,8,0.6,3.9,0.0,960,0,0.0,0,0,8.0,3,8,10,119.99985000018751,0.0,0.0,0.0,0.0,0.48749939062576175,0.4509375
1,0,2,10,0.7,2.9,0.0,960,0,0.0,0,0,8.0,3,8,10,119.99985000018751,0.0,0.0,0.0,0.0,0.3624995468755664,0.441041667
1,0,2,6,0.6,2.9,0.0,960,0,0.0,0,0,8.0,3,8,10,119.99985000018751,0.0,0.0,0.0,0.0,0.3624995468755664,0.271875
1,1,0,4,0.75,26.82,1079.0,7020,65,0.0,0,0,58.0,3,9,11,121.03446189061002,1.1206894619500927,0.0,0.0,86.66551112651833,0.4624137133769459,0.850446154
1,1,0,1,0.75,26.82,1322.0,7140,65,0.0,0,0,59.0,3,9,11,121.01692864119853,1.1016947285263172,0.0,0.0,86.66551112651833,0.4545761941396281,0.850426891
1,1,0,3,0.8,30.1,964.0,5160,50,0.0,0,1,58.0,3,9,11,88.96550190249967,0.8620688168846867,0.0,0.0,62.499218759765505,1.0379308555291629,0.800842424
1,1,0,12,0.8,15.26,1132.0,4080,63,0.0,0,0,34.0,3,9,11,119.99996470589272,1.8529406314880494,0.0,0.0,78.74901563730454,0.4488233974048831,0.800401961
1,1,0,11,0.8,11.41,357.0,3420,50,0.0,0,0,58.0,3,9,11,58.96550707491257,0.8620688168846867,0.0,0.0,62.499218759765505,0.19672410401308552,0.800034503
1,1,0,9,0.75,18.79,1193.0,6240,45,0.0,0,0,52.0,3,9,11,119.99997692308135,0.865384448964529,0.0,0.0,59.99920001066653,0.3613460843565222,0.750395513
1,1,0,2,0.7,16.1,817.0,5520,30,0.0,0,1,45.0,3,9,11,122.66663940741346,0.6666665185185514,0.0,0.0,42.85653062099114,0.7155553965432452,0.700516224
1,1,0,10,0.7,21.82,1576.0,6000,30,0.0,0,0,50.0,3,9,11,119.99997600000479,0.5999998800000239,0.0,0.0,42.85653062099114,0.43639991272001744,0.700422
1,1,0,6,0.65,23.41,1262.0,4560,35,0.0,0,1,38.0,3,9,11,119.99996842106093,0.9210523891967396,0.0,0.0,53.84532545653144,1.232104938919753,0.650962281
1,1,0,8,0.65,30.48,953.0,6720,26,0.0,0,1,56.0,3,9,11,119.9999785714324,0.4642856313775658,0.0,0.0,39.99938462485193,1.0885712341837082,0.650421429
1,1,0,5,0.6,26.82,919.0,7080,23,0.0,0,1,59.0,3,9,11,119.99997966102039,0.3898304424016199,0.0,0.0,38.33269445509242,0.9091523882792562,0.600040678
1,1,0,7,0.5,30.48,1161.0,6600,0,0.0,0,1,55.0,3,9,11,119.99997818182214,0.0,0.0,0.0,0.0,1.1083634348430118,0.500610909
1,0,4,12,0.8,4.6,0.0,1080,0,0.0,0,0,9.0,3,10,11,119.99986666681482,0.0,0.0,0.0,0.0,0.5111105432105075,0.92
1,0,4,5,0.6,3.94,0.0,1440,0,0.0,0,0,12.0,3,10,11,119.99990000008334,0.0,0.0,0.0,0.0,0.32833305972245025,0.909391667
1,1,4,1,0.75,26.82,1574.0,7080,75,0.0,0,0,59.0,3,10,11,119.99997966102039,1.2711862252226735,0.0,0.0,99.99866668444422,0.4545761941396281,0.900061017
1,0,4,3,0.8,4.6,0.0,1440,0,0.0,0,0,12.0,3,10,11,119.99990000008334,0.0,0.0,0.0,0.0,0.3833330138891551,0.894444444
1,0,4,4,0.75,3.94,0.0,960,0,0.0,0,0,8.0,3,10,11,119.99985000018751,0.0,0.0,0.0,0.0,0.49249938437576957,0.881575
1,0,4,1,0.75,3.94,0.0,960,0,0.0,0,0,8.0,3,10,11,119.99985000018751,0.0,0.0,0.0,0.0,0.49249938437576957,0.880754167
1,1,4,4,0.75,26.82,1104.0,5880,65,0.0,0,0,59.0,3,10,11,99.66100005745761,1.1016947285263172,0.0,0.0,86.66551112651833,0.4545761941396281,0.850084211
1,0,4,9,0.75,2.9,0.0,1800,0,0.0,0,0,15.0,3,10,11,119.99992000005334,0.0,0.0,0.0,0.0,0.19333320444453037,0.821666667
1,1,4,12,0.8,15.26,1069.0,4080,63,0.0,0,0,34.0,3,10,11,119.99996470589272,1.8529406314880494,0.0,0.0,78.74901563730454,0.4488233974048831,0.800401961
1,1,4,3,0.8,30.1,756.0,6960,63,0.0,0,1,58.0,3,10,11,119.9999793103484,1.0862067092747052,0.0,0.0,78.74901563730454,1.0379308555291629,0.800071839
1,1,4,11,0.8,11.41,338.0,3420,50,0.0,0,0,58.0,3,10,11,58.96550707491257,0.8620688168846867,0.0,0.0,62.499218759765505,0.19672410401308552,0.800034503
1,0,4,11,0.8,2.9,0.0,960,0,0.0,0,0,8.0,3,10,11,119.99985000018751,0.0,0.0,0.0,0.0,0.3624995468755664,0.758229167
1,1,4,10,0.75,21.82,1499.0,6000,34,0.0,0,0,50.0,3,10,11,119.99997600000479,0.6799998640000272,0.0,0.0,45.33272889694804,0.43639991272001744,0.750608
1,1,4,9,0.75,18.79,1247.0,6240,45,0.0,0,0,52.0,3,10,11,119.99997692308135,0.865384448964529,0.0,0.0,59.99920001066653,0.3613460843565222,0.750395513
1,0,4,2,0.7,3.9,0.0,960,0,0.0,0,0,8.0,3,10,11,119.99985000018751,0.0,0.0,0.0,0.0,0.48749939062576175,0.741
1,1,4,8,0.7,30.48,923.0,6840,30,0.0,0,1,57.0,3,10,11,119.99997894737211,0.526315697137597,0.0,0.0,42.85653062099114,1.069473496583597,0.700505263
1,1,4,6,0.7,23.41,1180.0,4560,30,0.0,0,1,38.0,3,10,11,119.99996842106093,0.7894734764543483,0.0,0.0,42.85653062099114,1.232104938919753,0.700246491
1,1,4,2,0.7,16.1,957.0,5400,40,0.0,0,1,45.0,3,10,11,119.99997333333926,0.8888886913580685,0.0,0.0,57.142040827988176,0.7155553965432452,0.700051852
1,1,4,5,0.65,26.82,1001.0,7080,26,0.0,0,1,59.0,3,10,11,119.99997966102039,0.4406778914105269,0.0,0.0,39.99938462485193,0.9091523882792562,0.650044068
1,1,4,7,0.6,30.48,1017.0,6840,25,0.0,0,1,57.0,3,10,11,119.99997894737211,0.4385964142813308,0.0,0.0,41.66597223379611,1.069473496583597,0.630402924
1,0,4,8,0.65,3.9,0.0,960,0,0.0,0,0,8.0,3,10,11,119.99985000018751,0.0,0.0,0.0,0.0,0.48749939062576175,0.560625
1,0,4,7,0.5,3.9,0.0,960,0,0.0,0,0,8.0,3,10,11,119.99985000018751,0.0,0.0,0.0,0.0,0.48749939062576175,0.560625
1,0,4,10,0.7,2.9,0.0,960,0,0.0,0,0,8.0,3,10,11,119.99985000018751,0.0,0.0,0.0,0.0,0.3624995468755664,0.39875
1,0,5,12,0.8,4.6,0.0,2160,0,0.0,0,0,9.0,3,11,11,239.99973333362965,0.0,0.0,0.0,0.0,0.5111105432105075,0.922839506
1,0,5,11,0.8,2.9,0.0,2400,0,0.0,0,0,10.0,3,11,11,239.99976000024,0.0,0.0,0.0,0.0,0.28999971000029,0.874027778
1,0,5,2,0.75,3.9,0.0,1920,0,0.0,0,0,8.0,3,11,11,239.99970000037501,0.0,0.0,0.0,0.0,0.48749939062576175,0.819270833
1,0,5,4,0.75,3.94,0.0,1920,0,0.0,0,0,8.0,3,11,11,239.99970000037501,0.0,0.0,0.0,0.0,0.49249938437576957,0.813309028
1,0,5,1,0.75,3.94,0.0,1920,0,0.0,0,0,8.0,3,11,11,239.99970000037501,0.0,0.0,0.0,0.0,0.49249938437576957,0.812625
1,1,5,12,0.8,15.26,470.0,4080,63,0.0,0,0,34.0,3,11,11,119.99996470589272,1.8529406314880494,0.0,0.0,78.74901563730454,0.4488233974048831,0.800401961
1,1,5,3,0.8,30.1,735.0,6960,63,0.0,0,1,58.0,3,11,11,119.9999793103484,1.0862067092747052,0.0,0.0,78.74901563730454,1.0379308555291629,0.800071839
1,1,5,11,0.8,11.41,560.0,3420,50,0.0,0,0,58.0,3,11,11,58.96550707491257,0.8620688168846867,0.0,0.0,62.499218759765505,0.19672410401308552,0.800034503
1,0,5,3,0.8,4.6,0.0,1920,0,0.0,0,0,8.0,3,11,11,239.99970000037501,0.0,0.0,0.0,0.0,0.5749992812508984,0.786631944
1,0,5,5,0.7,3.94,0.0,1440,0,0.0,0,0,12.0,3,11,11,119.99990000008334,0.0,0.0,0.0,0.0,0.32833305972245025,0.75885
1,1,5,10,0.75,21.82,1674.0,6000,34,0.0,0,0,50.0,3,11,11,119.99997600000479,0.6799998640000272,0.0,0.0,45.33272889694804,0.43639991272001744,0.750608
1,1,5,9,0.75,18.79,290.0,5040,45,0.0,0,0,52.0,3,11,11,96.92305828402725,0.865384448964529,0.0,0.0,59.99920001066653,0.3613460843565222,0.750347333
1,1,5,2,0.75,16.1,971.0,5400,45,0.0,0,1,45.0,3,11,11,119.99997333333926,0.9999997777778271,0.0,0.0,59.99920001066653,0.7155553965432452,0.750140741
1,1,5,1,0.75,26.82,1322.0,7080,45,0.0,0,0,59.0,3,11,11,119.99997966102039,0.7627117351336041,0.0,0.0,59.99920001066653,0.4545761941396281,0.750050847
1,1,5,4,0.75,26.82,1054.0,7080,45,0.0,0,0,59.0,3,11,11,119.99997966102039,0.7627117351336041,0.0,0.0,59.99920001066653,0.4545761941396281,0.750050847
1,1,5,5,0.7,26.82,992.0,6960,30,0.0,0,1,58.0,3,11,11,119.9999793103484,0.517241290130812,0.0,0.0,42.85653062099114,0.9248274267538918,0.700556897
1,1,5,8,0.7,30.48,914.0,6840,30,0.0,0,1,57.0,3,11,11,119.99997894737211,0.526315697137597,0.0,0.0,42.85653062099114,1.069473496583597,0.700505263
1,1,5,6,0.7,23.41,1128.0,4560,40,0.0,0,1,38.0,3,11,11,119.99996842106093,1.052631301939131,0.0,0.0,57.142040827988176,1.232104938919753,0.700246491
1,1,5,7,0.65,30.48,935.0,6840,26,0.0,0,1,57.0,3,11,11,119.99997894737211,0.456140270852584,0.0,0.0,39.99938462485193,1.069473496583597,0.650596491
1,0,5,10,0.75,2.9,0.0,960,0,0.0,0,0,8.0,3,11,11,119.99985000018751,0.0,0.0,0.0,0.0,0.3624995468755664,0.628333333
1,0,5,8,0.7,3.9,0.0,960,0,0.0,0,0,8.0,3,11,11,119.99985000018751,0.0,0.0,0.0,0.0,0.48749939062576175,0.625625
1,0,5,7,0.65,3.9,0.0,960,0,0.0,0,0,8.0,3,11,11,119.99985000018751,0.0,0.0,0.0,0.0,0.48749939062576175,0.625625
1,0,5,9,0.75,2.9,0.0,1800,0,0.0,0,0,15.0,3,11,11,119.99992000005334,0.0,0.0,0.0,0.0,0.19333320444453037,0.505888889
1,0,5,6,0.7,2.9,0.0,720,0,0.0,0,0,6.0,3,11,11,119.99980000033334,0.0,0.0,0.0,0.0,0.4833325277791204,0.394722222
