,quarter,department,day,team,targeted_productivity,smv,over_time,incentive,idle_time,idle_men,no_of_style_change,no_of_workers,actual_productivity,year,month,day_of_month,week_of_year,productivity_diff,over_time_per_worker,incentive_per_worker,idle_impact,idle_ratio
0,0,1,3,0.46365118745351547,0.7162856383670065,1.0064038973982858,0.7468787101467701,2.3347786252042884,-0.056973906786821585,-0.09535037375600017,-0.343873289490733,1.0844759798017785,1.2420208843452445,2015,1,1,1,0.47268824468716497,-0.3904535622947884,-0.15803092635004515,-0.04813643556426811,-0.1662369749086337
1,0,0,3,-1.5523672158874002,0.16555842048575076,-1.0335752476411284,-1.1117432656818316,-0.8810376085880175,-0.056973906786821585,-0.09535037375600017,-0.343873289490733,-1.219061268746613,0.8791967208197481,2015,1,1,1,0.6416317682843202,0.59222318764601,0.44340039910525364,-0.04813643556426811,-0.035658637342944915
2,0,1,3,1.3276590745996222,0.7162856383670065,-0.347767677279093,-0.29176298222803665,0.7596849596733629,-0.056973906786821585,-0.09535037375600017,-0.343873289490733,-0.20279483556349912,0.3042394487058887,2015,1,1,1,-0.370470482264394,-0.5413506506496224,-0.19267347699378004,-0.04813643556426811,-0.17069904109654632
3,0,1,3,1.6156617036483245,0.7162856383670065,-0.347767677279093,-0.29176298222803665,0.7596849596733629,-0.056973906786821585,-0.09535037375600017,-0.343873289490733,-0.20279483556349912,0.3042394487058887,2015,1,1,1,-0.370470482264394,-0.5413506506496224,-0.19267347699378004,-0.04813643556426811,-0.17069904109654632
4,0,1,3,-0.11235407064388901,0.7162856383670065,0.9825337543870234,-0.8201947204538156,0.7596849596733629,-0.056973906786821585,-0.09535037375600017,-0.343873289490733,0.9489737887106965,0.3029778675998671,2015,1,1,1,-0.3716047690809955,-0.5527784091971791,-0.30939246402623943,-0.04813643556426811,-0.16626285102305113
5,0,1,3,0.17564855840481322,0.7162856383670065,0.9825337543870234,0.6375480056862641,0.36591154329063164,-0.056973906786821585,-0.09535037375600017,-0.343873289490733,0.9489737887106965,0.30125864652244616,2015,1,1,1,-0.3731505197217066,-0.39695068934869643,-0.3512678897218246,-0.04813643556426811,-0.16626285102305113
6,0,0,3,-1.264364586838698,0.16555842048575076,-1.0335752476411284,-1.1117432656818316,-0.8810376085880175,-0.056973906786821585,-0.09535037375600017,-0.343873289490733,-1.219061268746613,0.0004409053052325891,2015,1,1,1,-0.14845705897567987,0.59222318764601,0.44340039910525364,-0.04813643556426811,-0.035658637342944915
7,0,1,3,-0.9763619577899957,0.16555842048575076,1.1826757227122224,0.6922133579165172,0.5956127028472249,-0.056973906786821585,-0.09535037375600017,-0.343873289490733,1.0167248842562375,-0.00948316293764948,2015,1,1,1,-0.15737978278727255,-0.39359299158155997,-0.3289684347609853,-0.04813643556426811,-0.16606341144197148
8,0,1,3,-1.264364586838698,0.16555842048575076,0.42893005301044096,0.4188865967652522,0.2346537378297212,-0.056973906786821585,-0.09535037375600017,-0.343873289490733,0.9038063916803359,-0.013403754321965534,2015,1,1,1,-0.16090478415205584,-0.4192625096604834,-0.36463433647200044,-0.04813643556426811,-0.1671055072208581
9,0,1,3,-1.5523672158874002,0.16555842048575076,1.1826757227122224,0.6922133579165172,0.5956127028472249,-0.056973906786821585,-0.09535037375600017,-0.343873289490733,1.0167248842562375,-0.03126684163475117,2015,1,1,1,-0.17696547525307385,-0.39359299158155997,-0.3289684347609853,-0.04813643556426811,-0.16606341144197148
10,0,1,3,0.7516538165022177,-0.385168797395505,1.1826757227122224,0.6922133579165172,0.5627982514819972,-0.056973906786821585,-0.09535037375600017,-0.343873289490733,1.0167248842562375,-0.2273199565997011,2015,1,1,1,0.14192179819110157,-0.39359299158155997,-0.33234082116946895,-0.04813643556426811,-0.16606341144197148
11,0,1,3,1.0396564455509198,0.16555842048575076,0.3775174372938759,0.5646608693792602,0.5956127028472249,-0.056973906786821585,-0.09535037375600017,-0.343873289490733,0.8586389946499753,-0.287015422843857,2015,1,1,1,-0.40690887139731663,-0.40180840345045765,-0.3237620747287974,-0.04813643556426811,-0.16721813476633005
12,0,1,3,-0.40035669969259124,0.7162856383670065,-0.347767677279093,-0.29176298222803665,0.7596849596733629,-0.056973906786821585,-0.09535037375600017,-0.343873289490733,-0.20279483556349912,-0.32153677640606176,2015,1,1,1,-0.9331055113553894,-0.5413506506496224,-0.19267347699378004,-0.04813643556426811,-0.17069904109654632
13,0,0,3,1.0396564455509198,-0.9358960152767596,-1.0335752476411284,-1.1117432656818316,-0.8810376085880175,-0.056973906786821585,-0.09535037375600017,-0.343873289490733,-1.219061268746613,-0.32909252634909025,2015,1,1,1,0.5455766533544155,0.59222318764601,0.44340039910525364,-0.04813643556426811,-0.035658637342944915
14,0,0,3,0.46365118745351547,0.16555842048575076,-1.1290558196861773,-1.1117432656818316,-0.8810376085880175,-0.056973906786821585,-0.09535037375600017,-0.343873289490733,-1.219061268746613,-0.5248052750981043,2015,1,1,1,-0.6207055850974531,0.59222318764601,0.44340039910525364,-0.04813643556426811,-0.13067560996938027
15,0,0,3,-0.6883593287412935,0.16555842048575076,-1.0335752476411284,-0.7473075841468115,-0.8810376085880175,-0.056973906786821585,-0.09535037375600017,-0.343873289490733,-0.7673872984430068,-1.0842500737226826,2015,1,1,1,-1.1237020683733,-1.1344254664578182,-1.1751988199873205,-0.04813643556426811,-0.035658637342944915
16,0,0,3,0.17564855840481322,0.7162856383670065,-1.1290558196861773,-1.1117432656818316,-0.8810376085880175,-0.056973906786821585,-0.09535037375600017,-0.343873289490733,-1.219061268746613,-1.4343677292201247,2015,1,1,1,-1.9336511543252686,0.59222318764601,0.44340039910525364,-0.04813643556426811,-0.13067560996938027
17,0,1,3,-0.6883593287412935,-0.9358960152767596,0.7796375387912944,0.7833222783002721,-0.8810376085880175,-0.056973906786821585,-0.09535037375600017,-0.343873289490733,1.129643376832139,-1.5651718731286208,2015,1,1,1,-0.5657815467907924,-0.3884715825154907,-0.47592489928641585,-0.04813643556426811,-0.16651082424980235
18,0,0,3,1.3276590745996222,-0.385168797395505,-1.0142955167474164,-0.9659689930678235,-0.8810376085880175,-0.056973906786821585,-0.09535037375600017,-0.343873289490733,-1.0383916806251705,-2.1329302816786915,2015,1,1,1,-1.5714113034221955,4.776884046775083,4.366195452201379,-0.04813643556426811,0.13754813922123504
19,0,0,1,-0.6883593287412935,0.7162856383670065,-1.0142955167474164,0.6011044375327622,-0.8810376085880175,-0.056973906786821585,-0.09535037375600017,-0.343873289490733,-0.6770525043822855,1.558501894888271,2015,1,3,1,0.7572361316602887,-0.07732021731081806,-0.9556136531486727,-0.04813643556426811,0.13754813922123504
20,0,0,1,1.3276590745996222,0.16555842048575076,-1.1290558196861773,0.3095558923047462,-0.8810376085880175,-0.056973906786821585,-0.09535037375600017,-0.343873289490733,-0.8125546954733673,1.5575366730666116,2015,1,3,1,1.2515268129509987,-0.1210422710271528,-1.3643592790460946,-0.04813643556426811,-0.13067560996938027
21,0,0,1,0.7516538165022177,0.7162856383670065,-1.0142955167474164,-1.1117432656818316,-0.8810376085880175,-0.056973906786821585,-0.09535037375600017,-0.343873289490733,-1.219061268746613,1.346035746766361,2015,1,3,1,0.5662079451739184,0.59222318764601,0.44340039910525364,-0.04813643556426811,0.13754813922123504
22,0,0,1,-0.9763619577899957,0.16555842048575076,-1.0335752476411284,-0.9295254249143216,-0.8810376085880175,-0.056973906786821585,-0.09535037375600017,-0.343873289490733,-1.219061268746613,1.27248084040058,2015,1,3,1,0.9952332845800248,0.4189245579538874,0.44340039910525364,-0.04813643556426811,-0.035658637342944915
23,0,0,1,-1.5523672158874002,0.7162856383670065,-1.0335752476411284,-1.1117432656818316,-0.8810376085880175,-0.056973906786821585,-0.09535037375600017,-0.343873289490733,-1.219061268746613,0.9890412002682003,2015,1,3,1,0.2452343622954921,0.59222318764601,0.44340039910525364,-0.04813643556426811,-0.035658637342944915
24,0,1,1,-1.5523672158874002,0.7162856383670065,1.1826757227122224,0.5099955171490071,0.7596849596733629,-0.056973906786821585,-0.09535037375600017,-0.343873289490733,0.9715574872258769,0.30527536799432736,2015,1,3,1,-0.3695390878527857,-0.41121009092459637,-0.31031786934717903,-0.04813643556426811,-0.16606341144197148
25,0,1,1,-0.9763619577899957,0.7162856383670065,1.1826757227122224,0.5828826534560112,0.7596849596733629,-0.056973906786821585,-0.09535037375600017,-0.343873289490733,0.8812226931651556,0.3025830430570239,2015,1,3,1,-0.37195975559092354,-0.4005502380174416,-0.3064829364155331,-0.04813643556426811,-0.16606341144197148
26,0,1,1,0.46365118745351547,0.7162856383670065,1.0064038973982858,0.7468787101467701,0.7596849596733629,-0.056973906786821585,-0.09535037375600017,-0.343873289490733,1.0844759798017785,0.3025543251384719,2015,1,3,1,-0.3719855758542885,-0.3904535622947884,-0.31464411424498834,-0.04813643556426811,-0.1662369749086337
27,0,1,1,1.6156617036483245,0.7162856383670065,1.0064038973982858,0.7468787101467701,1.186272827421322,-0.056973906786821585,-0.09535037375600017,-0.343873289490733,1.0844759798017785,0.3025543251384719,2015,1,3,1,-0.3719855758542885,-0.3904535622947884,-0.27222804252344124,-0.04813643556426811,-0.1662369749086337
28,0,1,1,1.3276590745996222,0.7162856383670065,-0.32940602880889136,0.7468787101467701,0.7596849596733629,-0.056973906786821585,-0.09535037375600017,-0.343873289490733,-0.24796223259385972,0.3020099693645502,2015,1,3,1,-0.37247500580449394,-0.258192975857277,-0.180811210504851,-0.04813643556426811,-0.1705180185368963
29,0,1,1,-0.40035669969259124,0.7162856383670065,-0.32940602880889136,0.7468787101467701,0.7596849596733629,-0.056973906786821585,-0.09535037375600017,-0.343873289490733,-0.1576274385331385,0.301416882788948,2015,1,3,1,-0.3730082495892953,-0.2803816374426023,-0.2032636514780683,-0.04813643556426811,-0.1705180185368963
30,0,1,1,-0.11235407064388901,0.7162856383670065,0.9825337543870234,0.6375480056862641,0.7596849596733629,-0.056973906786821585,-0.09535037375600017,-0.343873289490733,0.9489737887106965,0.30125864652244616,2015,1,3,1,-0.3731505197217066,-0.39695068934869643,-0.30939246402623943,-0.04813643556426811,-0.16626285102305113
31,0,1,1,0.17564855840481322,0.7162856383670065,0.9825337543870234,0.6375480056862641,0.36591154329063164,-0.056973906786821585,-0.09535037375600017,-0.343873289490733,0.9489737887106965,0.30125864652244616,2015,1,3,1,-0.3731505197217066,-0.39695068934869643,-0.3512678897218246,-0.04813643556426811,-0.16626285102305113
32,0,1,1,1.0396564455509198,0.16555842048575076,0.3775174372938759,0.5646608693792602,0.9565716678647286,-0.056973906786821585,-0.09535037375600017,-0.343873289490733,0.8586389946499753,0.21544406607986602,2015,1,3,1,0.0448521540668111,-0.40180840345045765,-0.2835106156246746,-0.04813643556426811,-0.16721813476633005
33,0,0,1,-1.264364586838698,0.7162856383670065,-1.0142955167474164,-1.1117432656818316,-0.8810376085880175,-0.056973906786821585,-0.09535037375600017,-0.343873289490733,-1.219061268746613,0.1829806805807555,2015,1,3,1,-0.4794941680386774,0.59222318764601,0.44340039910525364,-0.04813643556426811,0.13754813922123504
34,0,1,1,-1.264364586838698,0.16555842048575076,0.42893005301044096,0.6011044375327622,0.5956127028472249,-0.056973906786821585,-0.09535037375600017,-0.343873289490733,0.9038063916803359,-0.03250331798065956,2015,1,3,1,-0.17807719039489797,-0.3993219222886241,-0.32533783457484583,-0.04813643556426811,-0.1671055072208581
35,0,0,1,1.0396564455509198,-0.385168797395505,-1.0142955167474164,-1.1117432656818316,-0.8810376085880175,-0.056973906786821585,-0.09535037375600017,-0.343873289490733,-1.219061268746613,-0.35655364788396215,2015,1,3,1,0.025727863782281594,0.59222318764601,0.44340039910525364,-0.04813643556426811,0.13754813922123504
36,0,1,1,-0.6883593287412935,-0.385168797395505,0.7796375387912944,2.7877185267428817,-0.8810376085880175,-0.056973906786821585,-0.09535037375600017,-0.343873289490733,1.129643376832139,-0.3677842944374926,2015,1,3,1,0.015630396194365678,-0.19238560908005248,-0.47592489928641585,-0.04813643556426811,-0.16651082424980235
37,0,1,1,0.7516538165022177,-0.385168797395505,1.1826757227122224,0.6922133579165172,0.4315404460210869,-0.056973906786821585,-0.09535037375600017,-0.343873289490733,1.0167248842562375,-0.36891388151293003,2015,1,3,1,0.014614785131583855,-0.39359299158155997,-0.3458303668034035,-0.04813643556426811,-0.16606341144197148
38,0,0,1,0.46365118745351547,0.7162856383670065,-1.1290558196861773,-1.1117432656818316,-0.8810376085880175,-0.056973906786821585,-0.09535037375600017,-0.343873289490733,-1.219061268746613,-0.8482052632466227,2015,1,3,1,-1.4066328323427566,0.59222318764601,0.44340039910525364,-0.04813643556426811,-0.13067560996938027
39,0,0,1,0.17564855840481322,0.7162856383670065,-1.0335752476411284,-1.1117432656818316,-0.8810376085880175,-0.056973906786821585,-0.09535037375600017,-0.343873289490733,-1.219061268746613,-0.8684177599967674,2015,1,3,1,-1.4248058760613556,0.59222318764601,0.44340039910525364,-0.04813643556426811,-0.035658637342944915
40,0,0,2,-0.9763619577899957,0.16555842048575076,-1.0142955167474164,-0.9295254249143216,-0.8810376085880175,-0.056973906786821585,-0.09535037375600017,-0.343873289490733,-1.219061268746613,1.5810118585777047,2015,1,4,1,1.2726333381798653,0.4189245579538874,0.44340039910525364,-0.04813643556426811,0.13754813922123504
41,0,0,2,0.7516538165022177,0.7162856383670065,-1.0335752476411284,-1.1117432656818316,-0.8810376085880175,-0.056973906786821585,-0.09535037375600017,-0.343873289490733,-1.219061268746613,1.1812690309391998,2015,1,4,1,0.41806628968667425,0.59222318764601,0.44340039910525364,-0.04813643556426811,-0.035658637342944915
42,0,0,2,-1.5523672158874002,0.7162856383670065,-1.0335752476411284,-1.1117432656818316,-0.8810376085880175,-0.056973906786821585,-0.09535037375600017,-0.343873289490733,-1.219061268746613,1.0714245581817814,2015,1,4,1,0.3193051900391145,0.59222318764601,0.44340039910525364,-0.04813643556426811,-0.035658637342944915
43,0,1,2,-0.11235407064388901,0.7162856383670065,-0.32940602880889136,0.7149905880124559,0.7596849596733629,-0.056973906786821585,-0.09535037375600017,-0.343873289490733,-0.1802111370483188,0.8337945881884353,2015,1,4,1,0.10565222638396755,-0.2833968652991768,-0.1981144342999033,-0.04813643556426811,-0.1705180185368963
44,0,0,2,-0.6883593287412935,0.7162856383670065,-1.0335752476411284,0.6011044375327622,-0.8810376085880175,-0.056973906786821585,-0.09535037375600017,-0.343873289490733,-0.6770525043822855,0.7131186425925246,2015,1,4,1,-0.0028474440034653254,-0.07732021731081806,-0.9556136531486727,-0.04813643556426811,-0.035658637342944915
45,0,1,2,0.7516538165022177,0.7162856383670065,1.0064038973982858,0.7468787101467701,1.087829473325639,-0.056973906786821585,-0.09535037375600017,-0.343873289490733,1.0844759798017785,0.6387844649350154,2015,1,4,1,-0.06968125860117684,-0.3904535622947884,-0.2820163667668752,-0.04813643556426811,-0.1662369749086337
46,0,1,2,0.17564855840481322,0.7162856383670065,0.9825337543870234,0.7286569260700192,1.087829473325639,-0.056973906786821585,-0.09535037375600017,-0.343873289490733,0.9715574872258769,0.6378941960778515,2015,1,4,1,-0.07048169879728627,-0.3881036780880187,-0.2758214083848044,-0.04813643556426811,-0.16626285102305113
47,0,1,2,0.46365118745351547,0.7162856383670065,0.9825337543870234,0.6557697897630151,0.5956127028472249,-0.056973906786821585,-0.09535037375600017,-0.343873289490733,0.9715574872258769,0.6372832712052181,2015,1,4,1,-0.07103098098426133,-0.3958058157002112,-0.3275660998283664,-0.04813643556426811,-0.16626285102305113
48,0,1,2,-0.6883593287412935,0.7162856383670065,1.1826757227122224,-0.10954514146052668,0.7596849596733629,-0.056973906786821585,-0.09535037375600017,-0.343873289490733,0.9263900901955162,0.30442389375313694,2015,1,4,1,-0.3703046478329155,-0.47694967593379706,-0.30844536104927595,-0.04813643556426811,-0.16606341144197148
49,0,1,2,-1.5523672158874002,0.7162856383670065,1.0064038973982858,0.7468787101467701,1.186272827421322,-0.056973906786821585,-0.09535037375600017,-0.343873289490733,1.0844759798017785,0.3025543251384719,2015,1,4,1,-0.3719855758542885,-0.3904535622947884,-0.27222804252344124,-0.04813643556426811,-0.1662369749086337
50,0,1,2,-1.264364586838698,0.7162856383670065,1.1826757227122224,0.6193262216095131,0.7596849596733629,-0.056973906786821585,-0.09535037375600017,-0.343873289490733,0.9263900901955162,0.30201364943333003,2015,1,4,1,-0.37247169705685873,-0.3981224064505891,-0.30844536104927595,-0.04813643556426811,-0.16606341144197148
51,0,1,2,1.6156617036483245,0.7162856383670065,-0.32940602880889136,0.7149905880124559,0.7596849596733629,-0.056973906786821585,-0.09535037375600017,-0.343873289490733,-0.1802111370483188,0.30062432979444137,2015,1,4,1,-0.3737208335118319,-0.2833968652991768,-0.1981144342999033,-0.04813643556426811,-0.1705180185368963
52,0,0,2,-1.264364586838698,0.7162856383670065,-1.0335752476411284,-1.1117432656818316,-0.8810376085880175,-0.056973906786821585,-0.09535037375600017,-0.343873289490733,-1.219061268746613,0.24759097904597435,2015,1,4,1,-0.42140308739710636,0.59222318764601,0.44340039910525364,-0.04813643556426811,-0.035658637342944915
53,0,0,2,1.0396564455509198,-0.385168797395505,-1.0335752476411284,-0.09132335738377569,-0.8810376085880175,-0.056973906786821585,-0.09535037375600017,-0.343873289490733,-0.7673872984430068,0.027618066042012817,2015,1,4,1,0.37113642161301386,-0.5468957968487163,-1.1751988199873205,-0.04813643556426811,-0.035658637342944915
54,0,1,2,1.3276590745996222,0.16555842048575076,0.3775174372938759,0.5646608693792602,0.5956127028472249,-0.056973906786821585,-0.09535037375600017,-0.343873289490733,0.8586389946499753,-0.031797902323827086,2015,1,4,1,-0.17744295160045961,-0.40180840345045765,-0.3237620747287974,-0.04813643556426811,-0.16721813476633005
55,0,1,2,-0.9763619577899957,0.16555842048575076,0.42893005301044096,0.6011044375327622,0.5956127028472249,-0.056973906786821585,-0.09535037375600017,-0.343873289490733,0.9038063916803359,-0.03250331798065956,2015,1,4,1,-0.17807719039489797,-0.3993219222886241,-0.32533783457484583,-0.04813643556426811,-0.1671055072208581
56,0,1,2,1.0396564455509198,-0.385168797395505,1.1826757227122224,0.6922133579165172,0.4315404460210869,-0.056973906786821585,-0.09535037375600017,-0.343873289490733,1.0167248842562375,-0.36891388151293003,2015,1,4,1,0.014614785131583855,-0.39359299158155997,-0.3458303668034035,-0.04813643556426811,-0.16606341144197148
57,0,0,2,0.46365118745351547,0.7162856383670065,-1.1290558196861773,-1.1117432656818316,-0.8810376085880175,-0.056973906786821585,-0.09535037375600017,-0.343873289490733,-1.219061268746613,-0.484380281597815,2015,1,4,1,-1.0795180093125478,0.59222318764601,0.44340039910525364,-0.04813643556426811,-0.13067560996938027
58,0,0,2,0.17564855840481322,0.7162856383670065,-1.1290558196861773,-1.1117432656818316,-0.8810376085880175,-0.056973906786821585,-0.09535037375600017,-0.343873289490733,-1.219061268746613,-0.5854427720395721,2015,1,4,1,-1.170383233921447,0.59222318764601,0.44340039910525364,-0.04813643556426811,-0.13067560996938027
59,0,1,2,-0.40035669969259124,-0.385168797395505,2.7975827056664664,0.7104351419932682,-0.027861873092099653,-0.056973906786821585,-0.09535037375600017,-0.343873289490733,1.0393085827714177,-1.0148197014619655,2015,1,4,1,-0.5661187506176456,-0.3925233373870211,-0.39301206664112154,-0.04813643556426811,-0.16522330551535236
61,0,0,0,-1.5523672158874002,0.7162856383670065,-1.0335752476411284,-0.8201947204538156,-0.8810376085880175,-0.056973906786821585,-0.09535037375600017,-0.343873289490733,-1.219061268746613,1.37807372300555,2015,1,5,2,0.5950132704163849,0.3149453801386139,0.44340039910525364,-0.04813643556426811,-0.035658637342944915
62,0,0,0,1.3276590745996222,0.7162856383670065,-1.0335752476411284,-0.6744204478398076,-0.8810376085880175,-0.056973906786821585,-0.09535037375600017,-0.343873289490733,-1.1287264746858916,1.2339144622920601,2015,1,5,2,0.4653997654757642,0.6264200864587645,1.0283721199729092,-0.04813643556426811,-0.035658637342944915
63,0,0,0,-0.6883593287412935,0.7162856383670065,-1.0335752476411284,-0.23709762999778367,-0.8810376085880175,-0.056973906786821585,-0.09535037375600017,-0.343873289490733,-0.857722092503728,0.9271258964629092,2015,1,5,2,0.1895663497380708,-0.8122862921283373,-1.6736211046079832,-0.04813643556426811,-0.035658637342944915
64,0,0,0,-0.9763619577899957,0.16555842048575076,-1.0142955167474164,-0.8201947204538156,-0.8810376085880175,-0.056973906786821585,-0.09535037375600017,-0.343873289490733,-1.219061268746613,0.8048635133621901,2015,1,5,2,0.5747988259928035,0.3149453801386139,0.44340039910525364,-0.04813643556426811,0.13754813922123504
65,0,1,0,0.7516538165022177,0.7162856383670065,1.0064038973982858,0.7468787101467701,1.5800462438040532,-0.056973906786821585,-0.09535037375600017,-0.343873289490733,1.0844759798017785,0.6387844649350154,2015,1,5,2,-0.06968125860117684,-0.3904535622947884,-0.23307474554970545,-0.04813643556426811,-0.1662369749086337
66,0,0,0,0.7516538165022177,0.7162856383670065,-1.1290558196861773,-0.8201947204538156,-0.8810376085880175,-0.056973906786821585,-0.09535037375600017,-0.343873289490733,-1.219061268746613,0.43981880971697374,2015,1,5,2,-0.24857116000592422,0.3149453801386139,0.44340039910525364,-0.04813643556426811,-0.13067560996938027
67,0,0,0,-1.264364586838698,0.7162856383670065,-1.0335752476411284,-1.1117432656818316,-0.8810376085880175,-0.056973906786821585,-0.09535037375600017,-0.343873289490733,-1.219061268746613,0.3299743369595554,2015,1,5,2,-0.34733225965348397,0.59222318764601,0.44340039910525364,-0.04813643556426811,-0.035658637342944915
68,0,1,0,0.17564855840481322,0.7162856383670065,0.9825337543870234,0.6557697897630151,0.7596849596733629,-0.056973906786821585,-0.09535037375600017,-0.343873289490733,0.9715574872258769,0.30500138352814715,2015,1,5,2,-0.3697854271221822,-0.3958058157002112,-0.31031786934717903,-0.04813643556426811,-0.16626285102305113
69,0,1,0,0.46365118745351547,0.7162856383670065,0.9825337543870234,0.6557697897630151,0.36591154329063164,-0.056973906786821585,-0.09535037375600017,-0.343873289490733,0.9715574872258769,0.30500138352814715,2015,1,5,2,-0.3697854271221822,-0.3958058157002112,-0.35171362250202864,-0.04813643556426811,-0.16626285102305113
70,0,1,0,-1.5523672158874002,0.7162856383670065,1.0064038973982858,0.7468787101467701,1.186272827421322,-0.056973906786821585,-0.09535037375600017,-0.343873289490733,1.0844759798017785,0.3025543251384719,2015,1,5,2,-0.3719855758542885,-0.3904535622947884,-0.27222804252344124,-0.04813643556426811,-0.1662369749086337
71,0,1,0,1.3276590745996222,0.7162856383670065,0.3775174372938759,0.05445091523023228,0.7596849596733629,-0.056973906786821585,-0.09535037375600017,-0.343873289490733,0.9038063916803359,0.30210146256545234,2015,1,5,2,-0.37239274432237707,-0.4591436844042018,-0.30747578825795735,-0.04813643556426811,-0.16721813476633005
72,0,1,0,-0.11235407064388901,0.7162856383670065,-0.32940602880889136,0.7833222783002721,0.7596849596733629,-0.056973906786821585,-0.09535037375600017,-0.343873289490733,-0.13504374001795819,0.3020683352553993,2015,1,5,2,-0.37242252906699896,-0.2764266100999913,-0.20814398021939298,-0.04813643556426811,-0.1705180185368963
73,0,1,0,1.6156617036483245,0.7162856383670065,-0.32940602880889136,0.7833222783002721,0.7596849596733629,-0.056973906786821585,-0.09535037375600017,-0.343873289490733,-0.13504374001795819,0.3020683352553993,2015,1,5,2,-0.37242252906699896,-0.2764266100999913,-0.20814398021939298,-0.04813643556426811,-0.1705180185368963
74,0,1,0,-1.264364586838698,0.7162856383670065,1.1826757227122224,0.6922133579165172,0.7596849596733629,-0.056973906786821585,-0.09535037375600017,-0.343873289490733,1.0167248842562375,0.3009342785691522,2015,1,5,2,-0.37344215875418196,-0.39359299158155997,-0.3121065027185671,-0.04813643556426811,-0.16606341144197148
75,0,1,0,-0.6883593287412935,0.7162856383670065,1.1826757227122224,0.6922133579165172,0.7596849596733629,-0.056973906786821585,-0.09535037375600017,-0.343873289490733,1.0167248842562375,0.3009342785691522,2015,1,5,2,-0.37344215875418196,-0.39359299158155997,-0.3121065027185671,-0.04813643556426811,-0.16606341144197148
76,0,0,0,1.0396564455509198,0.16555842048575076,-1.1290558196861773,-1.1117432656818316,-0.8810376085880175,-0.056973906786821585,-0.09535037375600017,-0.343873289490733,-1.219061268746613,0.05536314168394174,2015,1,5,2,-0.09907650915190004,0.59222318764601,0.44340039910525364,-0.04813643556426811,-0.13067560996938027
77,0,0,0,-0.40035669969259124,-1.4866232331580154,-1.1290558196861773,-1.1117432656818316,-0.8810376085880175,-0.056973906786821585,-0.09535037375600017,-0.343873289490733,-1.219061268746613,0.027902020149069815,2015,1,5,2,1.3617087478851335,0.59222318764601,0.44340039910525364,-0.04813643556426811,-0.13067560996938027
78,0,1,0,1.0396564455509198,0.16555842048575076,1.1826757227122224,0.7286569260700192,0.5956127028472249,-0.056973906786821585,-0.09535037375600017,-0.343873289490733,1.061892281286598,-0.03145302635087776,2015,1,5,2,-0.17713287381979864,-0.3914771148218299,-0.3303093311604219,-0.04813643556426811,-0.16606341144197148
79,0,1,0,-0.9763619577899957,0.16555842048575076,0.42893005301044096,0.6011044375327622,0.5956127028472249,-0.056973906786821585,-0.09535037375600017,-0.343873289490733,0.9038063916803359,-0.03250331798065956,2015,1,5,2,-0.17807719039489797,-0.3993219222886241,-0.32533783457484583,-0.04813643556426811,-0.1671055072208581
80,0,0,0,0.17564855840481322,0.7162856383670065,-1.0335752476411284,-1.1117432656818316,-0.8810376085880175,-0.056973906786821585,-0.09535037375600017,-0.343873289490733,-1.219061268746613,-0.5248052750981043,2015,1,5,2,-1.1158640967497457,0.59222318764601,0.44340039910525364,-0.04813643556426811,-0.035658637342944915
81,0,0,0,0.46365118745351547,0.7162856383670065,-1.1290558196861773,-1.1117432656818316,-0.8810376085880175,-0.056973906786821585,-0.09535037375600017,-0.343873289490733,-1.219061268746613,-0.6056552754807507,2015,1,5,2,-1.1885562836559505,0.59222318764601,0.44340039910525364,-0.04813643556426811,-0.13067560996938027
82,0,1,0,-0.40035669969259124,-1.4866232331580154,0.6226454443710694,0.7104351419932682,-0.12630522718778248,-0.056973906786821585,-0.09535037375600017,-0.343873289490733,1.0393085827714177,-1.037592288241601,2015,1,5,2,0.40372345355659267,-0.3925233373870211,-0.4030171864843486,-0.04813643556426811,-0.16674525014629327
83,0,0,4,-0.6883593287412935,0.7162856383670065,-1.0335752476411284,-0.054879789230273694,-0.8810376085880175,-0.056973906786821585,-0.09535037375600017,-0.343873289490733,-0.7673872984430068,1.416361948133617,2015,1,6,2,0.6294381906902714,-0.5142552596482106,-1.1751988199873205,-0.04813643556426811,-0.035658637342944915
84,0,0,4,-1.5523672158874002,0.7162856383670065,-1.0335752476411284,-0.9659689930678235,-0.8810376085880175,-0.056973906786821585,-0.09535037375600017,-0.343873289490733,-1.219061268746613,1.213723082445678,2015,1,6,2,0.4472457079526868,0.45358428389231187,0.44340039910525364,-0.04813643556426811,-0.035658637342944915
85,0,0,4,-0.9763619577899957,0.16555842048575076,-1.0142955167474164,-0.8566382886073175,-0.8810376085880175,-0.056973906786821585,-0.09535037375600017,-0.343873289490733,-1.1287264746858916,0.9639498222234555,2015,1,6,2,0.7178332309801844,0.9213323629352251,1.0283721199729092,-0.04813643556426811,0.13754813922123504
86,0,0,4,1.3276590745996222,0.7162856383670065,-1.0142955167474164,-0.5833115274560526,-0.8810376085880175,-0.056973906786821585,-0.09535037375600017,-0.343873289490733,-0.9028894895340885,0.8938291359699712,2015,1,6,2,0.15962925232720537,-1.7165254538275587,-2.2705665515301203,-0.04813643556426811,0.13754813922123504
87,0,0,4,0.7516538165022177,0.7162856383670065,-1.0335752476411284,-0.9659689930678235,-0.8810376085880175,-0.056973906786821585,-0.09535037375600017,-0.343873289490733,-1.219061268746613,0.6894653484435186,2015,1,6,2,-0.024114106601973325,0.45358428389231187,0.44340039910525364,-0.04813643556426811,-0.035658637342944915
88,0,1,4,-1.5523672158874002,0.7162856383670065,1.0064038973982858,1.821963970675079,1.5800462438040532,-0.056973906786821585,-0.09535037375600017,-0.343873289490733,1.0844759798017785,0.6383349545701021,2015,1,6,2,-0.07008541310096536,-0.2830012306030154,-0.23307474554970545,-0.04813643556426811,-0.1662369749086337
89,0,1,4,0.7516538165022177,0.7162856383670065,1.0064038973982858,1.821963970675079,1.5800462438040532,-0.056973906786821585,-0.09535037375600017,-0.343873289490733,1.0844759798017785,0.6383349545701021,2015,1,6,2,-0.07008541310096536,-0.2830012306030154,-0.23307474554970545,-0.04813643556426811,-0.1662369749086337
90,0,0,4,1.0396564455509198,0.16555842048575076,-1.0335752476411284,-0.9659689930678235,-0.8810376085880175,-0.056973906786821585,-0.09535037375600017,-0.343873289490733,-1.219061268746613,0.3649248534518367,2015,1,6,2,0.17925024043790594,0.45358428389231187,0.44340039910525364,-0.04813643556426811,-0.035658637342944915
91,0,0,4,-1.264364586838698,0.7162856383670065,-1.0335752476411284,-0.9659689930678235,-0.8810376085880175,-0.056973906786821585,-0.09535037375600017,-0.343873289490733,-1.219061268746613,0.33996019690276863,2015,1,6,2,-0.3383539789611434,0.45358428389231187,0.44340039910525364,-0.04813643556426811,-0.035658637342944915
92,0,1,4,-1.264364586838698,0.7162856383670065,1.1826757227122224,1.7399659423296994,0.7596849596733629,-0.056973906786821585,-0.09535037375600017,-0.343873289490733,1.0167248842562375,0.3043998595584872,2015,1,6,2,-0.37032625696292604,-0.28535445422060646,-0.3121065027185671,-0.04813643556426811,-0.16606341144197148
93,0,1,4,-0.6883593287412935,0.7162856383670065,1.1826757227122224,1.7399659423296994,0.7596849596733629,-0.056973906786821585,-0.09535037375600017,-0.343873289490733,1.0167248842562375,0.3043998595584872,2015,1,6,2,-0.37032625696292604,-0.28535445422060646,-0.3121065027185671,-0.04813643556426811,-0.16606341144197148
94,0,1,4,-0.9763619577899957,0.7162856383670065,0.42893005301044096,1.603302561754067,0.7596849596733629,-0.056973906786821585,-0.09535037375600017,-0.343873289490733,0.9038063916803359,0.302254466443252,2015,1,6,2,-0.3722551786275132,-0.28964869174339836,-0.30747578825795735,-0.04813643556426811,-0.1671055072208581
95,0,1,4,1.6156617036483245,0.7162856383670065,-0.32940602880889136,0.20933607988261574,0.7596849596733629,-0.056973906786821585,-0.09535037375600017,-0.343873289490733,-0.1576274385331385,0.30136549564671195,2015,1,6,2,-0.3730544517380933,-0.4133286341937575,-0.2032636514780683,-0.04813643556426811,-0.1705180185368963
96,0,1,4,0.17564855840481322,0.7162856383670065,0.9825337543870234,1.6853005900994464,0.36591154329063164,-0.056973906786821585,-0.09535037375600017,-0.343873289490733,0.9715574872258769,0.30128354386050077,2015,1,6,2,-0.3731281345399779,-0.28701312192799106,-0.35171362250202864,-0.04813643556426811,-0.16626285102305113
97,0,1,4,0.46365118745351547,0.7162856383670065,0.9825337543870234,1.6853005900994464,0.36591154329063164,-0.056973906786821585,-0.09535037375600017,-0.343873289490733,0.9715574872258769,0.30128354386050077,2015,1,6,2,-0.3731281345399779,-0.28701312192799106,-0.35171362250202864,-0.04813643556426811,-0.16626285102305113
98,0,1,4,-0.11235407064388901,0.7162856383670065,-0.32940602880889136,-0.045768897191898195,0.36591154329063164,-0.056973906786821585,-0.09535037375600017,-0.343873289490733,-0.1576274385331385,0.30093459973879105,2015,1,6,2,-0.3734418699907521,-0.47642212417735647,-0.30014965038771885,-0.04813643556426811,-0.1705180185368963
99,0,1,4,1.0396564455509198,0.16555842048575076,1.1826757227122224,1.7946312945599525,0.5956127028472249,-0.056973906786821585,-0.09535037375600017,-0.343873289490733,1.061892281286598,-0.03047978197927769,2015,1,6,2,-0.1762578303883709,-0.2837684553946768,-0.3303093311604219,-0.04813643556426811,-0.16606341144197148
100,0,1,4,1.3276590745996222,0.16555842048575076,0.3775174372938759,1.603302561754067,0.5956127028472249,-0.056973906786821585,-0.09535037375600017,-0.343873289490733,0.9038063916803359,-0.033742356992645904,2015,1,6,2,-0.17919120962825746,-0.28964869174339836,-0.32533783457484583,-0.04813643556426811,-0.16721813476633005
101,0,0,4,0.46365118745351547,0.7162856383670065,-1.1290558196861773,-0.9659689930678235,-0.8810376085880175,-0.056973906786821585,-0.09535037375600017,-0.343873289490733,-1.219061268746613,-0.49540527921689104,2015,1,6,2,-1.0894305780667017,0.45358428389231187,0.44340039910525364,-0.04813643556426811,-0.13067560996938027
102,0,1,4,-0.40035669969259124,-0.9358960152767596,0.6226454443710694,1.7672986184448258,0.2674681891949488,-0.056973906786821585,-0.09535037375600017,-0.343873289490733,1.0393085827714177,-0.7033447219354018,2015,1,6,2,0.2090867285200179,-0.28455267297843917,-0.3629967071114405,-0.04813643556426811,-0.16674525014629327
103,0,0,4,0.17564855840481322,0.7162856383670065,-1.1290558196861773,-0.9659689930678235,-0.8810376085880175,-0.056973906786821585,-0.09535037375600017,-0.343873289490733,-1.219061268746613,-0.929055256938236,2015,1,6,2,-1.4793250132330575,0.45358428389231187,0.44340039910525364,-0.04813643556426811,-0.13067560996938027
104,0,0,5,-1.5523672158874002,0.7162856383670065,-1.0335752476411284,-0.9659689930678235,-0.8810376085880175,-0.056973906786821585,-0.09535037375600017,-0.343873289490733,-1.219061268746613,1.313581701950917,2015,1,7,2,0.5370285329238107,0.45358428389231187,0.44340039910525364,-0.04813643556426811,-0.035658637342944915
105,0,0,5,0.7516538165022177,0.7162856383670065,-1.0335752476411284,-0.9659689930678235,-0.8810376085880175,-0.056973906786821585,-0.09535037375600017,-0.343873289490733,-1.219061268746613,0.8392532743558598,2015,1,7,2,0.11056012784675973,0.45358428389231187,0.44340039910525364,-0.04813643556426811,-0.035658637342944915
106,0,1,5,-1.5523672158874002,0.7162856383670065,1.0064038973982858,1.821963970675079,1.5800462438040532,-0.056973906786821585,-0.09535037375600017,-0.343873289490733,1.0844759798017785,0.6383349545701021,2015,1,7,2,-0.07008541310096536,-0.2830012306030154,-0.23307474554970545,-0.04813643556426811,-0.1662369749086337
107,0,1,5,0.7516538165022177,0.7162856383670065,1.0064038973982858,1.821963970675079,1.5800462438040532,-0.056973906786821585,-0.09535037375600017,-0.343873289490733,1.0844759798017785,0.6383349545701021,2015,1,7,2,-0.07008541310096536,-0.2830012306030154,-0.23307474554970545,-0.04813643556426811,-0.1662369749086337
108,0,1,5,0.46365118745351547,0.7162856383670065,0.9825337543870234,1.6853005900994464,1.087829473325639,-0.056973906786821585,-0.09535037375600017,-0.343873289490733,0.9715574872258769,0.6358890804934713,2015,1,7,2,-0.07228449701792297,-0.28701312192799106,-0.2758214083848044,-0.04813643556426811,-0.16626285102305113
109,0,0,5,-0.9763619577899957,0.16555842048575076,-1.0142955167474164,-0.5833115274560526,-0.8810376085880175,-0.056973906786821585,-0.09535037375600017,-0.343873289490733,-0.9028894895340885,0.501153291612251,2015,1,7,2,0.3017331475724707,-1.7165254538275587,-2.2705665515301203,-0.04813643556426811,0.13754813922123504
110,0,0,5,-0.6883593287412935,0.7162856383670065,-1.0335752476411284,-0.054879789230273694,-0.8810376085880175,-0.056973906786821585,-0.09535037375600017,-0.343873289490733,-0.7673872984430068,0.4823283614500495,2015,1,7,2,-0.2103508475105023,-0.5142552596482106,-1.1751988199873205,-0.04813643556426811,-0.035658637342944915
111,0,0,5,-1.264364586838698,0.7162856383670065,-1.0335752476411284,-0.9659689930678235,-0.8810376085880175,-0.056973906786821585,-0.09535037375600017,-0.343873289490733,-1.219061268746613,0.3898895033098708,2015,1,7,2,-0.29346256948353416,0.45358428389231187,0.44340039910525364,-0.04813643556426811,-0.035658637342944915
112,0,0,5,1.0396564455509198,0.16555842048575076,-1.0335752476411284,-0.9659689930678235,-0.8810376085880175,-0.056973906786821585,-0.09535037375600017,-0.343873289490733,-1.219061268746613,0.33996019690276863,2015,1,7,2,0.15680453269114902,0.45358428389231187,0.44340039910525364,-0.04813643556426811,-0.035658637342944915
113,0,0,5,0.17564855840481322,0.7162856383670065,-1.1290558196861773,-0.9659689930678235,-0.8810376085880175,-0.056973906786821585,-0.09535037375600017,-0.343873289490733,-1.219061268746613,0.33146968272551025,2015,1,7,2,-0.34598779517118666,0.45358428389231187,0.44340039910525364,-0.04813643556426811,-0.13067560996938027
114,0,1,5,-1.264364586838698,0.7162856383670065,1.1826757227122224,1.7399659423296994,1.186272827421322,-0.056973906786821585,-0.09535037375600017,-0.343873289490733,1.0167248842562375,0.3043998595584872,2015,1,7,2,-0.37032625696292604,-0.28535445422060646,-0.26826547940827966,-0.04813643556426811,-0.16606341144197148
115,0,1,5,-0.6883593287412935,0.7162856383670065,1.1826757227122224,1.7399659423296994,0.7596849596733629,-0.056973906786821585,-0.09535037375600017,-0.343873289490733,1.0167248842562375,0.3043998595584872,2015,1,7,2,-0.37032625696292604,-0.28535445422060646,-0.3121065027185671,-0.04813643556426811,-0.16606341144197148
116,0,1,5,-0.11235407064388901,0.7162856383670065,-0.347767677279093,0.26400143211286875,0.7596849596733629,-0.056973906786821585,-0.09535037375600017,-0.343873289490733,-0.20279483556349912,0.30272241729826954,2015,1,7,2,-0.37183444429411966,-0.39610923836689954,-0.19267347699378004,-0.04813643556426811,-0.17069904109654632
117,0,1,5,-0.9763619577899957,0.7162856383670065,0.42893005301044096,1.603302561754067,0.7596849596733629,-0.056973906786821585,-0.09535037375600017,-0.343873289490733,0.9038063916803359,0.302254466443252,2015,1,7,2,-0.3722551786275132,-0.28964869174339836,-0.30747578825795735,-0.04813643556426811,-0.1671055072208581
118,0,1,5,1.6156617036483245,0.7162856383670065,-0.32940602880889136,0.31866678434312173,0.7596849596733629,-0.056973906786821585,-0.09535037375600017,-0.343873289490733,-0.1576274385331385,0.3020733000027351,2015,1,7,2,-0.37241806526564375,-0.3862885670579293,-0.2032636514780683,-0.04813643556426811,-0.1705180185368963
119,0,1,5,0.17564855840481322,0.7162856383670065,0.9825337543870234,1.6853005900994464,0.7596849596733629,-0.056973906786821585,-0.09535037375600017,-0.343873289490733,0.9715574872258769,0.30128354386050077,2015,1,7,2,-0.3731281345399779,-0.28701312192799106,-0.31031786934717903,-0.04813643556426811,-0.16626285102305113
120,0,1,5,1.0396564455509198,0.16555842048575076,1.1826757227122224,1.7946312945599525,1.3831595356126876,-0.056973906786821585,-0.09535037375600017,-0.343873289490733,1.061892281286598,0.30042226725428844,2015,1,7,2,0.12125600383166621,-0.2837684553946768,-0.251145052975267,-0.04813643556426811,-0.16606341144197148
121,0,1,5,-0.40035669969259124,-0.385168797395505,0.6226454443710694,1.548637209523814,0.4315404460210869,-0.056973906786821585,-0.09535037375600017,-0.343873289490733,1.0393085827714177,-0.36546389063315315,2015,1,7,2,0.01771666986467622,-0.30689143113193884,-0.34632150737272877,-0.04813643556426811,-0.16674525014629327
122,0,0,5,0.46365118745351547,0.7162856383670065,-1.1290558196861773,-0.9659689930678235,-0.8810376085880175,-0.056973906786821585,-0.09535037375600017,-0.343873289490733,-1.219061268746613,-0.49540527921689104,2015,1,7,2,-1.0894305780667017,0.45358428389231187,0.44340039910525364,-0.04813643556426811,-0.13067560996938027
123,0,0,5,-0.11235407064388901,0.7162856383670065,-1.1290558196861773,-0.8566382886073175,-0.8810376085880175,-0.056973906786821585,-0.09535037375600017,-0.343873289490733,-1.1287264746858916,-0.5927294085892785,2015,1,7,2,-1.1769346444778104,0.9213323629352251,1.0283721199729092,-0.04813643556426811,-0.13067560996938027
124,0,1,5,1.3276590745996222,0.7162856383670065,1.526956631528505,1.603302561754067,0.4315404460210869,-0.056973906786821585,-0.09535037375600017,-0.343873289490733,0.9038063916803359,-2.294897161031903,2015,1,7,2,-2.7073526509176986,-0.28964869174339836,-0.3431998808917343,-0.04813643556426811,-0.16579425242765364
126,1,0,3,-1.5523672158874002,0.7162856383670065,-1.0335752476411284,-0.9659689930678235,-0.8810376085880175,-0.056973906786821585,-0.09535037375600017,-0.343873289490733,-1.219061268746613,1.2886170454018482,2015,1,8,2,0.514582825177053,0.45358428389231187,0.44340039910525364,-0.04813643556426811,-0.035658637342944915
127,1,0,3,-0.6883593287412935,0.7162856383670065,-1.0335752476411284,2.423282845207862,-0.8810376085880175,-0.056973906786821585,-0.09535037375600017,-0.343873289490733,-0.6770525043822855,1.1027134263111689,2015,1,8,2,0.34743699262885475,1.098196490747017,-0.9556136531486727,-0.04813643556426811,-0.035658637342944915
128,1,1,3,0.7516538165022177,0.7162856383670065,1.0064038973982858,1.821963970675079,2.006634111552012,-0.056973906786821585,-0.09535037375600017,-0.343873289490733,1.0844759798017785,0.9709690449025122,2015,1,8,2,0.2289856982333637,-0.2830012306030154,-0.19065867382815835,-0.04813643556426811,-0.1662369749086337
129,1,0,3,0.7516538165022177,0.7162856383670065,-1.0335752476411284,-0.9659689930678235,-0.8810376085880175,-0.056973906786821585,-0.09535037375600017,-0.343873289490733,-1.219061268746613,0.9141472373120301,2015,1,8,2,0.17789724507112592,0.45358428389231187,0.44340039910525364,-0.04813643556426811,-0.035658637342944915
130,1,1,3,-1.5523672158874002,0.7162856383670065,1.0064038973982858,1.821963970675079,1.5800462438040532,-0.056973906786821585,-0.09535037375600017,-0.343873289490733,1.0844759798017785,0.6383349545701021,2015,1,8,2,-0.07008541310096536,-0.2830012306030154,-0.23307474554970545,-0.04813643556426811,-0.1662369749086337
131,1,1,3,-0.6883593287412935,0.7162856383670065,1.1826757227122224,1.7946312945599525,1.5800462438040532,-0.056973906786821585,-0.09535037375600017,-0.343873289490733,1.061892281286598,0.636190524963784,2015,1,8,2,-0.07201346847526235,-0.2837684553946768,-0.23135398342897828,-0.04813643556426811,-0.16606341144197148
132,1,1,3,0.17564855840481322,0.7162856383670065,0.9825337543870234,1.6853005900994464,1.087829473325639,-0.056973906786821585,-0.09535037375600017,-0.343873289490733,0.9715574872258769,0.6358890804934713,2015,1,8,2,-0.07228449701792297,-0.28701312192799106,-0.2758214083848044,-0.04813643556426811,-0.16626285102305113
133,1,1,3,0.46365118745351547,0.7162856383670065,0.9825337543870234,1.6853005900994464,1.087829473325639,-0.056973906786821585,-0.09535037375600017,-0.343873289490733,0.9715574872258769,0.6358890804934713,2015,1,8,2,-0.07228449701792297,-0.28701312192799106,-0.2758214083848044,-0.04813643556426811,-0.16626285102305113
134,1,0,3,-1.264364586838698,0.7162856383670065,-1.0335752476411284,-0.9659689930678235,-0.8810376085880175,-0.056973906786821585,-0.09535037375600017,-0.343873289490733,-1.219061268746613,0.5396774292222121,2015,1,8,2,-0.15878833503480105,0.45358428389231187,0.44340039910525364,-0.04813643556426811,-0.035658637342944915
135,1,0,3,-0.40035669969259124,-0.385168797395505,-1.0142955167474164,-0.23709762999778367,-0.8810376085880175,-0.056973906786821585,-0.09535037375600017,-0.343873289490733,-1.219061268746613,0.44330372779498833,2015,1,8,2,0.7448791510547634,-0.239610234876178,0.44340039910525364,-0.04813643556426811,0.13754813922123504
136,1,1,3,-1.264364586838698,0.7162856383670065,1.1826757227122224,1.6488570219459444,1.186272827421322,-0.056973906786821585,-0.09535037375600017,-0.343873289490733,1.061892281286598,0.3037493572188852,2015,1,8,2,-0.37091112322674147,-0.2984978447180482,-0.2709361225215557,-0.04813643556426811,-0.16606341144197148
137,1,1,3,-0.9763619577899957,0.7162856383670065,0.42893005301044096,1.603302561754067,0.7596849596733629,-0.056973906786821585,-0.09535037375600017,-0.343873289490733,0.9038063916803359,0.302254466443252,2015,1,8,2,-0.3722551786275132,-0.28964869174339836,-0.30747578825795735,-0.04813643556426811,-0.1671055072208581
138,1,1,3,1.6156617036483245,0.7162856383670065,-0.32940602880889136,3.1885977764314037,1.186272827421322,-0.056973906786821585,-0.09535037375600017,-0.343873289490733,-0.1576274385331385,0.3011391647257141,2015,1,8,2,-0.37325794573356597,0.32351319525756006,-0.09830381932594681,-0.04813643556426811,-0.1705180185368963
139,1,1,3,-0.11235407064388901,0.7162856383670065,-0.347767677279093,3.0428235038173956,0.7596849596733629,-0.056973906786821585,-0.09535037375600017,-0.343873289490733,-0.20279483556349912,0.30058908811759805,2015,1,8,2,-0.37375251928236813,0.3300978230467145,-0.19267347699378004,-0.04813643556426811,-0.17069904109654632
140,1,1,3,1.0396564455509198,0.16555842048575076,1.1826757227122224,1.7946312945599525,1.3831595356126876,-0.056973906786821585,-0.09535037375600017,-0.343873289490733,1.061892281286598,0.30042226725428844,2015,1,8,2,0.12125600383166621,-0.2837684553946768,-0.251145052975267,-0.04813643556426811,-0.16606341144197148
141,1,0,3,1.0396564455509198,0.16555842048575076,-1.0335752476411284,-0.9659689930678235,-0.8810376085880175,-0.056973906786821585,-0.09535037375600017,-0.343873289490733,-1.219061268746613,0.165207621132394,2015,1,8,2,-0.0003154034884357031,0.45358428389231187,0.44340039910525364,-0.04813643556426811,-0.035658637342944915
142,1,0,3,0.46365118745351547,0.7162856383670065,-1.1290558196861773,-0.9659689930678235,-0.8810376085880175,-0.056973906786821585,-0.09535037375600017,-0.343873289490733,-1.219061268746613,-0.127905300592069,2015,1,8,2,-0.7590115674570761,0.45358428389231187,0.44340039910525364,-0.04813643556426811,-0.13067560996938027
143,1,0,3,-0.9763619577899957,0.16555842048575076,-1.0142955167474164,-0.7473075841468115,-0.8810376085880175,-0.056973906786821585,-0.09535037375600017,-0.343873289490733,-1.0383916806251705,-0.28419839041215395,2015,1,8,2,-0.4043760792256773,3.5902826662400624,4.366195452201379,-0.04813643556426811,0.13754813922123504
144,1,0,3,0.17564855840481322,0.7162856383670065,-1.1290558196861773,-0.9659689930678235,-0.8810376085880175,-0.056973906786821585,-0.09535037375600017,-0.343873289490733,-1.219061268746613,-0.49540527921689104,2015,1,8,2,-1.0894305780667017,0.45358428389231187,0.44340039910525364,-0.04813643556426811,-0.13067560996938027
145,1,0,3,1.3276590745996222,0.7162856383670065,-1.0142955167474164,-1.1299650497585825,-0.8810376085880175,-0.056973906786821585,-0.09535037375600017,-0.343873289490733,-1.3545634598376948,-1.6024672893012477,2015,1,8,2,-2.0847893680845178,0.19885599935396248,0.12483395354130862,-0.04813643556426811,0.13754813922123504
148,1,0,1,-1.5523672158874002,0.7162856383670065,-1.0335752476411284,-0.7473075841468115,-0.8810376085880175,-0.056973906786821585,-0.09535037375600017,-0.343873289490733,-1.219061268746613,1.5382635841283938,2015,1,10,2,0.7390398785810046,0.24562592826176485,0.44340039910525364,-0.04813643556426811,-0.035658637342944915
149,1,0,1,-0.9763619577899957,0.16555842048575076,-1.0142955167474164,-0.5650897433793016,-0.8810376085880175,-0.056973906786821585,-0.09535037375600017,-0.343873289490733,-1.0383916806251705,1.1725341735770236,2015,1,10,2,0.9053712963177516,2.6014481824608784,4.366195452201379,-0.04813643556426811,0.13754813922123504
150,1,0,1,-0.6883593287412935,0.7162856383670065,-1.0335752476411284,0.4188865967652522,-0.8810376085880175,-0.056973906786821585,-0.09535037375600017,-0.343873289490733,-0.6770525043822855,1.0470730546197173,2015,1,10,2,0.2974107677756284,-0.1948718881166016,-0.9556136531486727,-0.04813643556426811,-0.035658637342944915
151,1,0,1,0.7516538165022177,0.7162856383670065,-1.0335752476411284,-0.9659689930678235,-0.8810376085880175,-0.056973906786821585,-0.09535037375600017,-0.343873289490733,-1.219061268746613,0.6894653484435186,2015,1,10,2,-0.024114106601973325,0.45358428389231187,0.44340039910525364,-0.04813643556426811,-0.035658637342944915
152,1,1,1,0.7516538165022177,0.7162856383670065,1.0064038973982858,1.821963970675079,1.5800462438040532,-0.056973906786821585,-0.09535037375600017,-0.343873289490733,1.0844759798017785,0.642830011381994,2015,1,10,2,-0.06604391021441512,-0.2830012306030154,-0.23307474554970545,-0.04813643556426811,-0.1662369749086337
153,1,1,1,0.17564855840481322,0.7162856383670065,0.9825337543870234,1.6853005900994464,1.087829473325639,-0.056973906786821585,-0.09535037375600017,-0.343873289490733,0.9715574872258769,0.6358890804934713,2015,1,10,2,-0.07228449701792297,-0.28701312192799106,-0.2758214083848044,-0.04813643556426811,-0.16626285102305113
154,1,1,1,0.46365118745351547,0.7162856383670065,0.9825337543870234,1.6853005900994464,1.087829473325639,-0.056973906786821585,-0.09535037375600017,-0.343873289490733,0.9715574872258769,0.6358890804934713,2015,1,10,2,-0.07228449701792297,-0.28701312192799106,-0.2758214083848044,-0.04813643556426811,-0.16626285102305113
155,1,0,1,1.0396564455509198,0.7162856383670065,-1.0335752476411284,-0.9659689930678235,-0.8810376085880175,-0.056973906786821585,-0.09535037375600017,-0.343873289490733,-1.219061268746613,0.6145713921783823,2015,1,10,2,-0.09145121781043489,0.45358428389231187,0.44340039910525364,-0.04813643556426811,-0.035658637342944915
156,1,0,1,1.3276590745996222,0.7162856383670065,-1.0142955167474164,-0.9659689930678235,-0.8810376085880175,-0.056973906786821585,-0.09535037375600017,-0.343873289490733,-1.219061268746613,0.41700846543165604,2015,1,10,2,-0.2690799268870076,0.45358428389231187,0.44340039910525364,-0.04813643556426811,0.13754813922123504
157,1,0,1,-1.264364586838698,0.7162856383670065,-1.0335752476411284,-0.9659689930678235,-0.8810376085880175,-0.056973906786821585,-0.09535037375600017,-0.343873289490733,-1.219061268746613,0.41485415985893964,2015,1,10,2,-0.2710168617367765,0.45358428389231187,0.44340039910525364,-0.04813643556426811,-0.035658637342944915
158,1,1,1,-0.6883593287412935,0.7162856383670065,1.1826757227122224,1.7672986184448258,1.186272827421322,-0.056973906786821585,-0.09535037375600017,-0.343873289490733,1.0393085827714177,0.3073020755458943,2015,1,10,2,-0.36771687630738736,-0.28455267297843917,-0.26961558857465495,-0.04813643556426811,-0.16606341144197148
159,1,1,1,-1.264364586838698,0.7162856383670065,1.1826757227122224,1.7399659423296994,1.186272827421322,-0.056973906786821585,-0.09535037375600017,-0.343873289490733,1.0167248842562375,0.3043998595584872,2015,1,10,2,-0.37032625696292604,-0.28535445422060646,-0.26826547940827966,-0.04813643556426811,-0.16606341144197148
160,1,1,1,1.6156617036483245,0.7162856383670065,-0.32940602880889136,0.02711823911510579,0.7596849596733629,-0.056973906786821585,-0.09535037375600017,-0.343873289490733,-0.1576274385331385,0.3027403425787444,2015,1,10,2,-0.3718183276851839,-0.4583954127534711,-0.2032636514780683,-0.04813643556426811,-0.1705180185368963
161,1,1,1,-0.11235407064388901,0.7162856383670065,-0.347767677279093,0.26400143211286875,0.7596849596733629,-0.056973906786821585,-0.09535037375600017,-0.343873289490733,-0.20279483556349912,0.30272241729826954,2015,1,10,2,-0.37183444429411966,-0.39610923836689954,-0.19267347699378004,-0.04813643556426811,-0.17069904109654632
162,1,1,1,-1.5523672158874002,0.7162856383670065,1.0064038973982858,1.821963970675079,1.186272827421322,-0.056973906786821585,-0.09535037375600017,-0.343873289490733,1.0844759798017785,0.30120580742580155,2015,1,10,2,-0.3731980273218435,-0.2830012306030154,-0.27222804252344124,-0.04813643556426811,-0.1662369749086337
163,1,1,1,1.0396564455509198,0.7162856383670065,1.1826757227122224,1.7946312945599525,1.186272827421322,-0.056973906786821585,-0.09535037375600017,-0.343873289490733,1.061892281286598,0.30042226725428844,2015,1,10,2,-0.37390250782062623,-0.2837684553946768,-0.2709361225215557,-0.04813643556426811,-0.16606341144197148
164,1,1,1,-0.9763619577899957,0.16555842048575076,0.42893005301044096,0.7468787101467701,0.5956127028472249,-0.056973906786821585,-0.09535037375600017,-0.343873289490733,0.9489737887106965,-0.03347137010976266,2015,1,10,2,-0.17894756548420737,-0.38526361036006024,-0.3268405580660666,-0.04813643556426811,-0.1671055072208581
165,1,1,1,1.3276590745996222,-2.588077668920526,-0.24586052826947338,1.493971857293561,0.36591154329063164,-0.056973906786821585,-0.09535037375600017,-0.343873289490733,0.8134715976196146,-0.5476978722661693,2015,1,10,2,1.8345042527653235,-0.2934691191192619,-0.3483603576669525,-0.04813643556426811,-0.16980566638080394
166,1,0,1,0.17564855840481322,0.7162856383670065,-1.1290558196861773,-0.9659689930678235,-0.8810376085880175,-0.056973906786821585,-0.09535037375600017,-0.343873289490733,-1.219061268746613,-0.5689052722654417,2015,1,10,2,-1.1555143777822645,0.45358428389231187,0.44340039910525364,-0.04813643556426811,-0.13067560996938027
167,1,0,1,0.46365118745351547,0.7162856383670065,-1.1290558196861773,-0.9659689930678235,-0.8810376085880175,-0.056973906786821585,-0.09535037375600017,-0.343873289490733,-1.219061268746613,-0.8445302595795753,2015,1,10,2,-1.4033286387474362,0.45358428389231187,0.44340039910525364,-0.04813643556426811,-0.13067560996938027
168,1,1,1,-0.40035669969259124,-2.588077668920526,0.5133936359733688,0.9290965509142801,-0.8810376085880175,-0.056973906786821585,-0.09535037375600017,-0.343873289490733,0.9489737887106965,-2.4562315235452945,2015,1,10,2,0.11854279031687165,-0.3657851453789999,-0.4838734044245111,-0.04813643556426811,-0.16693708878814098
170,1,0,2,-0.9763619577899957,0.16555842048575076,-1.0142955167474164,-0.9659689930678235,-0.8810376085880175,-0.056973906786821585,-0.09535037375600017,-0.343873289490733,-1.219061268746613,1.205866189128873,2015,1,11,2,0.9353400915309625,0.45358428389231187,0.44340039910525364,-0.04813643556426811,0.13754813922123504
171,1,0,2,-0.6883593287412935,0.7162856383670065,-1.0335752476411284,-0.30998476630478766,-0.8810376085880175,-0.056973906786821585,-0.09535037375600017,-0.343873289490733,-0.6770525043822855,1.1411101532489356,2015,1,11,2,0.38195946681483806,-0.6650785713397357,-0.9556136531486727,-0.04813643556426811,-0.035658637342944915
172,1,1,2,0.7516538165022177,0.7162856383670065,1.0064038973982858,1.821963970675079,2.006634111552012,-0.056973906786821585,-0.09535037375600017,-0.343873289490733,1.0844759798017785,0.9709690449025122,2015,1,11,2,0.2289856982333637,-0.2830012306030154,-0.19065867382815835,-0.04813643556426811,-0.1662369749086337
173,1,0,2,-1.5523672158874002,0.7162856383670065,-1.0335752476411284,-0.9659689930678235,-0.8810376085880175,-0.056973906786821585,-0.09535037375600017,-0.343873289490733,-1.219061268746613,0.7893239679487577,2015,1,11,2,0.06566871836915052,0.45358428389231187,0.44340039910525364,-0.04813643556426811,-0.035658637342944915
174,1,0,2,0.7516538165022177,0.7162856383670065,-1.0335752476411284,-0.9659689930678235,-0.8810376085880175,-0.056973906786821585,-0.09535037375600017,-0.343873289490733,-1.219061268746613,0.6894653484435186,2015,1,11,2,-0.024114106601973325,0.45358428389231187,0.44340039910525364,-0.04813643556426811,-0.035658637342944915
175,1,1,2,-1.5523672158874002,0.7162856383670065,1.0064038973982858,1.821963970675079,1.5800462438040532,-0.056973906786821585,-0.09535037375600017,-0.343873289490733,1.0844759798017785,0.6383349545701021,2015,1,11,2,-0.07008541310096536,-0.2830012306030154,-0.23307474554970545,-0.04813643556426811,-0.1662369749086337
176,1,1,2,0.17564855840481322,0.7162856383670065,0.9825337543870234,1.6853005900994464,0.5956127028472249,-0.056973906786821585,-0.09535037375600017,-0.343873289490733,0.9715574872258769,0.6358890804934713,2015,1,11,2,-0.07228449701792297,-0.28701312192799106,-0.3275660998283664,-0.04813643556426811,-0.16626285102305113
177,1,1,2,0.46365118745351547,0.7162856383670065,0.9825337543870234,1.6853005900994464,1.087829473325639,-0.056973906786821585,-0.09535037375600017,-0.343873289490733,0.9715574872258769,0.6358890804934713,2015,1,11,2,-0.07228449701792297,-0.28701312192799106,-0.2758214083848044,-0.04813643556426811,-0.16626285102305113
178,1,0,2,1.0396564455509198,0.7162856383670065,-1.0335752476411284,-0.9659689930678235,-0.8810376085880175,-0.056973906786821585,-0.09535037375600017,-0.343873289490733,-1.219061268746613,0.4897481228151099,2015,1,11,2,-0.20367974451241033,0.45358428389231187,0.44340039910525364,-0.04813643556426811,-0.035658637342944915
179,1,0,2,-1.264364586838698,0.7162856383670065,-1.0335752476411284,-0.9659689930678235,-0.8810376085880175,-0.056973906786821585,-0.09535037375600017,-0.343873289490733,-1.219061268746613,0.43981880971697374,2015,1,11,2,-0.24857116000592422,0.45358428389231187,0.44340039910525364,-0.04813643556426811,-0.035658637342944915
180,1,1,2,-0.11235407064388901,0.7162856383670065,-0.347767677279093,0.26400143211286875,0.7596849596733629,-0.056973906786821585,-0.09535037375600017,-0.343873289490733,-0.20279483556349912,0.30272241729826954,2015,1,11,2,-0.37183444429411966,-0.39610923836689954,-0.19267347699378004,-0.04813643556426811,-0.17069904109654632
181,1,1,2,1.6156617036483245,0.7162856383670065,-0.32940602880889136,0.31866678434312173,0.7596849596733629,-0.056973906786821585,-0.09535037375600017,-0.343873289490733,-0.1576274385331385,0.3020733000027351,2015,1,11,2,-0.37241806526564375,-0.3862885670579293,-0.2032636514780683,-0.04813643556426811,-0.1705180185368963
182,1,1,2,-1.264364586838698,0.7162856383670065,1.1826757227122224,1.7946312945599525,1.186272827421322,-0.056973906786821585,-0.09535037375600017,-0.343873289490733,1.061892281286598,0.30042226725428844,2015,1,11,2,-0.37390250782062623,-0.2837684553946768,-0.2709361225215557,-0.04813643556426811,-0.16606341144197148
183,1,1,2,1.0396564455509198,0.7162856383670065,1.1826757227122224,1.7946312945599525,0.36591154329063164,-0.056973906786821585,-0.09535037375600017,-0.343873289490733,1.061892281286598,0.30042226725428844,2015,1,11,2,-0.37390250782062623,-0.2837684553946768,-0.3533989122977587,-0.04813643556426811,-0.16606341144197148
184,1,1,2,-0.9763619577899957,0.7162856383670065,0.42893005301044096,0.5464390853025092,-0.8810376085880175,-0.056973906786821585,-0.09535037375600017,-0.343873289490733,0.9038063916803359,-0.43436826731764305,2015,1,11,2,-1.0345522372358125,-0.4053040985001819,-0.48609625142684204,-0.04813643556426811,-0.1671055072208581
185,1,0,2,1.3276590745996222,0.7162856383670065,-1.0142955167474164,-0.9659689930678235,-0.8810376085880175,-0.056973906786821585,-0.09535037375600017,-0.343873289490733,-1.219061268746613,-0.5822113103349796,2015,1,11,2,-1.1674778286388405,0.45358428389231187,0.44340039910525364,-0.04813643556426811,0.13754813922123504
186,1,0,2,0.46365118745351547,0.7162856383670065,-1.1290558196861773,-0.9659689930678235,-0.8810376085880175,-0.056973906786821585,-0.09535037375600017,-0.343873289490733,-1.219061268746613,-0.6791552685293021,2015,1,11,2,-1.2546400833715141,0.45358428389231187,0.44340039910525364,-0.04813643556426811,-0.13067560996938027
187,1,0,2,-0.40035669969259124,-2.588077668920526,-1.0142955167474164,-0.9659689930678235,-0.8810376085880175,-0.056973906786821585,-0.09535037375600017,-0.343873289490733,-1.219061268746613,-0.9766401654925541,2015,1,11,2,1.4488424939079776,0.45358428389231187,0.44340039910525364,-0.04813643556426811,0.13754813922123504
188,1,1,2,1.3276590745996222,-1.4866232331580154,-0.24586052826947338,1.493971857293561,0.10339593236881078,-0.056973906786821585,-0.09535037375600017,-0.343873289490733,0.8134715976196146,-1.0362466543646467,2015,1,11,2,0.40493331216918316,-0.2934691191192619,-0.3783632564087637,-0.04813643556426811,-0.16980566638080394
189,1,0,2,-0.11235407064388901,0.7162856383670065,-1.1290558196861773,-0.9659689930678235,-0.8810376085880175,-0.056973906786821585,-0.09535037375600017,-0.343873289490733,-1.219061268746613,-1.0555259392004823,2015,1,11,2,-1.5930347278855232,0.45358428389231187,0.44340039910525364,-0.04813643556426811,-0.13067560996938027
190,1,0,2,0.17564855840481322,0.7162856383670065,-1.1290558196861773,-0.9659689930678235,-0.8810376085880175,-0.056973906786821585,-0.09535037375600017,-0.343873289490733,-1.219061268746613,-1.1017802486315709,2015,1,11,2,-1.6346219497837167,0.45358428389231187,0.44340039910525364,-0.04813643556426811,-0.13067560996938027
191,1,1,2,-0.6883593287412935,0.7162856383670065,3.239180351374818,1.7672986184448258,-0.8810376085880175,-0.056973906786821585,-0.09535037375600017,-0.343873289490733,1.0393085827714177,-1.886643973608864,2015,1,11,2,-2.3402924546931447,-0.28455267297843917,-0.4797231052824223,-0.04813643556426811,-0.16510502298412216
192,1,1,2,-0.40035669969259124,-1.4866232331580154,0.5133936359733688,1.020205471298035,-0.8810376085880175,-0.056973906786821585,-0.09535037375600017,-0.343873289490733,0.9941411857410571,-2.0215029042824937,2015,1,11,2,-0.4809099918576552,-0.35851604761379546,-0.48175125261248053,-0.04813643556426811,-0.16693708878814098
193,1,0,0,-1.5523672158874002,0.7162856383670065,-1.0335752476411284,-0.9659689930678235,-0.8810376085880175,-0.056973906786821585,-0.09535037375600017,-0.343873289490733,-1.219061268746613,1.3385463518089504,2015,1,12,3,0.5594742346546623,0.45358428389231187,0.44340039910525364,-0.04813643556426811,-0.035658637342944915
194,1,0,0,-0.6883593287412935,-4.240259322564292,-1.0005242803947654,-0.41931547076529363,-0.8810376085880175,-0.056973906786821585,-0.09535037375600017,-0.343873289490733,-0.7673872984430068,1.2519796924374083,2015,1,12,3,4.938068807947062,-0.8406606316532672,-1.1751988199873205,-0.04813643556426811,8.060599122636674
195,1,0,0,-0.9763619577899957,0.7162856383670065,-1.0142955167474164,-0.8566382886073175,-0.8810376085880175,-0.056973906786821585,-0.09535037375600017,-0.343873289490733,-1.1287264746858916,1.0060222286227187,2015,1,12,3,0.26050199471558005,0.9213323629352251,1.0283721199729092,-0.04813643556426811,0.13754813922123504
196,1,0,0,-1.264364586838698,0.7162856383670065,-1.0335752476411284,-0.9659689930678235,-0.8810376085880175,-0.056973906786821585,-0.09535037375600017,-0.343873289490733,-1.219061268746613,0.8392532743558598,2015,1,12,3,0.11056012784675973,0.45358428389231187,0.44340039910525364,-0.04813643556426811,-0.035658637342944915
197,1,0,0,0.7516538165022177,0.7162856383670065,-1.0335752476411284,-0.9659689930678235,-0.8810376085880175,-0.056973906786821585,-0.09535037375600017,-0.343873289490733,-1.219061268746613,0.6894653484435186,2015,1,12,3,-0.024114106601973325,0.45358428389231187,0.44340039910525364,-0.04813643556426811,-0.035658637342944915
198,1,1,0,-1.5523672158874002,0.7162856383670065,1.0064038973982858,1.0930926076050391,1.5800462438040532,-0.056973906786821585,-0.09535037375600017,-0.343873289490733,1.0844759798017785,0.6384678117440912,2015,1,12,3,-0.06996596129542754,-0.35585026903811573,-0.23307474554970545,-0.04813643556426811,-0.1662369749086337
199,1,1,0,0.7516538165022177,0.7162856383670065,1.0064038973982858,1.821963970675079,1.5800462438040532,-0.056973906786821585,-0.09535037375600017,-0.343873289490733,1.0844759798017785,0.6383349545701021,2015,1,12,3,-0.07008541310096536,-0.2830012306030154,-0.23307474554970545,-0.04813643556426811,-0.1662369749086337
200,1,1,0,0.17564855840481322,0.7162856383670065,0.9825337543870234,1.6853005900994464,1.087829473325639,-0.056973906786821585,-0.09535037375600017,-0.343873289490733,0.9715574872258769,0.6358890804934713,2015,1,12,3,-0.07228449701792297,-0.28701312192799106,-0.2758214083848044,-0.04813643556426811,-0.16626285102305113
201,1,1,0,0.46365118745351547,0.7162856383670065,0.9825337543870234,1.6853005900994464,1.087829473325639,-0.056973906786821585,-0.09535037375600017,-0.343873289490733,0.9715574872258769,0.6358890804934713,2015,1,12,3,-0.07228449701792297,-0.28701312192799106,-0.2758214083848044,-0.04813643556426811,-0.16626285102305113
202,1,0,0,-0.11235407064388901,0.7162856383670065,-1.1290558196861773,-0.9659689930678235,-0.8810376085880175,-0.056973906786821585,-0.09535037375600017,-0.343873289490733,-1.219061268746613,0.41700846543165604,2015,1,12,3,-0.2690799268870076,0.45358428389231187,0.44340039910525364,-0.04813643556426811,-0.13067560996938027
203,1,0,0,-0.40035669969259124,-0.9358960152767596,-1.0142955167474164,-0.9659689930678235,-0.8810376085880175,-0.056973906786821585,-0.09535037375600017,-0.343873289490733,-1.219061268746613,0.3644179540870602,2015,1,12,3,1.169111510827306,0.45358428389231187,0.44340039910525364,-0.04813643556426811,0.13754813922123504
204,1,1,0,-0.9763619577899957,0.7162856383670065,0.42893005301044096,1.603302561754067,-0.8810376085880175,-0.056973906786821585,-0.09535037375600017,-0.343873289490733,0.9038063916803359,0.302254466443252,2015,1,12,3,-0.3722551786275132,-0.28964869174339836,-0.48609625142684204,-0.04813643556426811,-0.1671055072208581
205,1,1,0,-0.11235407064388901,0.7162856383670065,-0.347767677279093,0.31866678434312173,0.7596849596733629,-0.056973906786821585,-0.09535037375600017,-0.343873289490733,-0.1576274385331385,0.301638817700512,2015,1,12,3,-0.372808708043271,-0.3862885670579293,-0.2032636514780683,-0.04813643556426811,-0.17069904109654632
206,1,1,0,1.6156617036483245,0.7162856383670065,-0.32940602880889136,-0.045768897191898195,0.7596849596733629,-0.056973906786821585,-0.09535037375600017,-0.343873289490733,-0.1576274385331385,0.30093459973879105,2015,1,12,3,-0.3734418699907521,-0.47642212417735647,-0.2032636514780683,-0.04813643556426811,-0.1705180185368963
207,1,1,0,-1.264364586838698,0.7162856383670065,1.1826757227122224,1.7946312945599525,1.186272827421322,-0.056973906786821585,-0.09535037375600017,-0.343873289490733,1.061892281286598,0.30042226725428844,2015,1,12,3,-0.37390250782062623,-0.2837684553946768,-0.2709361225215557,-0.04813643556426811,-0.16606341144197148
208,1,0,0,0.46365118745351547,0.7162856383670065,-1.1290558196861773,-0.9659689930678235,-0.8810376085880175,-0.056973906786821585,-0.09535037375600017,-0.343873289490733,-1.219061268746613,-0.20140529364061968,2015,1,12,3,-0.8250953671726391,0.45358428389231187,0.44340039910525364,-0.04813643556426811,-0.13067560996938027
209,1,1,0,1.0396564455509198,0.7162856383670065,3.239180351374818,0.7013242499548926,0.5956127028472249,-0.056973906786821585,-0.09535037375600017,-0.343873289490733,1.061892281286598,-0.4452429374725769,2015,1,12,3,-1.0443296466570182,-0.39423887531996205,-0.3303093311604219,-0.04813643556426811,-0.16510502298412216
210,1,1,0,-0.40035669969259124,-0.9358960152767596,0.5133936359733688,1.165979743912043,-0.8810376085880175,-0.056973906786821585,-0.09535037375600017,-0.343873289490733,1.0844759798017785,-0.7029599740899808,2015,1,12,3,0.2094326550773306,-0.34856536519460574,-0.4777828516355541,-0.04813643556426811,-0.16693708878814098
211,1,1,0,1.3276590745996222,-0.9358960152767596,-0.24586052826947338,1.493971857293561,0.5627982514819972,-0.056973906786821585,-0.09535037375600017,-0.343873289490733,0.8134715976196146,-0.7033629282393109,2015,1,12,3,0.20907035924308073,-0.2934691191192619,-0.3258581836105941,-0.04813643556426811,-0.16980566638080394
212,1,0,0,0.17564855840481322,0.7162856383670065,-1.1290558196861773,-0.9659689930678235,-0.8810376085880175,-0.056973906786821585,-0.09535037375600017,-0.343873289490733,-1.219061268746613,-0.7159052650535771,2015,1,12,3,-1.2876819832292954,0.45358428389231187,0.44340039910525364,-0.04813643556426811,-0.13067560996938027
213,1,0,0,1.3276590745996222,0.7162856383670065,-1.0142955167474164,-0.9659689930678235,-0.8810376085880175,-0.056973906786821585,-0.09535037375600017,-0.343873289490733,-1.219061268746613,-0.7662781067321004,2015,1,12,3,-1.3329721750037142,0.45358428389231187,0.44340039910525364,-0.04813643556426811,0.13754813922123504
214,1,1,0,-0.6883593287412935,-4.240259322564292,0.6612049061584928,0.8288767384921496,-0.8810376085880175,-0.056973906786821585,-0.09535037375600017,-0.343873289490733,0.7457205020740737,-2.7063077404115465,2015,1,12,3,1.3791749485118092,-0.366182174850535,-0.4947820329625948,-0.04813643556426811,-0.16668356691469718
216,1,0,4,-0.6883593287412935,-4.240259322564292,-1.0005242803947654,-0.7473075841468115,-0.8810376085880175,-0.056973906786821585,-0.09535037375600017,-0.343873289490733,-1.0383916806251705,1.3175946296064374,2015,1,13,3,4.997063158645343,3.5902826662400624,4.366195452201379,-0.04813643556426811,8.060599122636674
217,1,0,4,-1.5523672158874002,0.7162856383670065,-1.0335752476411284,-0.9659689930678235,-0.8810376085880175,-0.056973906786821585,-0.09535037375600017,-0.343873289490733,-1.4900656509287766,1.313581701950917,2015,1,13,3,0.5370285329238107,-0.0544458446085528,-0.017566497526988797,-0.04813643556426811,-0.035658637342944915
218,1,0,4,1.0396564455509198,0.7162856383670065,-1.0335752476411284,0.23666875599774226,-0.8810376085880175,-0.056973906786821585,-0.09535037375600017,-0.343873289490733,-0.6770525043822855,1.0549478865990651,2015,1,13,3,0.30449102449039,-0.3124235589223851,-0.9556136531486727,-0.04813643556426811,-0.035658637342944915
219,1,0,4,-0.9763619577899957,0.7162856383670065,-1.0142955167474164,-0.9113036408375705,-0.8810376085880175,-0.056973906786821585,-0.09535037375600017,-0.343873289490733,-1.1738938717162524,0.9779739554595314,2015,1,13,3,0.23528380911848595,0.6267116076502782,0.6599156410601394,-0.04813643556426811,0.13754813922123504
220,1,0,4,0.7516538165022177,0.7162856383670065,-1.0335752476411284,-0.9659689930678235,-0.8810376085880175,-0.056973906786821585,-0.09535037375600017,-0.343873289490733,-1.219061268746613,0.6894653484435186,2015,1,13,3,-0.024114106601973325,0.45358428389231187,0.44340039910525364,-0.04813643556426811,-0.035658637342944915
221,1,1,4,-1.5523672158874002,0.7162856383670065,1.0064038973982858,1.821963970675079,1.5800462438040532,-0.056973906786821585,-0.09535037375600017,-0.343873289490733,1.0844759798017785,0.6383349545701021,2015,1,13,3,-0.07008541310096536,-0.2830012306030154,-0.23307474554970545,-0.04813643556426811,-0.1662369749086337
222,1,1,4,0.7516538165022177,0.7162856383670065,1.0064038973982858,1.821963970675079,1.5800462438040532,-0.056973906786821585,-0.09535037375600017,-0.343873289490733,1.0844759798017785,0.6383349545701021,2015,1,13,3,-0.07008541310096536,-0.2830012306030154,-0.23307474554970545,-0.04813643556426811,-0.1662369749086337
223,1,1,4,0.46365118745351547,0.7162856383670065,0.9825337543870234,1.712633266214573,1.087829473325639,-0.056973906786821585,-0.09535037375600017,-0.343873289490733,0.9941411857410571,0.6366636279150933,2015,1,13,3,-0.07158810189517963,-0.28617439584778337,-0.27711652650739604,-0.04813643556426811,-0.16626285102305113
224,1,1,4,0.17564855840481322,0.7162856383670065,0.9825337543870234,1.6853005900994464,1.087829473325639,-0.056973906786821585,-0.09535037375600017,-0.343873289490733,0.9715574872258769,0.6358890804934713,2015,1,13,3,-0.07228449701792297,-0.28701312192799106,-0.2758214083848044,-0.04813643556426811,-0.16626285102305113
225,1,0,4,-0.40035669969259124,-0.9358960152767596,-1.0142955167474164,-0.9659689930678235,-0.8810376085880175,-0.056973906786821585,-0.09535037375600017,-0.343873289490733,-1.219061268746613,0.44330372779498833,2015,1,13,3,1.2400376627070546,0.45358428389231187,0.44340039910525364,-0.04813643556426811,0.13754813922123504
226,1,0,4,-1.264364586838698,0.7162856383670065,-1.0335752476411284,-0.9659689930678235,-0.8810376085880175,-0.056973906786821585,-0.09535037375600017,-0.343873289490733,-1.219061268746613,0.33996019690276863,2015,1,13,3,-0.3383539789611434,0.45358428389231187,0.44340039910525364,-0.04813643556426811,-0.035658637342944915
227,1,1,4,-0.11235407064388901,0.7162856383670065,-0.32940602880889136,0.31866678434312173,0.7596849596733629,-0.056973906786821585,-0.09535037375600017,-0.343873289490733,-0.1576274385331385,0.3020733000027351,2015,1,13,3,-0.37241806526564375,-0.3862885670579293,-0.2032636514780683,-0.04813643556426811,-0.1705180185368963
228,1,1,4,1.6156617036483245,0.7162856383670065,-0.32940602880889136,0.31866678434312173,0.7596849596733629,-0.056973906786821585,-0.09535037375600017,-0.343873289490733,-0.1576274385331385,0.3020733000027351,2015,1,13,3,-0.37241806526564375,-0.3862885670579293,-0.2032636514780683,-0.04813643556426811,-0.1705180185368963
229,1,1,4,-1.264364586838698,0.7162856383670065,1.1826757227122224,1.7946312945599525,0.7596849596733629,-0.056973906786821585,-0.09535037375600017,-0.343873289490733,1.061892281286598,0.30042226725428844,2015,1,13,3,-0.37390250782062623,-0.2837684553946768,-0.3138167732051813,-0.04813643556426811,-0.16606341144197148
230,1,1,4,-0.9763619577899957,0.7162856383670065,2.485434681673037,1.603302561754067,0.8909427651342734,-0.056973906786821585,-0.09535037375600017,-0.343873289490733,0.9038063916803359,-0.33136803331431447,2015,1,13,3,-0.9419447885516208,-0.28964869174339836,-0.2931861512044466,-0.04813643556426811,-0.1653249957842443
231,1,0,4,0.46365118745351547,0.7162856383670065,-1.1290558196861773,-0.9659689930678235,-0.8810376085880175,-0.056973906786821585,-0.09535037375600017,-0.343873289490733,-1.219061268746613,-0.49540527921689104,2015,1,13,3,-1.0894305780667017,0.45358428389231187,0.44340039910525364,-0.04813643556426811,-0.13067560996938027
232,1,0,4,0.17564855840481322,0.7162856383670065,-1.1290558196861773,-0.9659689930678235,-0.8810376085880175,-0.056973906786821585,-0.09535037375600017,-0.343873289490733,-1.219061268746613,-0.5689052722654417,2015,1,13,3,-1.1555143777822645,0.45358428389231187,0.44340039910525364,-0.04813643556426811,-0.13067560996938027
233,1,0,4,1.3276590745996222,0.7162856383670065,-1.0142955167474164,-0.9659689930678235,-0.8810376085880175,-0.056973906786821585,-0.09535037375600017,-0.343873289490733,-1.219061268746613,-1.0292306835281846,2015,1,13,3,-1.5693926792642423,0.45358428389231187,0.44340039910525364,-0.04813643556426811,0.13754813922123504
234,1,1,4,1.3276590745996222,-0.385168797395505,1.0954578924787641,1.493971857293561,0.33309709192540404,-0.056973906786821585,-0.09535037375600017,-0.343873289490733,0.8134715976196146,-1.1562089810958616,2015,1,13,3,-0.6932417672291197,-0.2934691191192619,-0.3521107200096789,-0.04813643556426811,-0.16614563951577205
235,1,1,4,-0.40035669969259124,-0.385168797395505,0.5133936359733688,1.7672986184448258,-0.8810376085880175,-0.056973906786821585,-0.09535037375600017,-0.343873289490733,1.0393085827714177,-1.527499042483996,2015,1,13,3,-1.0270684389805729,-0.28455267297843917,-0.4797231052824223,-0.04813643556426811,-0.16693708878814098
236,1,1,4,-0.6883593287412935,-2.588077668920526,0.6612049061584928,1.6853005900994464,-0.12630522718778248,-0.056973906786821585,-0.09535037375600017,-0.343873289490733,0.9715574872258769,-1.7043400372138597,2015,1,13,3,0.7945679752137207,-0.28701312192799106,-0.4034583139455906,-0.04813643556426811,-0.16668356691469718
238,1,0,5,1.3276590745996222,0.7162856383670065,-1.0142955167474164,-0.8019729363770646,-0.8810376085880175,-0.056973906786821585,-0.09535037375600017,-0.343873289490733,-1.2642286657769735,1.2010852311189884,2015,1,14,3,0.43588302339629026,0.16723608758080308,0.30090763209830085,-0.04813643556426811,0.13754813922123504
239,1,0,5,-0.6883593287412935,-4.240259322564292,-1.0005242803947654,-0.5833115274560526,-0.8810376085880175,-0.056973906786821585,-0.09535037375600017,-0.343873289490733,-1.219061268746613,1.023594644030166,2015,1,14,3,4.732727947751281,0.08965716153885475,0.44340039910525364,-0.04813643556426811,8.060599122636674
240,1,1,5,0.17564855840481322,0.7162856383670065,0.9825337543870234,1.6853005900994464,1.4159739869779153,-0.056973906786821585,-0.09535037375600017,-0.343873289490733,0.9715574872258769,0.9704946171264417,2015,1,14,3,0.22855914050413187,-0.28701312192799106,-0.24132494742242971,-0.04813643556426811,-0.16626285102305113
241,1,0,5,-1.5523672158874002,0.7162856383670065,-1.0335752476411284,-0.9659689930678235,-0.8810376085880175,-0.056973906786821585,-0.09535037375600017,-0.343873289490733,-1.219061268746613,0.9141472373120301,2015,1,14,3,0.17789724507112592,0.45358428389231187,0.44340039910525364,-0.04813643556426811,-0.035658637342944915
242,1,0,5,-0.40035669969259124,-0.9358960152767596,-1.0142955167474164,-0.9659689930678235,-0.8810376085880175,-0.056973906786821585,-0.09535037375600017,-0.343873289490733,-0.9028894895340885,0.7325515535723363,2015,1,14,3,1.500100209572959,-2.537469930090372,-2.2705665515301203,-0.04813643556426811,0.13754813922123504
243,1,0,5,0.7516538165022177,0.7162856383670065,-1.0335752476411284,-0.9659689930678235,-0.8810376085880175,-0.056973906786821585,-0.09535037375600017,-0.343873289490733,-1.219061268746613,0.6894653484435186,2015,1,14,3,-0.024114106601973325,0.45358428389231187,0.44340039910525364,-0.04813643556426811,-0.035658637342944915
244,1,1,5,0.7516538165022177,0.7162856383670065,1.0064038973982858,1.821963970675079,1.5800462438040532,-0.056973906786821585,-0.09535037375600017,-0.343873289490733,1.0844759798017785,0.6383349545701021,2015,1,14,3,-0.07008541310096536,-0.2830012306030154,-0.23307474554970545,-0.04813643556426811,-0.1662369749086337
245,1,1,5,0.46365118745351547,0.7162856383670065,0.9825337543870234,1.6853005900994464,1.087829473325639,-0.056973906786821585,-0.09535037375600017,-0.343873289490733,0.9715574872258769,0.6358890804934713,2015,1,14,3,-0.07228449701792297,-0.28701312192799106,-0.2758214083848044,-0.04813643556426811,-0.16626285102305113
246,1,0,5,0.17564855840481322,0.7162856383670065,-1.1290558196861773,-0.9659689930678235,-0.8810376085880175,-0.056973906786821585,-0.09535037375600017,-0.343873289490733,-1.219061268746613,0.5519696685621962,2015,1,14,3,-0.14773639000859273,0.45358428389231187,0.44340039910525364,-0.04813643556426811,-0.13067560996938027
247,1,0,5,-0.9763619577899957,0.7162856383670065,-1.0142955167474164,-0.9659689930678235,-0.8810376085880175,-0.056973906786821585,-0.09535037375600017,-0.343873289490733,-1.2642286657769735,0.43981880971697374,2015,1,14,3,-0.24857116000592422,0.29654346542603716,0.30090763209830085,-0.04813643556426811,0.13754813922123504
248,1,1,5,1.6156617036483245,0.7162856383670065,-0.32940602880889136,-0.5013134991106731,0.7596849596733629,-0.056973906786821585,-0.09535037375600017,-0.343873289490733,-0.1576274385331385,0.3025194581595413,2015,1,14,3,-0.37201692473415593,-0.5890890705766405,-0.2032636514780683,-0.04813643556426811,-0.1705180185368963
249,1,1,5,-0.11235407064388901,0.7162856383670065,-0.32940602880889136,0.31866678434312173,0.36591154329063164,-0.056973906786821585,-0.09535037375600017,-0.343873289490733,-0.1576274385331385,0.3020733000027351,2015,1,14,3,-0.37241806526564375,-0.3862885670579293,-0.30014965038771885,-0.04813643556426811,-0.1705180185368963
250,1,1,5,-1.5523672158874002,0.7162856383670065,1.0064038973982858,1.821963970675079,1.186272827421322,-0.056973906786821585,-0.09535037375600017,-0.343873289490733,1.0844759798017785,0.30120580742580155,2015,1,14,3,-0.3731980273218435,-0.2830012306030154,-0.27222804252344124,-0.04813643556426811,-0.1662369749086337
251,1,1,5,-0.40035669969259124,-0.385168797395505,0.5133936359733688,0.8197658464537741,-0.8810376085880175,-0.056973906786821585,-0.09535037375600017,-0.343873289490733,1.0393085827714177,-0.3680417319762316,2015,1,14,3,0.015398934257518202,-0.38135395831027125,-0.4797231052824223,-0.04813643556426811,-0.16693708878814098
252,1,0,5,0.46365118745351547,0.7162856383670065,-1.1290558196861773,-0.9659689930678235,-0.8810376085880175,-0.056973906786821585,-0.09535037375600017,-0.343873289490733,-1.219061268746613,-0.5872802772186135,2015,1,14,3,-1.1720353337270601,0.45358428389231187,0.44340039910525364,-0.04813643556426811,-0.13067560996938027
253,1,1,5,-0.6883593287412935,-1.4866232331580154,0.6612049061584928,0.14555983561398728,-0.12630522718778248,-0.056973906786821585,-0.09535037375600017,-0.343873289490733,0.9941411857410571,-1.0353109801497726,2015,1,14,3,0.4057745762952071,-0.449894976160337,-0.40330794093886474,-0.04813643556426811,-0.16668356691469718
254,1,1,5,1.0396564455509198,-2.588077668920526,0.6612049061584928,-0.37376101057341615,-0.12630522718778248,-0.056973906786821585,-0.09535037375600017,-0.343873289490733,0.9715574872258769,-1.7070195622028432,2015,1,14,3,0.7921588159014489,-0.5045985094724315,-0.4034583139455906,-0.04813643556426811,-0.16668356691469718
259,2,0,3,-0.6883593287412935,-4.240259322564292,-1.0005242803947654,-0.30998476630478766,-0.8810376085880175,-0.056973906786821585,-0.09535037375600017,-0.343873289490733,-0.6770525043822855,1.5625946198170078,2015,1,15,3,5.217342503062362,-0.6650785713397357,-0.9556136531486727,-0.04813643556426811,8.060599122636674
260,2,0,3,1.0396564455509198,0.7162856383670065,-1.0335752476411284,-0.36465011853504065,-0.8810376085880175,-0.056973906786821585,-0.09535037375600017,-0.343873289490733,-0.7222199014126461,1.324886826405518,2015,1,15,3,0.5471929635479589,-0.7385946684290844,-1.0475538229807428,-0.04813643556426811,-0.035658637342944915
261,2,0,3,-1.5523672158874002,0.7162856383670065,-1.0335752476411284,-0.9659689930678235,-0.8810376085880175,-0.056973906786821585,-0.09535037375600017,-0.343873289490733,-1.219061268746613,0.8642179309049279,2015,1,15,3,0.1330058355935167,0.45358428389231187,0.44340039910525364,-0.04813643556426811,-0.035658637342944915
262,2,0,3,-0.40035669969259124,-0.9358960152767596,-1.0142955167474164,-0.9659689930678235,-0.8810376085880175,-0.056973906786821585,-0.09535037375600017,-0.343873289490733,-1.219061268746613,0.706256297900038,2015,1,15,3,1.4764581609516776,0.45358428389231187,0.44340039910525364,-0.04813643556426811,0.13754813922123504
263,2,0,3,0.7516538165022177,0.7162856383670065,-1.0335752476411284,-0.9659689930678235,-0.8810376085880175,-0.056973906786821585,-0.09535037375600017,-0.343873289490733,-1.219061268746613,0.6894653484435186,2015,1,15,3,-0.024114106601973325,0.45358428389231187,0.44340039910525364,-0.04813643556426811,-0.035658637342944915
264,2,1,3,-1.5523672158874002,0.7162856383670065,1.0064038973982858,1.821963970675079,1.5800462438040532,-0.056973906786821585,-0.09535037375600017,-0.343873289490733,1.0844759798017785,0.6383349545701021,2015,1,15,3,-0.07008541310096536,-0.2830012306030154,-0.23307474554970545,-0.04813643556426811,-0.1662369749086337
265,2,1,3,0.46365118745351547,0.7162856383670065,0.9825337543870234,1.3208649085644266,1.087829473325639,-0.056973906786821585,-0.09535037375600017,-0.343873289490733,0.9715574872258769,0.6377549556572886,2015,1,15,3,-0.07060688977599441,-0.32552380998895397,-0.2758214083848044,-0.04813643556426811,-0.16626285102305113
266,2,1,3,0.17564855840481322,0.7162856383670065,0.9825337543870234,1.6853005900994464,1.087829473325639,-0.056973906786821585,-0.09535037375600017,-0.343873289490733,0.9715574872258769,0.6358890804934713,2015,1,15,3,-0.07228449701792297,-0.28701312192799106,-0.2758214083848044,-0.04813643556426811,-0.16626285102305113
267,2,1,3,0.7516538165022177,0.7162856383670065,1.0064038973982858,1.821963970675079,1.186272827421322,-0.056973906786821585,-0.09535037375600017,-0.343873289490733,1.0844759798017785,0.30120580742580155,2015,1,15,3,-0.3731980273218435,-0.2830012306030154,-0.27222804252344124,-0.04813643556426811,-0.1662369749086337
268,2,1,3,-0.11235407064388901,0.7162856383670065,-0.32940602880889136,0.10000537542210977,0.36591154329063164,-0.056973906786821585,-0.09535037375600017,-0.343873289490733,-0.1576274385331385,0.3006322988161081,2015,1,15,3,-0.3737136685692256,-0.44036870132958567,-0.30014965038771885,-0.04813643556426811,-0.1705180185368963
269,2,1,3,1.6156617036483245,0.7162856383670065,-0.32940602880889136,0.10000537542210977,0.7596849596733629,-0.056973906786821585,-0.09535037375600017,-0.343873289490733,-0.1576274385331385,0.3006322988161081,2015,1,15,3,-0.3737136685692256,-0.44036870132958567,-0.2032636514780683,-0.04813643556426811,-0.1705180185368963
270,2,1,3,-0.40035669969259124,-0.385168797395505,0.5133936359733688,1.7672986184448258,-0.8810376085880175,-0.056973906786821585,-0.09535037375600017,-0.343873289490733,1.0393085827714177,-0.3682773768167592,2015,1,15,3,0.015187066122576379,-0.28455267297843917,-0.4797231052824223,-0.04813643556426811,-0.16693708878814098
271,2,0,3,0.17564855840481322,0.7162856383670065,-1.1290558196861773,-0.9659689930678235,-0.8810376085880175,-0.056973906786821585,-0.09535037375600017,-0.343873289490733,-1.219061268746613,-0.4402802844304775,2015,1,15,3,-1.0398677282800288,0.45358428389231187,0.44340039910525364,-0.04813643556426811,-0.13067560996938027
272,2,1,3,-0.9763619577899957,-2.588077668920526,0.672221895240614,1.6853005900994464,0.10339593236881078,-0.056973906786821585,-0.09535037375600017,-0.343873289490733,0.9715574872258769,-0.6317505762886524,2015,1,15,3,1.7589325169353047,-0.28701312192799106,-0.37931079127192835,-0.04813643556426811,-0.16666646562739137
273,2,1,3,-0.6883593287412935,-0.9358960152767596,0.672221895240614,1.65796791398432,-0.027861873092099653,-0.056973906786821585,-0.09535037375600017,-0.343873289490733,0.9489737887106965,-0.7023566502321362,2015,1,15,3,0.2099751031964629,-0.2878712854547586,-0.3931433154174098,-0.04813643556426811,-0.16666646562739137
274,2,0,3,0.46365118745351547,0.7162856383670065,-1.1290558196861773,-0.9659689930678235,-0.8810376085880175,-0.056973906786821585,-0.09535037375600017,-0.343873289490733,-1.219061268746613,-0.9915302523677105,2015,1,15,3,-1.535496244194467,0.45358428389231187,0.44340039910525364,-0.04813643556426811,-0.13067560996938027
275,2,1,3,1.0396564455509198,-1.4866232331580154,0.672221895240614,1.6853005900994464,-0.12630522718778248,-0.056973906786821585,-0.09535037375600017,-0.343873289490733,0.9715574872258769,-1.0358323388393376,2015,1,15,3,0.4053058230097691,-0.28701312192799106,-0.4034583139455906,-0.04813643556426811,-0.16666646562739137
276,2,1,3,1.3276590745996222,-2.588077668920526,-0.028274993897582583,1.603302561754067,0.10339593236881078,-0.056973906786821585,-0.09535037375600017,-0.343873289490733,0.9038063916803359,-1.706720238790355,2015,1,15,3,0.7924279374022901,-0.28964869174339836,-0.3789239735255112,-0.04813643556426811,-0.1685253480525674
277,2,1,3,-1.264364586838698,-2.588077668920526,0.7107813570280378,1.5759698856389406,-0.12630522718778248,-0.056973906786821585,-0.09535037375600017,-0.343873289490733,0.8812226931651556,-1.7068954167553123,2015,1,15,3,0.7922704349989474,-0.2905694009930354,-0.40409590992404687,-0.04813643556426811,-0.16660834563566915
278,2,0,1,-0.40035669969259124,-0.9358960152767596,-1.0142955167474164,-0.5833115274560526,-0.8810376085880175,-0.056973906786821585,-0.09535037375600017,-0.343873289490733,-0.9028894895340885,1.5529635854145174,2015,1,17,3,2.2377321758873547,-1.7165254538275587,-2.2705665515301203,-0.04813643556426811,0.13754813922123504
279,2,0,1,-1.264364586838698,0.7162856383670065,-1.0335752476411284,-0.8566382886073175,-0.8810376085880175,-0.056973906786821585,-0.09535037375600017,-0.343873289490733,-1.1287264746858916,1.5108911723242202,2015,1,17,3,0.7144293595268862,0.9213323629352251,1.0283721199729092,-0.04813643556426811,-0.035658637342944915
280,2,0,1,1.0396564455509198,0.7162856383670065,-1.0335752476411284,-0.9659689930678235,-0.8810376085880175,-0.056973906786821585,-0.09535037375600017,-0.343873289490733,-1.219061268746613,1.4688187592339224,2015,1,17,3,0.676602078123293,0.45358428389231187,0.44340039910525364,-0.04813643556426811,-0.035658637342944915
281,2,0,1,-1.5523672158874002,0.7162856383670065,-1.0335752476411284,-0.9659689930678235,-0.8810376085880175,-0.056973906786821585,-0.09535037375600017,-0.343873289490733,-1.219061268746613,0.8642179309049279,2015,1,17,3,0.1330058355935167,0.45358428389231187,0.44340039910525364,-0.04813643556426811,-0.035658637342944915
282,2,0,1,0.7516538165022177,0.7162856383670065,-1.0335752476411284,-0.8566382886073175,-0.8810376085880175,-0.056973906786821585,-0.09535037375600017,-0.343873289490733,-1.1287264746858916,0.479762256180862,2015,1,17,3,-0.21265803122065613,0.9213323629352251,1.0283721199729092,-0.04813643556426811,-0.035658637342944915
283,2,1,1,-0.11235407064388901,0.7162856383670065,-0.347767677279093,0.26400143211286875,1.186272827421322,-0.056973906786821585,-0.09535037375600017,-0.343873289490733,-0.20279483556349912,0.30272241729826954,2015,1,17,3,-0.37183444429411966,-0.39610923836689954,-0.08176691666860936,-0.04813643556426811,-0.17069904109654632
284,2,1,1,1.6156617036483245,0.7162856383670065,-0.32940602880889136,0.31866678434312173,1.186272827421322,-0.056973906786821585,-0.09535037375600017,-0.343873289490733,-0.1576274385331385,0.3020733000027351,2015,1,17,3,-0.37241806526564375,-0.3862885670579293,-0.09830381932594681,-0.04813643556426811,-0.1705180185368963
285,2,1,1,0.17564855840481322,0.7162856383670065,0.9825337543870234,1.6853005900994464,0.7596849596733629,-0.056973906786821585,-0.09535037375600017,-0.343873289490733,0.9715574872258769,0.30128354386050077,2015,1,17,3,-0.3731281345399779,-0.28701312192799106,-0.31031786934717903,-0.04813643556426811,-0.16626285102305113
286,2,1,1,0.46365118745351547,0.7162856383670065,0.9825337543870234,1.6853005900994464,0.7596849596733629,-0.056973906786821585,-0.09535037375600017,-0.343873289490733,0.9715574872258769,0.30128354386050077,2015,1,17,3,-0.3731281345399779,-0.28701312192799106,-0.31031786934717903,-0.04813643556426811,-0.16626285102305113
287,2,1,1,-1.5523672158874002,0.7162856383670065,3.0739255151430025,1.821963970675079,1.186272827421322,-0.056973906786821585,-0.09535037375600017,-0.343873289490733,1.0844759798017785,0.30120580742580155,2015,1,17,3,-0.3731980273218435,-0.2830012306030154,-0.27222804252344124,-0.04813643556426811,-0.16514628421648556
288,2,1,1,0.7516538165022177,0.7162856383670065,1.0064038973982858,1.821963970675079,1.186272827421322,-0.056973906786821585,-0.09535037375600017,-0.343873289490733,1.0844759798017785,0.30120580742580155,2015,1,17,3,-0.3731980273218435,-0.2830012306030154,-0.27222804252344124,-0.04813643556426811,-0.1662369749086337
289,2,1,1,-1.264364586838698,-1.4866232331580154,0.7107813570280378,0.5919935454943867,-0.12630522718778248,-0.056973906786821585,-0.09535037375600017,-0.343873289490733,0.9715574872258769,0.10045388696820227,2015,1,17,3,1.426940087875856,-0.40254518611087975,-0.4034583139455906,-0.04813643556426811,-0.16660834563566915
290,2,1,1,-0.6883593287412935,-0.385168797395505,0.672221895240614,1.6853005900994464,0.7596849596733629,-0.056973906786821585,-0.09535037375600017,-0.343873289490733,0.9715574872258769,-0.36505661407576484,2015,1,17,3,0.01808285197342166,-0.28701312192799106,-0.31031786934717903,-0.04813643556426811,-0.16666646562739137
291,2,0,1,0.46365118745351547,0.7162856383670065,-1.1290558196861773,-0.9659689930678235,-0.8810376085880175,-0.056973906786821585,-0.09535037375600017,-0.343873289490733,-1.219061268746613,-0.5321552757411661,2015,1,17,3,-1.122472477924483,0.45358428389231187,0.44340039910525364,-0.04813643556426811,-0.13067560996938027
292,2,0,1,0.17564855840481322,0.7162856383670065,-1.1290558196861773,-0.9659689930678235,-0.8810376085880175,-0.056973906786821585,-0.09535037375600017,-0.343873289490733,-1.219061268746613,-0.6240302737428886,2015,1,17,3,-1.2050772335848414,0.45358428389231187,0.44340039910525364,-0.04813643556426811,-0.13067560996938027
293,2,1,1,1.0396564455509198,-0.9358960152767596,0.672221895240614,1.548637209523814,0.2674681891949488,-0.056973906786821585,-0.09535037375600017,-0.343873289490733,0.8586389946499753,-0.7019036605294677,2015,1,17,3,0.21038238596674266,-0.2915124847007289,-0.360354310278,-0.04813643556426811,-0.16666646562739137
294,2,1,1,-0.9763619577899957,-1.4866232331580154,0.672221895240614,1.6853005900994464,0.10339593236881078,-0.056973906786821585,-0.09535037375600017,-0.343873289490733,0.9715574872258769,-1.0358323388393376,2015,1,17,3,0.4053058230097691,-0.28701312192799106,-0.37931079127192835,-0.04813643556426811,-0.16666646562739137
295,2,1,1,1.3276590745996222,-1.4866232331580154,-0.028274993897582583,1.65796791398432,0.36591154329063164,-0.056973906786821585,-0.09535037375600017,-0.343873289490733,0.9489737887106965,-1.0359561162799904,2015,1,17,3,0.4051945347870341,-0.2878712854547586,-0.3512678897218246,-0.04813643556426811,-0.1685253480525674
296,2,0,1,-0.11235407064388901,0.7162856383670065,-1.1290558196861773,-1.1299650497585825,-0.8810376085880175,-0.056973906786821585,-0.09535037375600017,-0.343873289490733,-1.3545634598376948,-1.9360052045259992,2015,1,17,3,-2.384673107838063,0.19885599935396248,0.12483395354130862,-0.04813643556426811,-0.13067560996938027
297,2,1,1,-0.40035669969259124,-0.385168797395505,2.3862817799339466,1.7672986184448258,-0.1919341299182377,-0.056973906786821585,-0.09535037375600017,-0.343873289490733,1.0393085827714177,-2.027973716420936,2015,1,17,3,-1.4770449184792014,-0.28455267297843917,-0.4096872663798332,-0.04813643556426811,-0.16536122078316481
299,2,0,2,-0.40035669969259124,-1.4866232331580154,-1.0142955167474164,-0.9659689930678235,-0.8810376085880175,-0.056973906786821585,-0.09535037375600017,-0.343873289490733,-1.219061268746613,0.653665786555442,2015,1,18,3,1.9243325753614078,0.45358428389231187,0.44340039910525364,-0.04813643556426811,0.13754813922123504
300,2,0,2,1.3276590745996222,-0.9358960152767596,-1.0142955167474164,-0.7473075841468115,-0.8810376085880175,-0.056973906786821585,-0.09535037375600017,-0.343873289490733,-1.0383916806251705,0.5572498379386255,2015,1,18,3,1.3424865420712424,3.5902826662400624,4.366195452201379,-0.04813643556426811,0.13754813922123504
301,2,0,2,-0.11235407064388901,0.7162856383670065,-1.1290558196861773,-0.8566382886073175,-0.8810376085880175,-0.056973906786821585,-0.09535037375600017,-0.343873289490733,-1.1287264746858916,0.3328636459420951,2015,1,18,3,-0.34473448367828885,0.9213323629352251,1.0283721199729092,-0.04813643556426811,-0.13067560996938027
302,2,1,2,-0.11235407064388901,0.7162856383670065,-0.347767677279093,0.26400143211286875,1.186272827421322,-0.056973906786821585,-0.09535037375600017,-0.343873289490733,-0.20279483556349912,0.30272241729826954,2015,1,18,3,-0.37183444429411966,-0.39610923836689954,-0.08176691666860936,-0.04813643556426811,-0.17069904109654632
303,2,1,2,0.17564855840481322,0.7162856383670065,3.088614833919164,1.6853005900994464,0.7596849596733629,-0.056973906786821585,-0.09535037375600017,-0.343873289490733,0.9715574872258769,0.30128354386050077,2015,1,18,3,-0.3731281345399779,-0.28701312192799106,-0.31031786934717903,-0.04813643556426811,-0.16514248148757749
304,2,1,2,0.46365118745351547,0.7162856383670065,0.9825337543870234,1.6853005900994464,0.36591154329063164,-0.056973906786821585,-0.09535037375600017,-0.343873289490733,0.9715574872258769,0.30128354386050077,2015,1,18,3,-0.3731281345399779,-0.28701312192799106,-0.35171362250202864,-0.04813643556426811,-0.16626285102305113
305,2,1,2,0.7516538165022177,0.7162856383670065,1.0064038973982858,-0.29176298222803665,0.7596849596733629,-0.056973906786821585,-0.09535037375600017,-0.343873289490733,1.0844759798017785,0.30052269298577444,2015,1,18,3,-0.37381221510561297,-0.4942634420648064,-0.31464411424498834,-0.04813643556426811,-0.1662369749086337
306,2,1,2,-0.6883593287412935,-0.385168797395505,0.672221895240614,1.6853005900994464,0.7596849596733629,-0.056973906786821585,-0.09535037375600017,-0.343873289490733,0.9715574872258769,-0.36505661407576484,2015,1,18,3,0.01808285197342166,-0.28701312192799106,-0.31031786934717903,-0.04813643556426811,-0.16666646562739137
307,2,1,2,1.0396564455509198,-0.385168797395505,0.672221895240614,1.65796791398432,0.4315404460210869,-0.056973906786821585,-0.09535037375600017,-0.343873289490733,0.9489737887106965,-0.36805114626127367,2015,1,18,3,0.01539046987947703,-0.2878712854547586,-0.3442886521058937,-0.04813643556426811,-0.16666646562739137
308,2,0,2,0.17564855840481322,0.7162856383670065,-1.1290558196861773,-0.9659689930678235,-0.8810376085880175,-0.056973906786821585,-0.09535037375600017,-0.343873289490733,-1.219061268746613,-0.42190527947730566,2015,1,18,3,-1.0233467723352332,0.45358428389231187,0.44340039910525364,-0.04813643556426811,-0.13067560996938027
309,2,1,2,1.6156617036483245,0.7162856383670065,1.0715877494675021,0.31866678434312173,0.9565716678647286,-0.056973906786821585,-0.09535037375600017,-0.343873289490733,-0.1576274385331385,-0.6212282626828417,2015,1,18,3,-1.202557947119459,-0.3862885670579293,-0.15482065202324302,-0.04813643556426811,-0.16616935083641873
310,2,1,2,-0.9763619577899957,-0.9358960152767596,0.672221895240614,1.6853005900994464,0.2674681891949488,-0.056973906786821585,-0.09535037375600017,-0.343873289490733,0.9715574872258769,-0.7004444731120343,2015,1,18,3,0.2116943404995471,-0.28701312192799106,-0.362062560790741,-0.04813643556426811,-0.16666646562739137
311,2,1,2,1.3276590745996222,-0.9358960152767596,-0.028274993897582583,1.712633266214573,0.5627982514819972,-0.056973906786821585,-0.09535037375600017,-0.343873289490733,0.9941411857410571,-0.7012283879814593,2015,1,18,3,0.2109895231100963,-0.28617439584778337,-0.3316857868020852,-0.04813643556426811,-0.1685253480525674
312,2,1,2,-1.264364586838698,-0.9358960152767596,0.7107813570280378,1.6853005900994464,-0.027861873092099653,-0.056973906786821585,-0.09535037375600017,-0.343873289490733,0.9715574872258769,-0.7016036077942579,2015,1,18,3,0.210652163201206,-0.28701312192799106,-0.3931093756568782,-0.04813643556426811,-0.16660834563566915
313,2,0,2,0.46365118745351547,0.7162856383670065,-1.1290558196861773,-0.9659689930678235,-0.8810376085880175,-0.056973906786821585,-0.09535037375600017,-0.343873289490733,-1.219061268746613,-0.7710302665310246,2015,1,18,3,-1.337244839031873,0.45358428389231187,0.44340039910525364,-0.04813643556426811,-0.13067560996938027
314,2,1,2,-0.40035669969259124,-1.4866232331580154,0.4775884214564754,1.7672986184448258,0.10339593236881078,-0.056973906786821585,-0.09535037375600017,-0.343873289490733,1.0393085827714177,-1.0373650607220277,2015,1,18,3,0.4039277536833074,-0.28455267297843917,-0.3796719068501522,-0.04813643556426811,-0.16700613246198004
315,2,0,2,0.7516538165022177,0.7162856383670065,-1.0335752476411284,-0.8566382886073175,-0.8810376085880175,-0.056973906786821585,-0.09535037375600017,-0.343873289490733,-1.1287264746858916,-1.1579190354565037,2015,1,18,3,-1.6850962993848515,0.9213323629352251,1.0283721199729092,-0.04813643556426811,-0.035658637342944915
316,2,1,2,-1.5523672158874002,0.7162856383670065,3.112484976930426,1.7399659423296994,-0.09349077582255487,-0.056973906786821585,-0.09535037375600017,-0.343873289490733,1.0167248842562375,-2.3542979808964386,2015,1,18,3,-2.760759892470433,-0.28535445422060646,-0.3997885493391419,-0.04813643556426811,-0.16513635999268556
318,2,0,0,-0.6883593287412935,-0.385168797395505,-1.0005242803947654,0.12733805153723626,-0.8810376085880175,-0.056973906786821585,-0.09535037375600017,-0.343873289490733,-0.3157133281394006,1.4865601366356063,2015,1,19,4,1.6828703632207413,-0.4263329164906007,-0.6570352883747561,-0.04813643556426811,8.060599122636674
319,2,0,0,0.7516538165022177,0.7162856383670065,-1.0335752476411284,-0.8566382886073175,-0.8810376085880175,-0.056973906786821585,-0.09535037375600017,-0.343873289490733,-1.1287264746858916,1.3984615248503005,2015,1,19,4,0.6133439308405174,0.9213323629352251,1.0283721199729092,-0.04813643556426811,-0.035658637342944915
320,2,0,0,-0.40035669969259124,-0.9358960152767596,-1.0142955167474164,-0.9659689930678235,-0.8810376085880175,-0.056973906786821585,-0.09535037375600017,-0.343873289490733,-1.219061268746613,1.363637729853696,2015,1,19,4,2.067509412579139,0.45358428389231187,0.44340039910525364,-0.04813643556426811,0.13754813922123504
321,2,1,0,-0.11235407064388901,0.7162856383670065,-0.347767677279093,-0.07310157330702469,0.7596849596733629,-0.056973906786821585,-0.09535037375600017,-0.343873289490733,-0.1802111370483188,0.30282284302975554,2015,1,19,4,-0.3717441515791064,-0.4836802052417109,-0.1981144342999033,-0.04813643556426811,-0.17069904109654632
322,2,1,0,0.46365118745351547,0.7162856383670065,0.9825337543870234,-0.30087387426641216,0.7596849596733629,-0.056973906786821585,-0.09535037375600017,-0.343873289490733,0.9715574872258769,0.3015102427883766,2015,1,19,4,-0.3729243096697417,-0.4968963718602389,-0.31031786934717903,-0.04813643556426811,-0.16626285102305113
323,2,1,0,0.7516538165022177,0.7162856383670065,1.0064038973982858,1.821963970675079,1.186272827421322,-0.056973906786821585,-0.09535037375600017,-0.343873289490733,1.0844759798017785,0.30120580742580155,2015,1,19,4,-0.3731980273218435,-0.2830012306030154,-0.27222804252344124,-0.04813643556426811,-0.1662369749086337
324,2,0,0,1.6156617036483245,0.7162856383670065,-1.1290558196861773,-0.9659689930678235,-0.8810376085880175,-0.056973906786821585,-0.09535037375600017,-0.343873289490733,-1.219061268746613,0.2592369247068337,2015,1,19,4,-0.4109322246305998,0.45358428389231187,0.44340039910525364,-0.04813643556426811,-0.13067560996938027
325,2,1,0,-1.264364586838698,-0.385168797395505,0.7107813570280378,1.6853005900994464,0.36591154329063164,-0.056973906786821585,-0.09535037375600017,-0.343873289490733,0.9715574872258769,-0.03066639492158935,2015,1,19,4,0.31873289767929025,-0.28701312192799106,-0.35171362250202864,-0.04813643556426811,-0.16660834563566915
326,2,1,0,-0.6883593287412935,-0.385168797395505,0.672221895240614,1.712633266214573,1.186272827421322,-0.056973906786821585,-0.09535037375600017,-0.343873289490733,0.9941411857410571,-0.033674121826432375,2015,1,19,4,0.31602865222109733,-0.28617439584778337,-0.2668847902021418,-0.04813643556426811,-0.16666646562739137
327,2,1,0,-0.9763619577899957,-0.385168797395505,0.672221895240614,1.6853005900994464,0.7596849596733629,-0.056973906786821585,-0.09535037375600017,-0.343873289490733,0.9715574872258769,-0.033709570925334276,2015,1,19,4,0.3159967799575124,-0.28701312192799106,-0.31031786934717903,-0.04813643556426811,-0.16666646562739137
328,2,1,0,1.0396564455509198,-0.385168797395505,0.672221895240614,1.65796791398432,1.186272827421322,-0.056973906786821585,-0.09535037375600017,-0.343873289490733,0.9489737887106965,-0.03374564898144512,2015,1,19,4,0.3159643421988778,-0.2878712854547586,-0.2640274195226888,-0.04813643556426811,-0.16666646562739137
329,2,1,0,1.3276590745996222,-0.385168797395505,-0.028274993897582583,1.712633266214573,0.7596849596733629,-0.056973906786821585,-0.09535037375600017,-0.343873289490733,0.9941411857410571,-0.3675410753463121,2015,1,19,4,0.015849074333531735,-0.28617439584778337,-0.31122231419157675,-0.04813643556426811,-0.1685253480525674
330,2,0,0,0.46365118745351547,0.7162856383670065,-1.1290558196861773,-0.9659689930678235,-0.8810376085880175,-0.056973906786821585,-0.09535037375600017,-0.343873289490733,-1.219061268746613,-0.4770302809547532,2015,1,19,4,-1.0729096281378105,0.45358428389231187,0.44340039910525364,-0.04813643556426811,-0.13067560996938027
331,2,1,0,-0.40035669969259124,-0.9358960152767596,0.4775884214564754,1.11131439168179,0.2674681891949488,-0.056973906786821585,-0.09535037375600017,-0.343873289490733,1.0393085827714177,-0.7027882687717452,2015,1,19,4,0.20958703522608635,-0.3515689474389383,-0.3629967071114405,-0.04813643556426811,-0.16700613246198004
332,2,1,0,0.17564855840481322,0.7162856383670065,3.088614833919164,1.712633266214573,0.10339593236881078,-0.056973906786821585,-0.09535037375600017,-0.343873289490733,0.9941411857410571,-1.1952888760019287,2015,1,19,4,-1.7186955006306959,-0.28617439584778337,-0.37943388955993823,-0.04813643556426811,-0.16514248148757749
333,2,1,0,-1.5523672158874002,-2.588077668920526,0.7107813570280378,1.6853005900994464,0.10339593236881078,-0.056973906786821585,-0.09535037375600017,-0.343873289490733,0.9715574872258769,-1.3725408206669256,2015,1,19,4,1.0928884520277073,-0.28701312192799106,-0.37931079127192835,-0.04813643556426811,-0.16660834563566915
334,2,0,0,1.0396564455509198,-0.385168797395505,-1.0335752476411284,-0.9659689930678235,-0.8810376085880175,-0.056973906786821585,-0.09535037375600017,-0.343873289490733,-1.219061268746613,-1.4499548010490906,2015,1,19,4,-0.9573484579637773,0.45358428389231187,0.44340039910525364,-0.04813643556426811,-0.035658637342944915
335,2,0,0,1.3276590745996222,-0.385168797395505,-1.0142955167474164,-0.9659689930678235,-0.8810376085880175,-0.056973906786821585,-0.09535037375600017,-0.343873289490733,-1.219061268746613,-2.3121224255147914,2015,1,19,4,-1.732522852589896,0.45358428389231187,0.44340039910525364,-0.04813643556426811,0.13754813922123504
337,2,0,4,-0.40035669969259124,-0.385168797395505,-1.0142955167474164,-0.9659689930678235,-0.8810376085880175,-0.056973906786821585,-0.09535037375600017,-0.343873289490733,-1.219061268746613,1.8632476210825308,2015,1,20,4,2.0215498548107167,0.45358428389231187,0.44340039910525364,-0.04813643556426811,0.13754813922123504
338,2,1,4,-0.11235407064388901,0.7162856383670065,-0.347767677279093,0.2913341082279952,1.186272827421322,-0.056973906786821585,-0.09535037375600017,-0.343873289490733,-0.1802111370483188,0.3021718790087972,2015,1,20,4,-0.3723294329403527,-0.39106363185788007,-0.09026314885700062,-0.04813643556426811,-0.17069904109654632
339,2,1,4,0.46365118745351547,0.7162856383670065,0.9825337543870234,1.6853005900994464,0.7596849596733629,-0.056973906786821585,-0.09535037375600017,-0.343873289490733,0.9715574872258769,0.30128354386050077,2015,1,20,4,-0.3731281345399779,-0.28701312192799106,-0.31031786934717903,-0.04813643556426811,-0.16626285102305113
340,2,1,4,0.7516538165022177,0.7162856383670065,1.0064038973982858,1.821963970675079,1.186272827421322,-0.056973906786821585,-0.09535037375600017,-0.343873289490733,1.0844759798017785,0.30120580742580155,2015,1,20,4,-0.3731980273218435,-0.2830012306030154,-0.27222804252344124,-0.04813643556426811,-0.1662369749086337
341,2,1,4,-0.6883593287412935,-0.385168797395505,0.672221895240614,1.712633266214573,1.186272827421322,-0.056973906786821585,-0.09535037375600017,-0.343873289490733,0.9941411857410571,-0.033674121826432375,2015,1,20,4,0.31602865222109733,-0.28617439584778337,-0.2668847902021418,-0.04813643556426811,-0.16666646562739137
342,2,1,4,1.0396564455509198,-0.385168797395505,0.672221895240614,1.65796791398432,1.186272827421322,-0.056973906786821585,-0.09535037375600017,-0.343873289490733,0.9489737887106965,-0.03374564898144512,2015,1,20,4,0.3159643421988778,-0.2878712854547586,-0.2640274195226888,-0.04813643556426811,-0.16666646562739137
343,2,1,4,-0.9763619577899957,-0.385168797395505,0.672221895240614,1.165979743912043,0.7596849596733629,-0.056973906786821585,-0.09535037375600017,-0.343873289490733,0.9941411857410571,-0.033875394824556204,2015,1,20,4,0.3158476877890683,-0.3432862261893719,-0.31122231419157675,-0.04813643556426811,-0.16666646562739137
344,2,1,4,-1.264364586838698,-0.385168797395505,0.7107813570280378,1.712633266214573,0.7596849596733629,-0.056973906786821585,-0.09535037375600017,-0.343873289490733,0.9941411857410571,-0.03391600940181776,2015,1,20,4,0.31581117124698493,-0.28617439584778337,-0.31122231419157675,-0.04813643556426811,-0.16660834563566915
345,2,0,4,0.7516538165022177,0.7162856383670065,-1.0335752476411284,-0.8566382886073175,-0.8810376085880175,-0.056973906786821585,-0.09535037375600017,-0.343873289490733,-1.1287264746858916,-0.1793046071277837,2015,1,20,4,-0.8052246531696329,0.9213323629352251,1.0283721199729092,-0.04813643556426811,-0.035658637342944915
346,2,1,4,1.3276590745996222,-0.385168797395505,-0.028274993897582583,1.712633266214573,0.7596849596733629,-0.056973906786821585,-0.09535037375600017,-0.343873289490733,0.9941411857410571,-0.3675410753463121,2015,1,20,4,0.015849074333531735,-0.28617439584778337,-0.31122231419157675,-0.04813643556426811,-0.1685253480525674
347,2,1,4,-0.40035669969259124,-0.385168797395505,0.4775884214564754,1.712633266214573,0.7596849596733629,-0.056973906786821585,-0.09535037375600017,-0.343873289490733,0.9941411857410571,-0.368254286057924,2015,1,20,4,0.01520782701001128,-0.28617439584778337,-0.31122231419157675,-0.04813643556426811,-0.16700613246198004
348,2,0,4,0.46365118745351547,0.7162856383670065,-1.1290558196861773,-0.9659689930678235,-0.8810376085880175,-0.056973906786821585,-0.09535037375600017,-0.343873289490733,-1.219061268746613,-0.7710302665310246,2015,1,20,4,-1.337244839031873,0.45358428389231187,0.44340039910525364,-0.04813643556426811,-0.13067560996938027
349,2,1,4,1.6156617036483245,-2.588077668920526,0.005694055772290578,-0.27354119815128564,-0.12630522718778248,-0.056973906786821585,-0.09535037375600017,-0.343873289490733,-0.044708945957236956,-1.7049447728799085,2015,1,20,4,0.7940242577386778,-0.5247587699300904,-0.4175837736261774,-0.04813643556426811,-0.16837546341231724
350,2,1,4,0.17564855840481322,-4.240259322564292,0.7107813570280378,1.65796791398432,0.10339593236881078,-0.056973906786821585,-0.09535037375600017,-0.343873289490733,0.9489737887106965,-2.3737646682166154,2015,1,20,4,1.6781642254932607,-0.2878712854547586,-0.37918484018554804,-0.04813643556426811,-0.16660834563566915
351,2,0,4,1.3276590745996222,-0.385168797395505,-1.0142955167474164,-0.5833115274560526,-0.8810376085880175,-0.056973906786821585,-0.09535037375600017,-0.343873289490733,-0.9028894895340885,-2.6257899967114513,2015,1,20,4,-2.0145411779322537,-1.7165254538275587,-2.2705665515301203,-0.04813643556426811,0.13754813922123504
352,2,0,5,-0.6883593287412935,0.16555842048575076,-1.0005242803947654,0.4188865967652522,-0.8810376085880175,-0.056973906786821585,-0.09535037375600017,-0.343873289490733,-0.6770525043822855,1.494943426990687,2015,1,21,4,1.1952492629042109,-0.1948718881166016,-0.9556136531486727,-0.04813643556426811,8.060599122636674
353,2,0,5,-1.264364586838698,-0.385168797395505,-1.0335752476411284,0.14555983561398728,-0.8810376085880175,-0.056973906786821585,-0.09535037375600017,-0.343873289490733,-0.8125546954733673,1.051170429817185,2015,1,21,4,1.2914117386654884,-0.3033179274350236,-1.3643592790460946,-0.04813643556426811,-0.035658637342944915
354,2,1,5,-0.6883593287412935,0.16555842048575076,0.672221895240614,1.65796791398432,2.2035208197433778,-0.056973906786821585,-0.09535037375600017,-0.343873289490733,0.9489737887106965,0.9732477501820573,2015,1,21,4,0.726192992437306,-0.2878712854547586,-0.1558492364757604,-0.04813643556426811,-0.16666646562739137
355,2,1,5,-0.11235407064388901,0.7162856383670065,-0.32940602880889136,0.3459994604582482,1.5800462438040532,-0.056973906786821585,-0.09535037375600017,-0.343873289490733,2.439497890712597,0.6377207176355669,2015,1,21,4,-0.0706376731608121,-0.4441443763745051,-0.29496795637396034,-0.04813643556426811,-0.1705180185368963
356,2,0,5,0.7516538165022177,0.7162856383670065,-1.0335752476411284,-0.6744204478398076,-0.8810376085880175,-0.056973906786821585,-0.09535037375600017,-0.343873289490733,-1.219061268746613,0.48206668848669604,2015,1,21,4,-0.21058611751508316,0.17630647638491598,0.44340039910525364,-0.04813643556426811,-0.035658637342944915
357,2,1,5,0.46365118745351547,0.7162856383670065,0.9825337543870234,0.8653203066456516,0.36591154329063164,-0.056973906786821585,-0.09535037375600017,-0.343873289490733,0.9715574872258769,0.30334318468213084,2015,1,21,4,-0.3712763127111963,-0.37366217006515756,-0.35171362250202864,-0.04813643556426811,-0.16626285102305113
358,2,1,5,-1.264364586838698,-0.385168797395505,0.7107813570280378,1.785520402521577,1.087829473325639,-0.056973906786821585,-0.09535037375600017,-0.343873289490733,0.9941411857410571,0.30320401117190904,2015,1,21,4,0.618915579773728,-0.27855948513557155,-0.27711652650739604,-0.04813643556426811,-0.16660834563566915
359,2,1,5,1.0396564455509198,-0.385168797395505,0.672221895240614,1.65796791398432,1.5800462438040532,-0.056973906786821585,-0.09535037375600017,-0.343873289490733,0.9489737887106965,0.3005598549894174,2015,1,21,4,0.6165382205341833,-0.2878712854547586,-0.22215199382710363,-0.04813643556426811,-0.16666646562739137
360,2,0,5,-0.40035669969259124,-0.385168797395505,-1.0142955167474164,-0.6744204478398076,-0.8810376085880175,-0.056973906786821585,-0.09535037375600017,-0.343873289490733,-1.219061268746613,0.02055689726990015,2015,1,21,4,0.36478772900040574,0.17630647638491598,0.44340039910525364,-0.04813643556426811,0.13754813922123504
361,2,1,5,-0.40035669969259124,-0.385168797395505,0.4775884214564754,1.7672986184448258,0.7596849596733629,-0.056973906786821585,-0.09535037375600017,-0.343873289490733,1.0393085827714177,-0.03182218408673992,2015,1,21,4,0.3176937283333452,-0.28455267297843917,-0.3129711078953054,-0.04813643556426811,-0.16700613246198004
362,2,1,5,-0.9763619577899957,-0.385168797395505,0.672221895240614,1.712633266214573,1.186272827421322,-0.056973906786821585,-0.09535037375600017,-0.343873289490733,0.9941411857410571,-0.033674121826432375,2015,1,21,4,0.31602865222109733,-0.28617439584778337,-0.2668847902021418,-0.04813643556426811,-0.16666646562739137
363,2,1,5,1.3276590745996222,-0.385168797395505,-0.028274993897582583,1.712633266214573,0.7596849596733629,-0.056973906786821585,-0.09535037375600017,-0.343873289490733,0.9941411857410571,-0.3675410753463121,2015,1,21,4,0.015849074333531735,-0.28617439584778337,-0.31122231419157675,-0.04813643556426811,-0.1685253480525674
364,2,1,5,-1.5523672158874002,-0.9358960152767596,0.7107813570280378,1.712633266214573,0.2346537378297212,-0.056973906786821585,-0.09535037375600017,-0.343873289490733,0.9941411857410571,-0.36848194849471694,2015,1,21,4,0.5101616475017763,-0.28617439584778337,-0.3657915744862659,-0.04813643556426811,-0.16660834563566915
365,2,1,5,1.6156617036483245,-1.4866232331580154,0.005694055772290578,0.5282173012257582,-0.12630522718778248,-0.056973906786821585,-0.09535037375600017,-0.343873289490733,-0.044708945957236956,-1.036628083457131,2015,1,21,4,0.4045903695006474,-0.34990391586264286,-0.4175837736261774,-0.04813643556426811,-0.16837546341231724
366,2,0,5,0.46365118745351547,0.7162856383670065,-1.1290558196861773,-0.6744204478398076,-0.8810376085880175,-0.056973906786821585,-0.09535037375600017,-0.343873289490733,-1.219061268746613,-1.0720975565577202,2015,1,21,4,-1.6079342591232373,0.17630647638491598,0.44340039910525364,-0.04813643556426811,-0.13067560996938027
367,2,1,5,0.7516538165022177,0.7162856383670065,3.613757980166934,-0.14598870961402868,0.07058148100358318,-0.056973906786821585,-0.09535037375600017,-0.343873289490733,1.0393085827714177,-1.5714771758464456,2015,1,21,4,-2.0569261756437114,-0.4800168068215616,-0.3830069467978945,-0.04813643556426811,-0.1650224404647218
368,2,0,5,-1.5523672158874002,-0.9358960152767596,-1.0335752476411284,-0.6744204478398076,-0.8810376085880175,-0.056973906786821585,-0.09535037375600017,-0.343873289490733,-1.219061268746613,-1.6725749815664217,2015,1,21,4,-0.6623476172412235,0.17630647638491598,0.44340039910525364,-0.04813643556426811,-0.035658637342944915
369,2,1,5,0.17564855840481322,-2.588077668920526,0.672221895240614,1.65796791398432,-0.12630522718778248,-0.056973906786821585,-0.09535037375600017,-0.343873289490733,0.9489737887106965,-1.7052731487626558,2015,1,21,4,0.7937290151792322,-0.2878712854547586,-0.4036121718413061,-0.04813643556426811,-0.16666646562739137
370,2,0,5,1.3276590745996222,-0.385168797395505,-1.0142955167474164,-0.5833115274560526,-0.8810376085880175,-0.056973906786821585,-0.09535037375600017,-0.343873289490733,-1.1738938717162524,-1.902472049796709,2015,1,21,4,-1.3642064452063343,0.23375105549331646,0.6599156410601394,-0.04813643556426811,0.13754813922123504
371,3,0,3,0.17564855840481322,-1.4866232331580154,-1.0335752476411284,0.4188865967652522,-0.8810376085880175,-0.056973906786821585,-0.09535037375600017,-0.343873289490733,-1.1287264746858916,1.3551894561749964,2015,1,22,4,2.555072086428336,-1.1430535724000002,1.0283721199729092,-0.04813643556426811,-0.035658637342944915
372,3,0,3,1.0396564455509198,0.16555842048575076,-1.0335752476411284,1.147757959835292,-0.8810376085880175,-0.056973906786821585,-0.09535037375600017,-0.343873289490733,-0.9480568865644492,1.241857850607261,2015,1,22,4,0.9677001728033111,4.138440214875096,-3.9056658642212945,-0.04813643556426811,-0.035658637342944915
373,3,1,3,-0.6883593287412935,0.16555842048575076,0.672221895240614,1.65796791398432,1.776932951995419,-0.056973906786821585,-0.09535037375600017,-0.343873289490733,0.9489737887106965,0.6348653522692459,2015,1,22,4,0.42195358120129156,-0.2878712854547586,-0.20121428097931104,-0.04813643556426811,-0.16666646562739137
374,3,1,3,-1.264364586838698,-0.385168797395505,0.7107813570280378,1.821963970675079,1.087829473325639,-0.056973906786821585,-0.09535037375600017,-0.343873289490733,0.9941411857410571,0.3024482521741673,2015,1,22,4,0.6182360773116391,-0.2747520297794656,-0.27711652650739604,-0.04813643556426811,-0.16660834563566915
375,3,1,3,-0.11235407064388901,0.7162856383670065,-0.32940602880889136,0.5282173012257582,1.186272827421322,-0.056973906786821585,-0.09535037375600017,-0.343873289490733,-0.13504374001795819,0.3017068722088035,2015,1,22,4,-0.37274752027563807,-0.3378727516314389,-0.10592461173600856,-0.04813643556426811,-0.1705180185368963
376,3,1,3,1.0396564455509198,0.16555842048575076,0.672221895240614,1.65796791398432,0.9237572164995009,-0.056973906786821585,-0.09535037375600017,-0.343873289490733,0.9489737887106965,0.3005598549894174,2015,1,22,4,0.12137970888189083,-0.2878712854547586,-0.2919443699864123,-0.04813643556426811,-0.16666646562739137
377,3,1,3,-1.5523672158874002,-0.385168797395505,0.7107813570280378,2.295730356670605,1.186272827421322,-0.056973906786821585,-0.09535037375600017,-0.343873289490733,0.9941411857410571,-0.03304303686791898,2015,1,22,4,0.316596060329209,-0.22525511015008895,-0.2668847902021418,-0.04813643556426811,-0.16660834563566915
378,3,1,3,-0.9763619577899957,-0.385168797395505,0.672221895240614,1.712633266214573,1.186272827421322,-0.056973906786821585,-0.09535037375600017,-0.343873289490733,0.9941411857410571,-0.033674121826432375,2015,1,22,4,0.31602865222109733,-0.28617439584778337,-0.2668847902021418,-0.04813643556426811,-0.16666646562739137
379,3,0,3,-0.40035669969259124,-0.385168797395505,-1.0142955167474164,1.329975800602802,-0.8810376085880175,-0.056973906786821585,-0.09535037375600017,-0.343873289490733,-0.9028894895340885,-0.08162751901319851,2015,1,22,4,0.27291378153971035,2.388196927486509,-2.2705665515301203,-0.04813643556426811,0.13754813922123504
380,3,1,3,-0.40035669969259124,-0.385168797395505,0.4775884214564754,1.7672986184448258,0.4315404460210869,-0.056973906786821585,-0.09535037375600017,-0.343873289490733,1.0393085827714177,-0.36700314296516945,2015,1,22,4,0.016332729015137815,-0.28455267297843917,-0.34632150737272877,-0.04813643556426811,-0.16700613246198004
381,3,1,3,1.3276590745996222,-0.385168797395505,-0.028274993897582583,1.712633266214573,0.7596849596733629,-0.056973906786821585,-0.09535037375600017,-0.343873289490733,0.9941411857410571,-0.3675410753463121,2015,1,22,4,0.015849074333531735,-0.28617439584778337,-0.31122231419157675,-0.04813643556426811,-0.1685253480525674
382,3,0,3,-0.6883593287412935,0.16555842048575076,-1.0005242803947654,1.329975800602802,-0.8810376085880175,-0.056973906786821585,-0.09535037375600017,-0.343873289490733,-0.9028894895340885,-0.5679665803941683,2015,1,22,4,-0.6595118888308874,2.388196927486509,-2.2705665515301203,-0.04813643556426811,8.060599122636674
383,3,0,3,-1.5523672158874002,-0.385168797395505,-1.0335752476411284,3.1521542082779015,-0.8810376085880175,-0.056973906786821585,-0.09535037375600017,-0.343873289490733,-0.4512155192304825,-0.7054929386670467,2015,1,22,4,-0.28800324350868284,0.7315705322000349,-0.7229253179730964,-0.04813643556426811,-0.035658637342944915
384,3,0,3,-1.264364586838698,-0.385168797395505,-1.0335752476411284,3.1521542082779015,-0.8810376085880175,-0.056973906786821585,-0.09535037375600017,-0.343873289490733,-0.4512155192304825,-0.7054929386670467,2015,1,22,4,-0.28800324350868284,0.7315705322000349,-0.7229253179730964,-0.04813643556426811,-0.035658637342944915
385,3,0,3,-0.11235407064388901,0.7162856383670065,-1.1290558196861773,0.05445091523023228,-0.8810376085880175,-0.056973906786821585,-0.09535037375600017,-0.343873289490733,-1.219061268746613,-0.8583115082761781,2015,1,22,4,-1.4157193511941037,-0.5168880423835739,0.44340039910525364,-0.04813643556426811,-0.13067560996938027
386,3,1,3,1.6156617036483245,-1.4866232331580154,0.005694055772290578,0.7104351419932682,-0.12630522718778248,-0.056973906786821585,-0.09535037375600017,-0.343873289490733,-0.044708945957236956,-1.0348644205309172,2015,1,22,4,0.40617607778098286,-0.3101641763018593,-0.4175837736261774,-0.04813643556426811,-0.16837546341231724
387,3,1,3,0.17564855840481322,-1.4866232331580154,0.672221895240614,1.712633266214573,-0.12630522718778248,-0.056973906786821585,-0.09535037375600017,-0.343873289490733,0.9941411857410571,-1.0350170831659755,2015,1,22,4,0.40603881889726323,-0.28617439584778337,-0.40330794093886474,-0.04813643556426811,-0.16666646562739137
388,3,1,3,0.46365118745351547,0.7162856383670065,2.3679201314637455,1.8675184308669563,0.10339593236881078,-0.056973906786821585,-0.09535037375600017,-0.343873289490733,0.9715574872258769,-1.3355346980466036,2015,1,22,4,-1.8447904352087547,-0.26775777789750965,-0.37931079127192835,-0.04813643556426811,-0.16536816318561104
389,3,1,3,0.7516538165022177,-2.588077668920526,1.2781562947572718,1.7672986184448258,0.10339593236881078,-0.056973906786821585,-0.09535037375600017,-0.343873289490733,1.0393085827714177,-1.7032243407253074,2015,1,22,4,0.7955710972581561,-0.28455267297843917,-0.3796719068501522,-0.04813643556426811,-0.1659806124073263
390,3,0,3,-0.9763619577899957,-0.385168797395505,-1.0335752476411284,2.241065004440352,-0.8810376085880175,-0.056973906786821585,-0.09535037375600017,-0.343873289490733,-0.6770525043822855,-1.9706572139119585,2015,1,22,4,-1.4255116854121197,0.9806448199412334,-0.9556136531486727,-0.04813643556426811,-0.035658637342944915
391,3,0,3,0.46365118745351547,0.7162856383670065,-1.1290558196861773,0.05445091523023228,-0.8810376085880175,-0.056973906786821585,-0.09535037375600017,-0.343873289490733,-1.219061268746613,-2.3910926802198382,2015,1,22,4,-2.7938419845881253,-0.5168880423835739,0.44340039910525364,-0.04813643556426811,-0.13067560996938027
393,3,0,1,-0.40035669969259124,-0.385168797395505,-1.0142955167474164,-0.5833115274560526,-0.8810376085880175,-0.056973906786821585,-0.09535037375600017,-0.343873289490733,-0.9028894895340885,1.4155946270288724,2015,1,24,4,1.6190653160492878,-1.7165254538275587,-2.2705665515301203,-0.04813643556426811,0.13754813922123504
394,3,0,1,1.0396564455509198,0.16555842048575076,-1.0335752476411284,-0.8566382886073175,-0.8810376085880175,-0.056973906786821585,-0.09535037375600017,-0.343873289490733,-1.1287264746858916,1.2187160124172849,2015,1,24,4,0.9468933599511498,0.9213323629352251,1.0283721199729092,-0.04813643556426811,-0.035658637342944915
395,3,0,1,0.46365118745351547,0.7162856383670065,-1.1290558196861773,-0.9113036408375705,-0.8810376085880175,-0.056973906786821585,-0.09535037375600017,-0.343873289490733,-1.1738938717162524,1.0399279802794217,2015,1,24,4,0.2909866357169354,0.6267116076502782,0.6599156410601394,-0.04813643556426811,-0.13067560996938027
396,3,1,1,-1.264364586838698,0.16555842048575076,0.7107813570280378,1.712633266214573,2.2035208197433778,-0.056973906786821585,-0.09535037375600017,-0.343873289490733,0.9941411857410571,0.9738618733690123,2015,1,24,4,0.7267451502267714,-0.28617439584778337,-0.1611568483811815,-0.04813643556426811,-0.16660834563566915
397,3,1,1,-0.6883593287412935,0.16555842048575076,0.672221895240614,1.712633266214573,2.2035208197433778,-0.056973906786821585,-0.09535037375600017,-0.343873289490733,0.9941411857410571,0.9716742129910816,2015,1,24,4,0.7247782260916175,-0.28617439584778337,-0.1611568483811815,-0.04813643556426811,-0.16666646562739137
398,3,0,1,1.3276590745996222,0.16555842048575076,-1.0142955167474164,-0.8566382886073175,-0.8810376085880175,-0.056973906786821585,-0.09535037375600017,-0.343873289490733,-1.1287264746858916,0.9429136123327893,2015,1,24,4,0.6989195872704351,0.9213323629352251,1.0283721199729092,-0.04813643556426811,0.13754813922123504
399,3,0,1,-0.9763619577899957,0.16555842048575076,-1.0335752476411284,-0.9659689930678235,-0.8810376085880175,-0.056973906786821585,-0.09535037375600017,-0.343873289490733,-1.219061268746613,0.9391118871700642,2015,1,24,4,0.6955014584542707,0.45358428389231187,0.44340039910525364,-0.04813643556426811,-0.035658637342944915
400,3,0,1,0.17564855840481322,-0.9358960152767596,-1.0335752476411284,-0.7473075841468115,-0.8810376085880175,-0.056973906786821585,-0.09535037375600017,-0.343873289490733,-1.0383916806251705,0.7726808635827123,2015,1,24,4,1.5361804481615218,3.5902826662400624,4.366195452201379,-0.04813643556426811,-0.035658637342944915
401,3,0,1,1.6156617036483245,-0.385168797395505,-1.0207220937119872,-0.9113036408375705,-0.8810376085880175,-0.056973906786821585,-0.09535037375600017,-0.343873289490733,-1.1738938717162524,0.6924222502529942,2015,1,24,4,0.9688614653480093,0.6267116076502782,0.6599156410601394,-0.04813643556426811,0.044001278929796744
402,3,1,1,-1.5523672158874002,-0.385168797395505,0.7107813570280378,1.712633266214573,1.5800462438040532,-0.056973906786821585,-0.09535037375600017,-0.343873289490733,0.9941411857410571,0.30472999518321464,2015,1,24,4,0.6202875910840645,-0.28617439584778337,-0.2259578449811249,-0.04813643556426811,-0.16660834563566915
403,3,1,1,1.0396564455509198,0.16555842048575076,0.672221895240614,1.65796791398432,1.3831595356126876,-0.056973906786821585,-0.09535037375600017,-0.343873289490733,0.9489737887106965,0.3046367489313663,2015,1,24,4,0.1250452417825998,-0.2878712854547586,-0.24308970667489624,-0.04813643556426811,-0.16666646562739137
404,3,1,1,-0.11235407064388901,0.7162856383670065,-0.32940602880889136,0.3095558923047462,1.186272827421322,-0.056973906786821585,-0.09535037375600017,-0.343873289490733,-0.13504374001795819,0.30401630940817853,2015,1,24,4,-0.37067110667328085,-0.3905408729441082,-0.10592461173600856,-0.04813643556426811,-0.1705180185368963
405,3,1,1,-0.9763619577899957,0.16555842048575076,0.672221895240614,1.712633266214573,1.3831595356126876,-0.056973906786821585,-0.09535037375600017,-0.343873289490733,0.9941411857410571,0.3027771098113728,2015,1,24,4,0.12337324136393718,-0.28617439584778337,-0.24642131759163333,-0.04813643556426811,-0.16666646562739137
406,3,1,1,1.6156617036483245,0.16555842048575076,0.005694055772290578,0.4553301649187542,0.4315404460210869,-0.056973906786821585,-0.09535037375600017,-0.343873289490733,-0.044708945957236956,-0.03359868710747861,2015,1,24,4,-0.17906203612057722,-0.3657998116869563,-0.29655261298766816,-0.04813643556426811,-0.16837546341231724
407,3,1,1,1.3276590745996222,0.16555842048575076,2.5497004513187425,1.712633266214573,0.9565716678647286,-0.056973906786821585,-0.09535037375600017,-0.343873289490733,0.9941411857410571,-0.03385376271116425,2015,1,24,4,-0.1792913744430333,-0.28617439584778337,-0.29075884158106835,-0.04813643556426811,-0.16530259753599422
408,3,1,1,-0.40035669969259124,-0.385168797395505,0.4775884214564754,1.7672986184448258,0.7596849596733629,-0.056973906786821585,-0.09535037375600017,-0.343873289490733,1.0393085827714177,-0.36700314296516945,2015,1,24,4,0.016332729015137815,-0.28455267297843917,-0.3129711078953054,-0.04813643556426811,-0.16700613246198004
409,3,0,1,-0.6883593287412935,0.16555842048575076,-1.0005242803947654,-0.7473075841468115,-0.8810376085880175,-0.056973906786821585,-0.09535037375600017,-0.343873289490733,-1.0383916806251705,-0.6930949207682602,2015,1,24,4,-0.7720147046959204,3.5902826662400624,4.366195452201379,-0.04813643556426811,8.060599122636674
410,3,1,1,0.17564855840481322,-0.9358960152767596,0.672221895240614,1.6853005900994464,-0.027861873092099653,-0.056973906786821585,-0.09535037375600017,-0.343873289490733,0.9715574872258769,-0.7004444731120343,2015,1,24,4,0.2116943404995471,-0.28701312192799106,-0.3931093756568782,-0.04813643556426811,-0.16666646562739137
411,3,1,1,0.7516538165022177,-1.4866232331580154,1.2781562947572718,0.6193262216095131,-0.12630522718778248,-0.056973906786821585,-0.09535037375600017,-0.343873289490733,1.0393085827714177,-1.0369467305762314,2015,1,24,4,0.40430387406676815,-0.4018311532843126,-0.4030171864843486,-0.04813643556426811,-0.1659806124073263
412,3,0,1,-1.264364586838698,0.16555842048575076,-1.0335752476411284,-0.9659689930678235,-0.8810376085880175,-0.056973906786821585,-0.09535037375600017,-0.343873289490733,-1.219061268746613,-1.1828836920055723,2015,1,24,4,-1.2123834954793167,0.45358428389231187,0.44340039910525364,-0.04813643556426811,-0.035658637342944915
413,3,0,1,-1.5523672158874002,-0.385168797395505,-1.0335752476411284,-0.9659689930678235,-0.8810376085880175,-0.056973906786821585,-0.09535037375600017,-0.343873289490733,-1.219061268746613,-1.1828836920055723,2015,1,24,4,-0.7172249838270242,0.45358428389231187,0.44340039910525364,-0.04813643556426811,-0.035658637342944915
416,3,0,2,-0.40035669969259124,-0.385168797395505,-1.0142955167474164,-0.4739808229955466,-0.8810376085880175,-0.056973906786821585,-0.09535037375600017,-0.343873289490733,-0.8125546954733673,1.463302530172849,2015,1,25,4,1.6619594631838803,-0.9919148516425358,-1.3643592790460946,-0.04813643556426811,0.13754813922123504
417,3,0,2,-1.264364586838698,0.16555842048575076,-1.0335752476411284,-0.9659689930678235,-0.8810376085880175,-0.056973906786821585,-0.09535037375600017,-0.343873289490733,-1.219061268746613,1.4384049713141893,2015,1,25,4,1.1444155712780784,0.45358428389231187,0.44340039910525364,-0.04813643556426811,-0.035658637342944915
418,3,0,2,-1.5523672158874002,-0.385168797395505,-1.0335752476411284,-0.9659689930678235,-0.8810376085880175,-0.056973906786821585,-0.09535037375600017,-0.343873289490733,-1.219061268746613,1.4384049713141893,2015,1,25,4,1.6395740829303707,0.45358428389231187,0.44340039910525364,-0.04813643556426811,-0.035658637342944915
419,3,0,2,-0.9763619577899957,0.16555842048575076,-1.0335752476411284,-0.9113036408375705,-0.8810376085880175,-0.056973906786821585,-0.09535037375600017,-0.343873289490733,-1.1738938717162524,1.382927961221394,2015,1,25,4,1.0945362247403327,0.6267116076502782,0.6599156410601394,-0.04813643556426811,-0.035658637342944915
420,3,0,2,1.0396564455509198,0.16555842048575076,-1.0335752476411284,-0.36465011853504065,-0.8810376085880175,-0.056973906786821585,-0.09535037375600017,-0.343873289490733,-0.7222199014126461,1.3385463518089504,2015,1,25,4,1.0546327463069547,-0.7385946684290844,-1.0475538229807428,-0.04813643556426811,-0.035658637342944915
421,3,0,2,-0.6883593287412935,0.16555842048575076,-1.0005242803947654,-0.7473075841468115,-0.8810376085880175,-0.056973906786821585,-0.09535037375600017,-0.343873289490733,-1.0383916806251705,1.3175946296064374,2015,1,25,4,1.0357950654270067,3.5902826662400624,4.366195452201379,-0.04813643556426811,8.060599122636674
422,3,1,2,-0.6883593287412935,0.16555842048575076,0.672221895240614,1.712633266214573,2.2035208197433778,-0.056973906786821585,-0.09535037375600017,-0.343873289490733,0.9941411857410571,0.9716742129910816,2015,1,25,4,0.7247782260916175,-0.28617439584778337,-0.1611568483811815,-0.04813643556426811,-0.16666646562739137
423,3,1,2,-1.264364586838698,0.16555842048575076,0.7107813570280378,1.7946312945599525,1.776932951995419,-0.056973906786821585,-0.09535037375600017,-0.343873289490733,1.061892281286598,0.6364712673744508,2015,1,25,4,0.42339745851026567,-0.2837684553946768,-0.21156291388268955,-0.04813643556426811,-0.16660834563566915
424,3,1,2,-1.5523672158874002,-0.385168797395505,0.7107813570280378,1.7946312945599525,1.5800462438040532,-0.056973906786821585,-0.09535037375600017,-0.343873289490733,1.061892281286598,0.3065084921321287,2015,1,25,4,0.6218866366253225,-0.2837684553946768,-0.23135398342897828,-0.04813643556426811,-0.16660834563566915
425,3,1,2,-0.9763619577899957,0.16555842048575076,0.672221895240614,1.7399659423296994,0.9237572164995009,-0.056973906786821585,-0.09535037375600017,-0.343873289490733,1.0167248842562375,0.303856821918292,2015,1,25,4,0.12434400987240474,-0.28535445422060646,-0.29524457067614884,-0.04813643556426811,-0.16666646562739137
426,3,1,2,-0.11235407064388901,0.7162856383670065,-0.32940602880889136,0.3459994604582482,1.186272827421322,-0.056973906786821585,-0.09535037375600017,-0.343873289490733,-0.13504374001795819,0.30300744197078927,2015,1,25,4,-0.3715781787818176,-0.38176285272533,-0.10592461173600856,-0.04813643556426811,-0.1705180185368963
427,3,1,2,1.0396564455509198,0.16555842048575076,0.672221895240614,1.65796791398432,1.3831595356126876,-0.056973906786821585,-0.09535037375600017,-0.343873289490733,0.9489737887106965,0.3005598549894174,2015,1,25,4,0.12137970888189083,-0.2878712854547586,-0.24308970667489624,-0.04813643556426811,-0.16666646562739137
428,3,0,2,0.17564855840481322,-0.9358960152767596,-1.0335752476411284,-0.6379768796863056,-0.8810376085880175,-0.056973906786821585,-0.09535037375600017,-0.343873289490733,-0.9480568865644492,-0.039560472132285696,2015,1,25,4,0.8058947498399519,-3.0239639765330284,-3.9056658642212945,-0.04813643556426811,-0.035658637342944915
429,3,1,2,0.17564855840481322,-0.385168797395505,0.672221895240614,1.6853005900994464,0.4315404460210869,-0.056973906786821585,-0.09535037375600017,-0.343873289490733,0.9715574872258769,-0.36505661407576484,2015,1,25,4,0.01808285197342166,-0.28701312192799106,-0.34481433030955366,-0.04813643556426811,-0.16666646562739137
430,3,1,2,1.6156617036483245,-0.385168797395505,0.005694055772290578,0.4553301649187542,0.4315404460210869,-0.056973906786821585,-0.09535037375600017,-0.343873289490733,-0.044708945957236956,-0.36575903884033506,2015,1,25,4,0.017451302288424442,-0.3657998116869563,-0.29655261298766816,-0.04813643556426811,-0.16837546341231724
431,3,1,2,-0.40035669969259124,-0.385168797395505,0.4775884214564754,1.7672986184448258,0.7596849596733629,-0.056973906786821585,-0.09535037375600017,-0.343873289490733,1.0393085827714177,-0.36700314296516945,2015,1,25,4,0.016332729015137815,-0.28455267297843917,-0.3129711078953054,-0.04813643556426811,-0.16700613246198004
432,3,1,2,0.7516538165022177,-0.9358960152767596,1.2781562947572718,1.7672986184448258,-0.027861873092099653,-0.056973906786821585,-0.09535037375600017,-0.343873289490733,1.0393085827714177,-0.700506097536512,2015,1,25,4,0.21163893401641878,-0.28455267297843917,-0.39301206664112154,-0.04813643556426811,-0.1659806124073263
433,3,0,2,1.6156617036483245,-0.385168797395505,-1.0207220937119872,-0.9113036408375705,-0.8810376085880175,-0.056973906786821585,-0.09535037375600017,-0.343873289490733,-1.1738938717162524,-0.916129396737797,2015,1,25,4,-0.47738635676623636,0.6267116076502782,0.6599156410601394,-0.04813643556426811,0.044001278929796744
434,3,1,2,1.3276590745996222,0.16555842048575076,2.5497004513187425,1.712633266214573,0.4315404460210869,-0.056973906786821585,-0.09535037375600017,-0.343873289490733,0.9941411857410571,-1.0970558833884867,2015,1,25,4,-1.1352157641717693,-0.28617439584778337,-0.3453281018757575,-0.04813643556426811,-0.16530259753599422
435,3,1,2,0.46365118745351547,-2.588077668920526,-0.0099133454273809,-1.1846304019888354,-0.12630522718778248,-0.056973906786821585,-0.09535037375600017,-0.343873289490733,0.7683042005892541,-1.7064736942552041,2015,1,25,4,0.7926496054461376,-0.6046735666435197,-0.404984513483273,-0.04813643556426811,-0.1684430521755157
437,3,0,0,-0.9763619577899957,0.16555842048575076,-1.0335752476411284,-0.8566382886073175,-0.8810376085880175,-0.056973906786821585,-0.09535037375600017,-0.343873289490733,-1.1287264746858916,2.037556661581484,2015,1,26,5,1.6831124970411993,0.9213323629352251,1.0283721199729092,-0.04813643556426811,-0.035658637342944915
438,3,0,0,1.0396564455509198,0.16555842048575076,-1.0335752476411284,-0.2553194140745347,-0.8810376085880175,-0.056973906786821585,-0.09535037375600017,-0.343873289490733,-0.6318851073519249,1.6238566846497315,2015,1,26,5,1.3111550956325728,-0.6096032045314717,-0.8862354509890922,-0.04813643556426811,-0.035658637342944915
439,3,0,0,-0.6883593287412935,0.16555842048575076,-1.0005242803947654,-0.7473075841468115,-0.8810376085880175,-0.056973906786821585,-0.09535037375600017,-0.343873289490733,-1.0383916806251705,1.3957411778619964,2015,1,26,5,1.1060565801454054,3.5902826662400624,4.366195452201379,-0.04813643556426811,8.060599122636674
440,3,0,0,-0.40035669969259124,-0.385168797395505,-1.0142955167474164,-0.5833115274560526,-0.8810376085880175,-0.056973906786821585,-0.09535037375600017,-0.343873289490733,-0.9028894895340885,1.3655808329336176,2015,1,26,5,1.5740979437418778,-1.7165254538275587,-2.2705665515301203,-0.04813643556426811,0.13754813922123504
441,3,0,0,-1.264364586838698,0.16555842048575076,-1.0335752476411284,-0.8566382886073175,-0.8810376085880175,-0.056973906786821585,-0.09535037375600017,-0.343873289490733,-1.1287264746858916,1.0389705066753032,2015,1,26,5,0.7852842834253945,0.9213323629352251,1.0283721199729092,-0.04813643556426811,-0.035658637342944915
442,3,0,0,-1.5523672158874002,-0.385168797395505,-1.0335752476411284,-0.8566382886073175,-0.8810376085880175,-0.056973906786821585,-0.09535037375600017,-0.343873289490733,-1.1287264746858916,1.0389705066753032,2015,1,26,5,1.2804427950776869,0.9213323629352251,1.0283721199729092,-0.04813643556426811,-0.035658637342944915
443,3,1,0,-0.6883593287412935,0.7162856383670065,0.672221895240614,1.6853005900994464,1.087829473325639,-0.056973906786821585,-0.09535037375600017,-0.343873289490733,0.9715574872258769,0.6370661538382384,2015,1,26,5,-0.07122619107883617,-0.28701312192799106,-0.2758214083848044,-0.04813643556426811,-0.16666646562739137
444,3,1,0,-0.11235407064388901,0.7162856383670065,-0.32940602880889136,0.3459994604582482,0.7596849596733629,-0.056973906786821585,-0.09535037375600017,-0.343873289490733,-0.13504374001795819,0.30300744197078927,2015,1,26,5,-0.3715781787818176,-0.38176285272533,-0.20814398021939298,-0.04813643556426811,-0.1705180185368963
445,3,1,0,-0.9763619577899957,0.16555842048575076,0.672221895240614,1.712633266214573,1.3831595356126876,-0.056973906786821585,-0.09535037375600017,-0.343873289490733,0.9941411857410571,0.3027771098113728,2015,1,26,5,0.12337324136393718,-0.28617439584778337,-0.24642131759163333,-0.04813643556426811,-0.16666646562739137
446,3,1,0,-1.264364586838698,0.16555842048575076,0.7107813570280378,1.712633266214573,0.9237572164995009,-0.056973906786821585,-0.09535037375600017,-0.343873289490733,0.9941411857410571,0.3006499230000467,2015,1,26,5,0.12146068897628724,-0.28617439584778337,-0.2941694203494864,-0.04813643556426811,-0.16660834563566915
447,3,1,0,-1.5523672158874002,-0.385168797395505,0.7107813570280378,1.7672986184448258,1.087829473325639,-0.056973906786821585,-0.09535037375600017,-0.343873289490733,1.0393085827714177,0.3005795801580776,2015,1,26,5,0.6165559554215082,-0.28455267297843917,-0.279620708417882,-0.04813643556426811,-0.16660834563566915
448,3,1,0,1.0396564455509198,0.16555842048575076,0.672221895240614,1.65796791398432,0.9237572164995009,-0.056973906786821585,-0.09535037375600017,-0.343873289490733,0.9489737887106965,0.3005598549894174,2015,1,26,5,0.12137970888189083,-0.2878712854547586,-0.2919443699864123,-0.04813643556426811,-0.16666646562739137
449,3,0,0,1.6156617036483245,-0.385168797395505,-1.0207220937119872,-0.9113036408375705,-0.8810376085880175,-0.056973906786821585,-0.09535037375600017,-0.343873289490733,-1.1738938717162524,0.0949602066921982,2015,1,26,5,0.4316836999264215,0.6267116076502782,0.6599156410601394,-0.04813643556426811,0.044001278929796744
450,3,1,0,-0.40035669969259124,0.16555842048575076,0.4775884214564754,1.730855050291324,0.9565716678647286,-0.056973906786821585,-0.09535037375600017,-0.343873289490733,1.0393085827714177,-0.03391902705821736,2015,1,26,5,-0.17935005357836842,-0.28827579933735575,-0.29296086820885137,-0.04813643556426811,-0.16700613246198004
451,3,1,0,0.7516538165022177,-0.385168797395505,1.2781562947572718,1.7672986184448258,0.4315404460210869,-0.056973906786821585,-0.09535037375600017,-0.343873289490733,1.0393085827714177,-0.3645700420727217,2015,1,26,5,0.018520328569848865,-0.28455267297843917,-0.34632150737272877,-0.04813643556426811,-0.1659806124073263
452,3,1,0,1.6156617036483245,-0.385168797395505,0.005694055772290578,0.4553301649187542,0.4315404460210869,-0.056973906786821585,-0.09535037375600017,-0.343873289490733,-0.044708945957236956,-0.36575903884033506,2015,1,26,5,0.017451302288424442,-0.3657998116869563,-0.29655261298766816,-0.04813643556426811,-0.16837546341231724
453,3,0,0,0.17564855840481322,-0.9358960152767596,-1.0335752476411284,-0.9659689930678235,-0.8810376085880175,-0.056973906786821585,-0.09535037375600017,-0.343873289490733,-1.219061268746613,-0.7279440614022069,2015,1,26,5,0.1869694771430594,0.45358428389231187,0.44340039910525364,-0.04813643556426811,-0.035658637342944915
454,3,1,0,0.46365118745351547,-1.4866232331580154,-0.0099133454273809,-1.2939611064493415,-0.12630522718778248,-0.056973906786821585,-0.09535037375600017,-0.343873289490733,0.7683042005892541,-1.0368253016885631,2015,1,26,5,0.4044130507069218,-0.6175547273668008,-0.404984513483273,-0.04813643556426811,-0.1684430521755157
456,3,1,4,-1.264364586838698,0.16555842048575076,0.672221895240614,0.6739915738397662,3.023882103874068,-0.056973906786821585,-0.09535037375600017,-0.343873289490733,0.9941411857410571,1.640170770793752,2015,1,27,5,1.3258230807107723,-0.3946868734968015,-0.07589237917072968,-0.04813643556426811,-0.16666646562739137
457,3,1,4,-0.9763619577899957,0.16555842048575076,0.672221895240614,0.6739915738397662,3.023882103874068,-0.056973906786821585,-0.09535037375600017,-0.343873289490733,0.9941411857410571,1.640170770793752,2015,1,27,5,1.3258230807107723,-0.3946868734968015,-0.07589237917072968,-0.04813643556426811,-0.16666646562739137
458,3,0,4,1.0396564455509198,0.7162856383670065,-1.0335752476411284,-0.9659689930678235,-0.8810376085880175,-0.056973906786821585,-0.09535037375600017,-0.343873289490733,-1.0383916806251705,1.5016487598759212,2015,1,27,5,0.7061195120318181,4.776884046775083,4.366195452201379,-0.04813643556426811,-0.035658637342944915
459,3,0,4,-0.6883593287412935,0.7162856383670065,-1.0005242803947654,-0.9659689930678235,-0.8810376085880175,-0.056973906786821585,-0.09535037375600017,-0.343873289490733,-1.0383916806251705,1.2413489439322405,2015,1,27,5,0.47208410346439755,4.776884046775083,4.366195452201379,-0.04813643556426811,8.060599122636674
460,3,0,4,-0.40035669969259124,-2.588077668920526,-1.0142955167474164,-0.9659689930678235,-0.8810376085880175,-0.056973906786821585,-0.09535037375600017,-0.343873289490733,-1.0383916806251705,1.1460946391354516,2015,1,27,5,3.3573920850029144,4.776884046775083,4.366195452201379,-0.04813643556426811,0.13754813922123504
461,3,1,4,1.0396564455509198,0.7162856383670065,0.672221895240614,0.6375480056862641,1.4159739869779153,-0.056973906786821585,-0.09535037375600017,-0.343873289490733,0.9489737887106965,0.9703939237535901,2015,1,27,5,0.2284686071529272,-0.39695068934869643,-0.23960008786693077,-0.04813643556426811,-0.16666646562739137
462,3,0,4,-0.9763619577899957,0.16555842048575076,-1.0335752476411284,-0.9659689930678235,-0.8810376085880175,-0.056973906786821585,-0.09535037375600017,-0.343873289490733,-1.0383916806251705,0.7144300049925867,2015,1,27,5,0.49349011279707605,4.776884046775083,4.366195452201379,-0.04813643556426811,-0.035658637342944915
463,3,1,4,-0.6883593287412935,0.7162856383670065,0.672221895240614,0.6557697897630151,1.087829473325639,-0.056973906786821585,-0.09535037375600017,-0.343873289490733,0.9715574872258769,0.6370661538382384,2015,1,27,5,-0.07122619107883617,-0.3958058157002112,-0.2758214083848044,-0.04813643556426811,-0.16666646562739137
464,3,0,4,0.46365118745351547,-0.9358960152767596,-1.0335752476411284,-1.1117432656818316,-0.8810376085880175,-0.056973906786821585,-0.09535037375600017,-0.343873289490733,-1.219061268746613,0.6045855255441344,2015,1,27,5,1.3850460304381953,0.59222318764601,0.44340039910525364,-0.04813643556426811,-0.035658637342944915
465,3,0,4,1.6156617036483245,-0.385168797395505,-1.0142955167474164,-1.0752996975283295,-0.8810376085880175,-0.056973906786821585,-0.09535037375600017,-0.343873289490733,-1.1738938717162524,0.4580332967610001,2015,1,27,5,0.7581224976875109,0.8231918837287593,0.6599156410601394,-0.04813643556426811,0.13754813922123504
466,3,0,4,0.17564855840481322,-2.588077668920526,-1.0142955167474164,-1.1117432656818316,-0.8810376085880175,-0.056973906786821585,-0.09535037375600017,-0.343873289490733,-1.219061268746613,0.3241196820824477,2015,1,27,5,2.6183548935678274,0.59222318764601,0.44340039910525364,-0.04813643556426811,0.13754813922123504
467,3,1,4,-1.5523672158874002,0.16555842048575076,0.7107813570280378,0.7104351419932682,0.9237572164995009,-0.056973906786821585,-0.09535037375600017,-0.343873289490733,1.0393085827714177,0.30218346787993666,2015,1,27,5,0.12283949825903823,-0.3925233373870211,-0.29629590815659373,-0.04813643556426811,-0.16660834563566915
468,3,0,4,-1.264364586838698,0.16555842048575076,-1.0335752476411284,-1.0388561293748275,-0.8810376085880175,-0.056973906786821585,-0.09535037375600017,-0.343873289490733,-1.1287264746858916,0.22012985751110317,2015,1,27,5,0.04906514633534415,1.2162446394116861,1.0283721199729092,-0.04813643556426811,-0.035658637342944915
469,3,0,4,-1.5523672158874002,0.16555842048575076,-1.0335752476411284,-1.0388561293748275,-0.8810376085880175,-0.056973906786821585,-0.09535037375600017,-0.343873289490733,-1.1287264746858916,0.15422317118023846,2015,1,27,5,-0.01019151585955365,1.2162446394116861,1.0283721199729092,-0.04813643556426811,-0.035658637342944915
470,3,1,4,0.7516538165022177,-0.385168797395505,1.2781562947572718,0.7104351419932682,0.7596849596733629,-0.056973906786821585,-0.09535037375600017,-0.343873289490733,1.0393085827714177,-0.36609702304811503,2015,1,27,5,0.017147420889698305,-0.3925233373870211,-0.3129711078953054,-0.04813643556426811,-0.1659806124073263
471,3,1,4,1.6156617036483245,-0.385168797395505,0.005694055772290578,-0.16421049369077967,0.4315404460210869,-0.056973906786821585,-0.09535037375600017,-0.343873289490733,-0.044708945957236956,-0.3675790938023252,2015,1,27,5,0.015814891962507502,-0.5009149261936203,-0.29655261298766816,-0.04813643556426811,-0.16837546341231724
472,3,1,4,0.46365118745351547,-0.9358960152767596,-0.0099133454273809,-1.3304046746028435,-0.12630522718778248,-0.056973906786821585,-0.09535037375600017,-0.343873289490733,0.7683042005892541,-0.7011777502350478,2015,1,27,5,0.21103505147755738,-0.6218484476078946,-0.404984513483273,-0.04813643556426811,-0.1684430521755157
473,3,1,4,-0.11235407064388901,0.7162856383670065,1.3956708449665627,-0.23709762999778367,0.2346537378297212,-0.056973906786821585,-0.09535037375600017,-0.343873289490733,-0.13504374001795819,-0.8850407979514118,2015,1,27,5,-1.4397516395273915,-0.5222111762257816,-0.33395243373740463,-0.04813643556426811,-0.16588776624144977
474,3,0,4,-0.11235407064388901,0.7162856383670065,-1.1290558196861773,-1.1117432656818316,-0.8810376085880175,-0.056973906786821585,-0.09535037375600017,-0.343873289490733,-1.219061268746613,-0.8872362935303264,2015,1,27,5,-1.441725608287056,0.59222318764601,0.44340039910525364,-0.04813643556426811,-0.13067560996938027
475,3,1,4,-0.40035669969259124,-2.588077668920526,0.5133936359733688,0.7104351419932682,0.10339593236881078,-0.056973906786821585,-0.09535037375600017,-0.343873289490733,1.0393085827714177,-1.7066514817234781,2015,1,27,5,0.7924897568399263,-0.3925233373870211,-0.3796719068501522,-0.04813643556426811,-0.16693708878814098
476,3,1,4,1.3276590745996222,-2.588077668920526,3.028021393967498,0.5646608693792602,-0.12630522718778248,-0.056973906786821585,-0.09535037375600017,-0.343873289490733,0.8586389946499753,-2.573600579408693,2015,1,27,5,0.013016342506758555,-0.40180840345045765,-0.40426499293704304,-0.04813643556426811,-0.16515834650797923
477,3,1,5,-1.264364586838698,0.7162856383670065,0.672221895240614,0.6739915738397662,2.072263014282467,-0.056973906786821585,-0.09535037375600017,-0.343873289490733,0.9941411857410571,1.640170770793752,2015,1,28,5,0.8306645690584799,-0.3946868734968015,-0.1747991634548538,-0.04813643556426811,-0.16666646562739137
478,3,1,5,-0.9763619577899957,0.7162856383670065,0.672221895240614,0.6739915738397662,2.8269953956827023,-0.056973906786821585,-0.09535037375600017,-0.343873289490733,0.9941411857410571,1.640170770793752,2015,1,28,5,0.8306645690584799,-0.3946868734968015,-0.09635585178123812,-0.04813643556426811,-0.16666646562739137
479,3,0,5,-0.11235407064388901,-4.240259322564292,-1.1290558196861773,-0.8566382886073175,-0.8810376085880175,-0.056973906786821585,-0.09535037375600017,-0.343873289490733,-0.9028894895340885,1.4884525551318775,2015,1,28,5,5.15068141712302,-2.3029143654438538,-2.2705665515301203,-0.04813643556426811,-0.13067560996938027
480,3,0,5,-1.5523672158874002,0.16555842048575076,-1.0335752476411284,-1.0388561293748275,-0.8810376085880175,-0.056973906786821585,-0.09535037375600017,-0.343873289490733,-1.1287264746858916,1.2746368388049356,2015,1,28,5,0.9971717414537062,1.2162446394116861,1.0283721199729092,-0.04813643556426811,-0.035658637342944915
481,3,0,5,-1.264364586838698,0.7162856383670065,-1.0335752476411284,-0.8566382886073175,-0.8810376085880175,-0.056973906786821585,-0.09535037375600017,-0.343873289490733,-0.9028894895340885,0.9843946450611919,2015,1,28,5,0.24105664729265636,-2.3029143654438538,-2.2705665515301203,-0.04813643556426811,-0.035658637342944915
482,3,1,5,1.0396564455509198,0.7162856383670065,0.672221895240614,0.6375480056862641,1.087829473325639,-0.056973906786821585,-0.09535037375600017,-0.343873289490733,0.9489737887106965,0.6385345615007241,2015,1,28,5,-0.06990594662922918,-0.39695068934869643,-0.2744962759465851,-0.04813643556426811,-0.16666646562739137
483,3,1,5,-1.5523672158874002,0.16555842048575076,0.7107813570280378,0.7104351419932682,1.776932951995419,-0.056973906786821585,-0.09535037375600017,-0.343873289490733,1.0393085827714177,0.637396590559502,2015,1,28,5,0.42422941603157727,-0.3925233373870211,-0.20958486951529287,-0.04813643556426811,-0.16660834563566915
484,3,0,5,1.0396564455509198,0.7162856383670065,-1.0335752476411284,-1.0388561293748275,-0.8810376085880175,-0.056973906786821585,-0.09535037375600017,-0.343873289490733,-1.1287264746858916,0.5716321823787024,2015,1,28,5,-0.1300578356161293,1.2162446394116861,1.0283721199729092,-0.04813643556426811,-0.035658637342944915
485,3,1,5,-0.40035669969259124,-1.4866232331580154,0.5133936359733688,0.7104351419932682,2.006634111552012,-0.056973906786821585,-0.09535037375600017,-0.343873289490733,1.0393085827714177,0.30399851125735183,2015,1,28,5,1.6099469376291422,-0.3925233373870211,-0.1862395898810965,-0.04813643556426811,-0.16693708878814098
486,3,1,5,-0.6883593287412935,0.7162856383670065,0.672221895240614,0.6557697897630151,0.7596849596733629,-0.056973906786821585,-0.09535037375600017,-0.343873289490733,0.9715574872258769,0.30369870609040506,2015,1,28,5,-0.3709566636260125,-0.3958058157002112,-0.31031786934717903,-0.04813643556426811,-0.16666646562739137
487,3,0,5,1.6156617036483245,0.16555842048575076,-1.0207220937119872,-1.0752996975283295,-0.8810376085880175,-0.056973906786821585,-0.09535037375600017,-0.343873289490733,-1.1738938717162524,0.003042974882950742,2015,1,28,5,-0.1461175397772726,0.8231918837287593,0.6599156410601394,-0.04813643556426811,0.044001278929796744
488,3,1,5,0.7516538165022177,-0.385168797395505,1.2781562947572718,0.7104351419932682,1.186272827421322,-0.056973906786821585,-0.09535037375600017,-0.343873289490733,1.0393085827714177,-0.03016096758432401,2015,1,28,5,0.31918732709542025,-0.3925233373870211,-0.26961558857465495,-0.04813643556426811,-0.1659806124073263
489,3,1,5,1.6156617036483245,0.16555842048575076,0.005694055772290578,-0.30998476630478766,0.5956127028472249,-0.056973906786821585,-0.09535037375600017,-0.343873289490733,0.0004584510731236525,-0.0322336492315028,2015,1,28,5,-0.17783473138409164,-0.5296546057593576,-0.26678930229091846,-0.04813643556426811,-0.16837546341231724
490,3,0,5,-0.6883593287412935,0.7162856383670065,-1.0005242803947654,-0.9659689930678235,-0.8810376085880175,-0.056973906786821585,-0.09535037375600017,-0.343873289490733,-1.0383916806251705,-0.2172035679623817,2015,1,28,5,-0.8392995861504725,4.776884046775083,4.366195452201379,-0.04813643556426811,8.060599122636674
491,3,0,5,0.46365118745351547,-0.9358960152767596,-1.0142955167474164,-1.1117432656818316,-0.8810376085880175,-0.056973906786821585,-0.09535037375600017,-0.343873289490733,-1.219061268746613,-1.350032824141531,2015,1,28,5,-0.37235015673789346,0.59222318764601,0.44340039910525364,-0.04813643556426811,0.13754813922123504
492,3,1,5,1.3276590745996222,-2.588077668920526,0.45004594875117304,0.3824430286117502,0.6284271542124525,-0.056973906786821585,-0.09535037375600017,-0.343873289490733,0.8586389946499753,-1.7030920991264602,2015,1,28,5,0.7956899956004527,-0.4222335735892963,-0.3201028511738772,-0.04813643556426811,-0.16706156320231264
493,3,1,5,0.46365118745351547,-0.385168797395505,2.1016762286458204,0.4917737330722562,-0.8810376085880175,-0.056973906786821585,-0.09535037375600017,-0.343873289490733,0.7683042005892541,-1.9230534165682478,2015,1,28,5,-1.3827111397401761,-0.4071624355532078,-0.4934461246145213,-0.04813643556426811,-0.1654780648881441
494,3,1,5,-0.11235407064388901,-4.240259322564292,0.3297771512713514,-0.8566382886073175,-0.12630522718778248,-0.056973906786821585,-0.09535037375600017,-0.343873289490733,-0.13504374001795819,-2.121763286932985,2015,1,28,5,1.9047385164294834,-0.6714375199450114,-0.42044574553103764,-0.04813643556426811,-0.1673305155457917
495,3,0,5,0.17564855840481322,-1.4866232331580154,-1.0335752476411284,-1.1117432656818316,-0.8810376085880175,-0.056973906786821585,-0.09535037375600017,-0.343873289490733,-1.219061268746613,-2.3334754424901676,2015,1,28,5,-0.7614043140551225,0.59222318764601,0.44340039910525364,-0.04813643556426811,-0.035658637342944915
498,4,1,3,-1.264364586838698,0.7162856383670065,0.672221895240614,0.6739915738397662,2.8269953956827023,-0.056973906786821585,-0.09535037375600017,-0.343873289490733,0.9941411857410571,1.640170770793752,2015,1,29,5,0.8306645690584799,-0.3946868734968015,-0.09635585178123812,-0.04813643556426811,-0.16666646562739137
499,4,0,3,-0.6883593287412935,0.7162856383670065,-1.0005242803947654,-1.0388561293748275,-0.8810376085880175,-0.056973906786821585,-0.09535037375600017,-0.343873289490733,-1.1287264746858916,1.5650277207094556,2015,1,29,5,0.7631034977464454,1.2162446394116861,1.0283721199729092,-0.04813643556426811,8.060599122636674
500,4,1,3,-0.9763619577899957,0.7162856383670065,0.672221895240614,0.6739915738397662,2.4004075279347434,-0.056973906786821585,-0.09535037375600017,-0.343873289490733,0.9941411857410571,1.3053216872089277,2015,1,29,5,0.5296019586179239,-0.3946868734968015,-0.14069337577067306,-0.04813643556426811,-0.16666646562739137
501,4,1,3,-0.6883593287412935,0.7162856383670065,0.672221895240614,0.6922133579165172,2.006634111552012,-0.056973906786821585,-0.09535037375600017,-0.343873289490733,1.0167248842562375,0.9748785090970444,2015,1,29,5,0.23250069514847874,-0.39359299158155997,-0.18395581919618847,-0.04813643556426811,-0.16666646562739137
502,4,1,3,1.0396564455509198,0.7162856383670065,0.672221895240614,0.6375480056862641,2.006634111552012,-0.056973906786821585,-0.09535037375600017,-0.343873289490733,0.9489737887106965,0.9703939237535901,2015,1,29,5,0.2284686071529272,-0.39695068934869643,-0.17678694932355302,-0.04813643556426811,-0.16666646562739137
503,4,0,3,-0.11235407064388901,-2.588077668920526,-1.1290558196861773,-1.0388561293748275,-0.8810376085880175,-0.056973906786821585,-0.09535037375600017,-0.343873289490733,-1.1287264746858916,0.9628346476355665,2015,1,29,5,3.1926231364377826,1.2162446394116861,1.0283721199729092,-0.04813643556426811,-0.13067560996938027
504,4,0,3,0.46365118745351547,-0.9358960152767596,-1.0142955167474164,-1.1117432656818316,-0.8810376085880175,-0.056973906786821585,-0.09535037375600017,-0.343873289490733,-1.219061268746613,0.8193259026437472,2015,1,29,5,1.578118974835911,0.59222318764601,0.44340039910525364,-0.04813643556426811,0.13754813922123504
505,4,0,3,1.3276590745996222,-1.4866232331580154,-1.1290558196861773,-1.1117432656818316,-0.8810376085880175,-0.056973906786821585,-0.09535037375600017,-0.343873289490733,-1.219061268746613,0.7325515535723363,2015,1,29,5,1.9952587212252513,0.59222318764601,0.44340039910525364,-0.04813643556426811,-0.13067560996938027
506,4,0,3,1.0396564455509198,0.7162856383670065,-1.0335752476411284,-1.0388561293748275,-0.8810376085880175,-0.056973906786821585,-0.09535037375600017,-0.343873289490733,-1.1287264746858916,0.6814766618271547,2015,1,29,5,-0.03129672995266492,1.2162446394116861,1.0283721199729092,-0.04813643556426811,-0.035658637342944915
507,4,0,3,-1.5523672158874002,0.16555842048575076,-1.0335752476411284,-1.0388561293748275,-0.8810376085880175,-0.056973906786821585,-0.09535037375600017,-0.343873289490733,-1.1287264746858916,0.6595077686138783,2015,1,29,5,0.44410956297329685,1.2162446394116861,1.0283721199729092,-0.04813643556426811,-0.035658637342944915
508,4,1,3,-1.5523672158874002,0.16555842048575076,0.7107813570280378,0.7104351419932682,1.776932951995419,-0.056973906786821585,-0.09535037375600017,-0.343873289490733,1.0393085827714177,0.637396590559502,2015,1,29,5,0.42422941603157727,-0.3925233373870211,-0.20958486951529287,-0.04813643556426811,-0.16660834563566915
509,4,1,3,0.7516538165022177,-0.385168797395505,1.2781562947572718,0.7104351419932682,0.8581283137690457,-0.056973906786821585,-0.09535037375600017,-0.343873289490733,1.0393085827714177,0.6361122197911815,2015,1,29,5,0.9182331506955486,-0.3925233373870211,-0.3029659880520784,-0.04813643556426811,-0.1659806124073263
510,4,1,3,-0.40035669969259124,-0.9358960152767596,0.5133936359733688,0.7468787101467701,1.776932951995419,-0.056973906786821585,-0.09535037375600017,-0.343873289490733,1.0844759798017785,0.30359200416889076,2015,1,29,5,1.114422935697156,-0.3904535622947884,-0.21349809706283754,-0.04813643556426811,-0.16693708878814098
511,4,0,3,-1.264364586838698,0.7162856383670065,-1.0335752476411284,-1.0388561293748275,-0.8810376085880175,-0.056973906786821585,-0.09535037375600017,-0.343873289490733,-1.1287264746858916,0.12199468781686486,2015,1,29,5,-0.5343266375955328,1.2162446394116861,1.0283721199729092,-0.04813643556426811,-0.035658637342944915
512,4,1,3,1.6156617036483245,0.16555842048575076,0.005694055772290578,-0.12776692553727767,0.5956127028472249,-0.056973906786821585,-0.09535037375600017,-0.343873289490733,0.0004584510731236525,-0.029802569031366972,2015,1,29,5,-0.17564894863262764,-0.49170898427784043,-0.26678930229091846,-0.04813643556426811,-0.16837546341231724
513,4,0,3,1.6156617036483245,0.16555842048575076,-1.0207220937119872,-1.0752996975283295,-0.8810376085880175,-0.056973906786821585,-0.09535037375600017,-0.343873289490733,-1.1738938717162524,-0.8058287091992528,2015,1,29,5,-0.8733735863345803,0.8231918837287593,0.6599156410601394,-0.04813643556426811,0.044001278929796744
514,4,1,3,1.3276590745996222,-1.4866232331580154,0.45004594875117304,-0.09132335738377569,0.6284271542124525,-0.056973906786821585,-0.09535037375600017,-0.343873289490733,0.7231368035588934,-1.033785932883247,2015,1,29,5,0.40714574537887316,-0.4761439924755073,-0.3145921698456436,-0.04813643556426811,-0.16706156320231264
515,4,1,3,-0.11235407064388901,-2.588077668920526,0.3297771512713514,-0.20065406184428167,-0.12630522718778248,-0.056973906786821585,-0.09535037375600017,-0.343873289490733,-0.08987634298759757,-1.7061005955002304,2015,1,29,5,0.7929850583132083,-0.5110346086332175,-0.4189437429533827,-0.04813643556426811,-0.1673305155457917
516,4,0,3,-0.9763619577899957,0.7162856383670065,-1.0335752476411284,-1.1117432656818316,-0.8810376085880175,-0.056973906786821585,-0.09535037375600017,-0.343873289490733,-1.219061268746613,-1.7570707324148336,2015,1,29,5,-2.2237932311638784,0.59222318764601,0.44340039910525364,-0.04813643556426811,-0.035658637342944915
517,4,1,3,0.17564855840481322,-0.9358960152767596,0.7658663024386428,0.6011044375327622,-0.8810376085880175,-0.056973906786821585,-0.09535037375600017,-0.343873289490733,0.9038063916803359,-1.787715668800149,2015,1,29,5,-0.7658705401514313,-0.3993219222886241,-0.48609625142684204,-0.04813643556426811,-0.16652972010489875
518,4,1,1,-0.9763619577899957,0.7162856383670065,0.672221895240614,0.7104351419932682,2.8269953956827023,-0.056973906786821585,-0.09535037375600017,-0.343873289490733,1.0393085827714177,1.6416900503888443,2015,1,31,5,0.8320305524322157,-0.3925233373870211,-0.10286359118753806,-0.04813643556426811,-0.16666646562739137
519,4,1,1,-1.264364586838698,0.7162856383670065,0.672221895240614,0.6739915738397662,2.8269953956827023,-0.056973906786821585,-0.09535037375600017,-0.343873289490733,0.9941411857410571,1.640170770793752,2015,1,31,5,0.8306645690584799,-0.3946868734968015,-0.09635585178123812,-0.04813643556426811,-0.16666646562739137
520,4,0,1,-1.264364586838698,0.7162856383670065,-1.0335752476411284,-1.0388561293748275,-0.8810376085880175,-0.056973906786821585,-0.09535037375600017,-0.343873289490733,-1.1287264746858916,1.4503880045842525,2015,1,31,5,0.660030997659776,1.2162446394116861,1.0283721199729092,-0.04813643556426811,-0.035658637342944915
521,4,0,1,-0.9763619577899957,0.7162856383670065,-1.0335752476411284,-1.1117432656818316,-0.8810376085880175,-0.056973906786821585,-0.09535037375600017,-0.343873289490733,-1.219061268746613,1.4503880045842525,2015,1,31,5,0.660030997659776,0.59222318764601,0.44340039910525364,-0.04813643556426811,-0.035658637342944915
522,4,0,1,-0.6883593287412935,0.7162856383670065,-1.0335752476411284,-1.0388561293748275,-0.8810376085880175,-0.056973906786821585,-0.09535037375600017,-0.343873289490733,-1.1287264746858916,1.4503880045842525,2015,1,31,5,0.660030997659776,1.2162446394116861,1.0283721199729092,-0.04813643556426811,-0.035658637342944915
523,4,0,1,1.0396564455509198,0.7162856383670065,-1.0335752476411284,-1.0388561293748275,-0.8810376085880175,-0.056973906786821585,-0.09535037375600017,-0.343873289490733,-1.1287264746858916,1.4503880045842525,2015,1,31,5,0.660030997659776,1.2162446394116861,1.0283721199729092,-0.04813643556426811,-0.035658637342944915
524,4,0,1,-1.5523672158874002,0.16555842048575076,-1.0335752476411284,-0.8566382886073175,-0.8810376085880175,-0.056973906786821585,-0.09535037375600017,-0.343873289490733,-0.9028894895340885,1.4503880045842525,2015,1,31,5,1.1551895093120683,-2.3029143654438538,-2.2705665515301203,-0.04813643556426811,-0.035658637342944915
525,4,0,1,0.7516538165022177,0.16555842048575076,-1.0335752476411284,-1.3304046746028435,-0.8810376085880175,-0.056973906786821585,-0.09535037375600017,-0.343873289490733,-1.4900656509287766,1.4503880045842525,2015,1,31,5,1.1551895093120683,0.10048449021682401,-0.017566497526988797,-0.04813643556426811,-0.035658637342944915
526,4,0,1,1.6156617036483245,0.16555842048575076,-1.0207220937119872,-1.0752996975283295,-0.8810376085880175,-0.056973906786821585,-0.09535037375600017,-0.343873289490733,-1.1738938717162524,1.4503880045842525,2015,1,31,5,1.1551895093120683,0.8231918837287593,0.6599156410601394,-0.04813643556426811,0.044001278929796744
527,4,0,1,-0.40035669969259124,-0.385168797395505,-1.0335752476411284,-1.3304046746028435,-0.8810376085880175,-0.056973906786821585,-0.09535037375600017,-0.343873289490733,-1.4900656509287766,1.4503880045842525,2015,1,31,5,1.6503480209643608,0.10048449021682401,-0.017566497526988797,-0.04813643556426811,-0.035658637342944915
528,4,0,1,0.17564855840481322,-0.385168797395505,-1.0335752476411284,-1.0388561293748275,-0.8810376085880175,-0.056973906786821585,-0.09535037375600017,-0.343873289490733,-1.1287264746858916,1.4503880045842525,2015,1,31,5,1.6503480209643608,1.2162446394116861,1.0283721199729092,-0.04813643556426811,-0.035658637342944915
529,4,0,1,0.46365118745351547,-0.9358960152767596,-1.0335752476411284,-1.1117432656818316,-0.8810376085880175,-0.056973906786821585,-0.09535037375600017,-0.343873289490733,-1.219061268746613,1.4503880045842525,2015,1,31,5,2.1455065326166523,0.59222318764601,0.44340039910525364,-0.04813643556426811,-0.035658637342944915
530,4,0,1,1.3276590745996222,-0.9358960152767596,-1.0335752476411284,-1.2210739701423374,-0.8810376085880175,-0.056973906786821585,-0.09535037375600017,-0.343873289490733,-1.3545634598376948,1.4503880045842525,2015,1,31,5,2.1455065326166523,0.25239086968406327,0.12483395354130862,-0.04813643556426811,-0.035658637342944915
531,4,0,1,-0.11235407064388901,-1.4866232331580154,-1.0335752476411284,-1.0388561293748275,-0.8810376085880175,-0.056973906786821585,-0.09535037375600017,-0.343873289490733,-1.1287264746858916,1.4503880045842525,2015,1,31,5,2.6406650442689443,1.2162446394116861,1.0283721199729092,-0.04813643556426811,-0.035658637342944915
532,4,1,1,1.0396564455509198,0.7162856383670065,0.672221895240614,0.6375480056862641,2.1707063683781502,-0.056973906786821585,-0.09535037375600017,-0.343873289490733,0.9489737887106965,1.1049315041303245,2015,1,31,5,0.34943126506719074,-0.39695068934869643,-0.15933885528372582,-0.04813643556426811,-0.16666646562739137
533,4,1,1,-0.6883593287412935,0.7162856383670065,0.672221895240614,0.6193262216095131,2.006634111552012,-0.056973906786821585,-0.09535037375600017,-0.343873289490733,1.0167248842562375,0.9731192287981951,2015,1,31,5,0.23091892728578114,-0.4011226289631915,-0.18395581919618847,-0.04813643556426811,-0.16666646562739137
534,4,1,1,0.7516538165022177,0.16555842048575076,1.2781562947572718,0.6739915738397662,1.776932951995419,-0.056973906786821585,-0.09535037375600017,-0.343873289490733,0.9941411857410571,0.6390590248301321,2015,1,31,5,0.42572410968832414,-0.3946868734968015,-0.20549437237061646,-0.04813643556426811,-0.1659806124073263
535,4,1,1,-1.5523672158874002,0.16555842048575076,0.7107813570280378,0.7104351419932682,1.776932951995419,-0.056973906786821585,-0.09535037375600017,-0.343873289490733,1.0393085827714177,0.637396590559502,2015,1,31,5,0.42422941603157727,-0.3925233373870211,-0.20958486951529287,-0.04813643556426811,-0.16660834563566915
536,4,1,1,1.6156617036483245,0.16555842048575076,0.005694055772290578,-0.12776692553727767,0.5956127028472249,-0.056973906786821585,-0.09535037375600017,-0.343873289490733,0.0004584510731236525,-0.029802569031366972,2015,1,31,5,-0.17564894863262764,-0.49170898427784043,-0.26678930229091846,-0.04813643556426811,-0.16837546341231724
537,4,1,1,-0.40035669969259124,-0.385168797395505,3.2768217307387317,0.3824430286117502,0.9565716678647286,-0.056973906786821585,-0.09535037375600017,-0.343873289490733,1.0844759798017785,-0.6579764191727274,2015,1,31,5,-0.24528116929883825,-0.4268780815123386,-0.29506746575812043,-0.04813643556426811,-0.16509607046034835
538,4,1,1,1.3276590745996222,-0.9358960152767596,0.45004594875117304,0.5646608693792602,0.7268705083081354,-0.056973906786821585,-0.09535037375600017,-0.343873289490733,0.8586389946499753,-0.7022415912089746,2015,1,31,5,0.21007855269525483,-0.40180840345045765,-0.3091251805091164,-0.04813643556426811,-0.16706156320231264
539,4,1,1,-0.11235407064388901,-1.4866232331580154,0.3297771512713514,-0.20065406184428167,-0.12630522718778248,-0.056973906786821585,-0.09535037375600017,-0.343873289490733,-0.08987634298759757,-1.0330298727889684,2015,1,31,5,0.4078255185566779,-0.5110346086332175,-0.4189437429533827,-0.04813643556426811,-0.1673305155457917
540,4,1,1,0.17564855840481322,-0.385168797395505,0.7658663024386428,0.6375480056862641,-0.8810376085880175,-0.056973906786821585,-0.09535037375600017,-0.343873289490733,0.9489737887106965,-2.4507278535553114,2015,1,31,5,-1.8571429099015915,-0.39695068934869643,-0.4838734044245111,-0.04813643556426811,-0.16652972010489875
542,0,0,2,0.46365118745351547,-0.9358960152767596,-1.0142955167474164,-1.1117432656818316,-0.8810376085880175,-0.056973906786821585,-0.09535037375600017,-0.343873289490733,-1.219061268746613,1.7159941786120065,2015,2,1,5,2.3843128845583847,0.59222318764601,0.44340039910525364,-0.04813643556426811,0.13754813922123504
543,0,1,2,-1.264364586838698,0.7162856383670065,0.672221895240614,0.6922133579165172,2.8269953956827023,-0.056973906786821585,-0.09535037375600017,-0.343873289490733,1.0167248842562375,1.643120814293228,2015,2,1,5,0.8333169514014659,-0.39359299158155997,-0.09964615898409729,-0.04813643556426811,-0.16666646562739137
544,0,1,2,-1.5523672158874002,0.7162856383670065,0.7107813570280378,-0.4739808229955466,2.8269953956827023,-0.056973906786821585,-0.09535037375600017,-0.343873289490733,1.061892281286598,1.6413192600406494,2015,2,1,5,0.8316971750522969,-0.5129945767396437,-0.10601054296914976,-0.04813643556426811,-0.16660834563566915
545,0,0,2,-1.5523672158874002,0.16555842048575076,-1.0335752476411284,-0.7108640159933096,-0.8810376085880175,-0.056973906786821585,-0.09535037375600017,-0.343873289490733,-0.7222199014126461,1.3070120498560807,2015,2,1,5,1.0262802743135626,-0.9982595399673463,-1.0475538229807428,-0.04813643556426811,-0.035658637342944915
546,0,1,2,-0.9763619577899957,0.7162856383670065,0.672221895240614,0.6739915738397662,2.4004075279347434,-0.056973906786821585,-0.09535037375600017,-0.343873289490733,0.9941411857410571,1.3053216872089277,2015,2,1,5,0.5296019586179239,-0.3946868734968015,-0.14069337577067306,-0.04813643556426811,-0.16666646562739137
547,0,0,2,-1.264364586838698,0.7162856383670065,-1.0335752476411284,-1.0388561293748275,-0.8810376085880175,-0.056973906786821585,-0.09535037375600017,-0.343873289490733,-1.1287264746858916,1.0549478865990651,2015,2,1,5,0.30449102449039,1.2162446394116861,1.0283721199729092,-0.04813643556426811,-0.035658637342944915
548,0,0,2,0.17564855840481322,-0.385168797395505,-1.0335752476411284,-0.7473075841468115,-0.8810376085880175,-0.056973906786821585,-0.09535037375600017,-0.343873289490733,-0.7673872984430068,0.9172984400620505,2015,2,1,5,1.171047512880345,-1.1344254664578182,-1.1751988199873205,-0.04813643556426811,-0.035658637342944915
549,0,0,2,1.0396564455509198,0.7162856383670065,-1.0335752476411284,-1.0388561293748275,-0.8810376085880175,-0.056973906786821585,-0.09535037375600017,-0.343873289490733,-1.1287264746858916,0.8791967208197481,2015,2,1,5,0.14647325663202782,1.2162446394116861,1.0283721199729092,-0.04813643556426811,-0.035658637342944915
550,0,1,2,1.0396564455509198,0.7162856383670065,0.672221895240614,0.6375480056862641,1.5800462438040532,-0.056973906786821585,-0.09535037375600017,-0.343873289490733,0.9489737887106965,0.6385345615007241,2015,2,1,5,-0.06990594662922918,-0.39695068934869643,-0.22215199382710363,-0.04813643556426811,-0.16666646562739137
551,0,1,2,-0.6883593287412935,0.7162856383670065,0.672221895240614,0.7286569260700192,1.087829473325639,-0.056973906786821585,-0.09535037375600017,-0.343873289490733,1.061892281286598,0.6357364847687541,2015,2,1,5,-0.07242169574259492,-0.3914771148218299,-0.28083165729470005,-0.04813643556426811,-0.16666646562739137
552,0,0,2,-0.6883593287412935,0.7162856383670065,-1.0005242803947654,-0.9659689930678235,-0.8810376085880175,-0.056973906786821585,-0.09535037375600017,-0.343873289490733,-1.0383916806251705,0.6019834559664162,2015,2,1,5,-0.10276902371708801,4.776884046775083,4.366195452201379,-0.04813643556426811,8.060599122636674
553,0,1,2,0.7516538165022177,0.16555842048575076,1.2781562947572718,0.7104351419932682,0.5956127028472249,-0.056973906786821585,-0.09535037375600017,-0.343873289490733,1.0393085827714177,-0.03016096758432401,2015,2,1,5,-0.1759711845568721,-0.3925233373870211,-0.3296463076340171,-0.04813643556426811,-0.1659806124073263
554,0,1,2,1.6156617036483245,0.16555842048575076,0.005694055772290578,-0.9659689930678235,0.5956127028472249,-0.056973906786821585,-0.09535037375600017,-0.343873289490733,0.0004584510731236525,-0.031114071943146655,2015,2,1,5,-0.1768281201148777,-0.6662588430928197,-0.26678930229091846,-0.04813643556426811,-0.16837546341231724
555,0,0,2,1.6156617036483245,0.16555842048575076,-1.0207220937119872,-1.0752996975283295,-0.8810376085880175,-0.056973906786821585,-0.09535037375600017,-0.343873289490733,-1.1738938717162524,-0.35083838732120276,2015,2,1,5,-0.4642920605220886,0.8231918837287593,0.6599156410601394,-0.04813643556426811,0.044001278929796744
556,0,1,2,1.3276590745996222,-0.385168797395505,0.45004594875117304,0.4553301649187542,1.5800462438040532,-0.056973906786821585,-0.09535037375600017,-0.343873289490733,0.8586389946499753,-0.36527588595574,2015,2,1,5,0.01788570475750339,-0.4140635055337608,-0.2139853680811898,-0.04813643556426811,-0.16706156320231264
557,0,1,2,-0.11235407064388901,-0.9358960152767596,0.3297771512713514,-0.20065406184428167,-0.027861873092099653,-0.056973906786821585,-0.09535037375600017,-0.343873289490733,-0.08987634298759757,-0.6964945080878207,2015,2,1,5,0.21524575168636437,-0.5110346086332175,-0.3965253313334423,-0.04813643556426811,-0.1673305155457917
558,0,1,2,0.46365118745351547,-1.4866232331580154,0.8319682369313693,0.6011044375327622,-0.8810376085880175,-0.056973906786821585,-0.09535037375600017,-0.343873289490733,0.9038063916803359,-1.9288883797318659,2015,2,1,5,-0.39764032832023166,-0.3993219222886241,-0.48609625142684204,-0.04813643556426811,-0.16644161087493498
559,0,1,2,0.17564855840481322,-0.385168797395505,0.8319682369313693,0.6375480056862641,-0.8810376085880175,-0.056973906786821585,-0.09535037375600017,-0.343873289490733,0.9489737887106965,-2.2986860527911377,2015,2,1,5,-1.720442217923889,-0.39695068934869643,-0.4838734044245111,-0.04813643556426811,-0.16644161087493498
561,0,1,0,-1.5523672158874002,0.7162856383670065,0.7107813570280378,0.7286569260700192,2.8269953956827023,-0.056973906786821585,-0.09535037375600017,-0.343873289490733,1.061892281286598,1.6426589656613515,2015,2,2,6,0.8329017035732426,-0.3914771148218299,-0.10601054296914976,-0.04813643556426811,-0.16660834563566915
562,0,0,0,0.7516538165022177,0.16555842048575076,-1.0335752476411284,-1.1117432656818316,-0.8810376085880175,-0.056973906786821585,-0.09535037375600017,-0.343873289490733,-1.219061268746613,1.6002950442864472,2015,2,2,6,1.2899708388978968,0.59222318764601,0.44340039910525364,-0.04813643556426811,-0.035658637342944915
563,0,1,0,-1.264364586838698,0.7162856383670065,0.672221895240614,0.7286569260700192,2.006634111552012,-0.056973906786821585,-0.09535037375600017,-0.343873289490733,1.061892281286598,0.9705855750446125,2015,2,2,6,0.22864092071386571,-0.3914771148218299,-0.18847333274535275,-0.04813643556426811,-0.16666646562739137
564,0,1,0,-0.9763619577899957,0.7162856383670065,0.672221895240614,0.6739915738397662,1.4159739869779153,-0.056973906786821585,-0.09535037375600017,-0.343873289490733,0.9941411857410571,0.97047259693307,2015,2,2,6,0.22853934216146382,-0.3946868734968015,-0.24301073882321528,-0.04813643556426811,-0.16666646562739137
565,0,1,0,1.0396564455509198,0.7162856383670065,0.672221895240614,0.6375480056862641,2.006634111552012,-0.056973906786821585,-0.09535037375600017,-0.343873289490733,0.9489737887106965,0.9703939237535901,2015,2,2,6,0.2284686071529272,-0.39695068934869643,-0.17678694932355302,-0.04813643556426811,-0.16666646562739137
566,0,0,0,1.0396564455509198,0.7162856383670065,-1.0335752476411284,-1.0388561293748275,-0.8810376085880175,-0.056973906786821585,-0.09535037375600017,-0.343873289490733,-1.1287264746858916,0.6814766618271547,2015,2,2,6,-0.03129672995266492,1.2162446394116861,1.0283721199729092,-0.04813643556426811,-0.035658637342944915
567,0,0,0,-0.6883593287412935,0.7162856383670065,-1.0005242803947654,-0.9659689930678235,-0.8810376085880175,-0.056973906786821585,-0.09535037375600017,-0.343873289490733,-1.0383916806251705,0.3622214013247501,2015,2,2,6,-0.3183389434021919,4.776884046775083,4.366195452201379,-0.04813643556426811,8.060599122636674
568,0,1,0,1.6156617036483245,0.7162856383670065,0.005694055772290578,-0.30998476630478766,1.186272827421322,-0.056973906786821585,-0.09535037375600017,-0.343873289490733,0.0004584510731236525,0.30311180203035354,2015,2,2,6,-0.37148434871478625,-0.5296546057593576,-0.14442424007730625,-0.04813643556426811,-0.16837546341231724
569,0,1,0,-0.6883593287412935,0.7162856383670065,0.672221895240614,0.40066481268850124,0.7596849596733629,-0.056973906786821585,-0.09535037375600017,-0.343873289490733,0.9715574872258769,0.30305334246502613,2015,2,2,6,-0.37153690967494857,-0.42276329734288526,-0.31031786934717903,-0.04813643556426811,-0.16666646562739137
570,0,1,0,0.7516538165022177,0.16555842048575076,1.2781562947572718,0.7104351419932682,0.9237572164995009,-0.056973906786821585,-0.09535037375600017,-0.343873289490733,1.0393085827714177,0.30017615763635724,2015,2,2,6,0.12103472682163037,-0.3925233373870211,-0.29629590815659373,-0.04813643556426811,-0.1659806124073263
571,0,0,0,1.6156617036483245,0.16555842048575076,-1.0207220937119872,-1.0752996975283295,-0.8810376085880175,-0.056973906786821585,-0.09535037375600017,-0.343873289490733,-1.1738938717162524,-0.09806599148197978,2015,2,2,6,-0.237024550860853,0.8231918837287593,0.6599156410601394,-0.04813643556426811,0.044001278929796744
572,0,1,0,1.3276590745996222,-0.385168797395505,0.4913596578091269,0.5646608693792602,1.087829473325639,-0.056973906786821585,-0.09535037375600017,-0.343873289490733,0.8586389946499753,-0.3660171254093863,2015,2,2,6,0.01721925680881204,-0.40180840345045765,-0.2688737214049936,-0.04813643556426811,-0.16697918486418403
573,0,1,0,-0.11235407064388901,-0.385168797395505,0.3297771512713514,-0.20065406184428167,0.10339593236881078,-0.056973906786821585,-0.09535037375600017,-0.343873289490733,-0.08987634298759757,-0.36630887457122197,2015,2,2,6,0.016956945312194674,-0.5110346086332175,-0.3666341158401884,-0.04813643556426811,-0.1673305155457917
574,0,0,0,0.46365118745351547,-0.9358960152767596,-1.0142955167474164,-1.1117432656818316,-0.8810376085880175,-0.056973906786821585,-0.09535037375600017,-0.343873289490733,-1.219061268746613,-1.2921832536332343,2015,2,2,6,-0.320337642551989,0.59222318764601,0.44340039910525364,-0.04813643556426811,0.13754813922123504
575,0,0,0,-1.5523672158874002,0.16555842048575076,-1.0335752476411284,-0.7108640159933096,-0.8810376085880175,-0.056973906786821585,-0.09535037375600017,-0.343873289490733,-0.7222199014126461,-1.6761326980959372,2015,2,2,6,-1.6558633813460404,-0.9982595399673463,-1.0475538229807428,-0.04813643556426811,-0.035658637342944915
576,0,1,0,-0.40035669969259124,-2.588077668920526,1.3681283722612605,0.7104351419932682,-0.8810376085880175,-0.056973906786821585,-0.09535037375600017,-0.343873289490733,1.0393085827714177,-1.701523613666264,2015,2,2,6,0.7971002199380239,-0.3925233373870211,-0.4797231052824223,-0.04813643556426811,-0.165908700304794
580,0,0,4,-1.264364586838698,0.7162856383670065,-1.0335752476411284,-0.6744204478398076,-0.8810376085880175,-0.056973906786821585,-0.09535037375600017,-0.343873289490733,-0.6770525043822855,1.648108063576846,2015,2,3,6,0.8378009842444688,-0.9001819129513027,-0.9556136531486727,-0.04813643556426811,-0.035658637342944915
581,0,1,4,-1.5523672158874002,0.7162856383670065,0.672221895240614,0.6922133579165172,2.8269953956827023,-0.056973906786821585,-0.09535037375600017,-0.343873289490733,1.0167248842562375,1.6387532216818037,2015,2,3,6,0.8293900515011913,-0.39359299158155997,-0.09964615898409729,-0.04813643556426811,-0.16666646562739137
582,0,1,4,1.0396564455509198,0.7162856383670065,0.672221895240614,0.6375480056862641,2.072263014282467,-0.056973906786821585,-0.09535037375600017,-0.343873289490733,0.9489737887106965,1.6385972336027756,2015,2,3,6,0.8292498027127907,-0.39695068934869643,-0.16980771170762213,-0.04813643556426811,-0.16666646562739137
583,0,0,4,-1.5523672158874002,0.7162856383670065,-1.0335752476411284,-1.0388561293748275,-0.8810376085880175,-0.056973906786821585,-0.09535037375600017,-0.343873289490733,-1.1287264746858916,1.6041702704592584,2015,2,3,6,0.7982965407759023,1.2162446394116861,1.0283721199729092,-0.04813643556426811,-0.035658637342944915
584,0,0,4,0.46365118745351547,-0.385168797395505,-1.0142955167474164,-1.1117432656818316,-0.8810376085880175,-0.056973906786821585,-0.09535037375600017,-0.343873289490733,-1.219061268746613,1.484595916651922,2015,2,3,6,1.6811043342101895,0.59222318764601,0.44340039910525364,-0.04813643556426811,0.13754813922123504
585,0,1,4,-0.9763619577899957,0.7162856383670065,0.672221895240614,0.6739915738397662,2.4004075279347434,-0.056973906786821585,-0.09535037375600017,-0.343873289490733,0.9941411857410571,1.3053216872089277,2015,2,3,6,0.5296019586179239,-0.3946868734968015,-0.14069337577067306,-0.04813643556426811,-0.16666646562739137
586,0,1,4,-1.264364586838698,0.7162856383670065,0.672221895240614,0.7104351419932682,2.4004075279347434,-0.056973906786821585,-0.09535037375600017,-0.343873289490733,1.0393085827714177,1.3039543342351376,2015,2,3,6,0.5283725723783805,-0.3925233373870211,-0.14621911050818845,-0.04813643556426811,-0.16666646562739137
587,0,0,4,0.7516538165022177,0.16555842048575076,-1.0335752476411284,-1.0024125612213255,-0.8810376085880175,-0.056973906786821585,-0.09535037375600017,-0.343873289490733,-1.083559077655531,1.1030422237290671,2015,2,3,6,0.8428911258425945,2.0342223791399046,1.7951628203348076,-0.04813643556426811,-0.035658637342944915
588,0,1,4,-0.6883593287412935,0.7162856383670065,0.672221895240614,0.25489054007449324,1.186272827421322,-0.056973906786821585,-0.09535037375600017,-0.343873289490733,0.9715574872258769,0.303330337896572,2015,2,3,6,-0.3712878632483957,-0.4381675725672704,-0.265472470096092,-0.04813643556426811,-0.16666646562739137
589,0,1,4,1.6156617036483245,0.7162856383670065,0.005694055772290578,-0.7837511523003136,0.7596849596733629,-0.056973906786821585,-0.09535037375600017,-0.343873289490733,0.0004584510731236525,0.30215539899169697,2015,2,3,6,-0.37234425011385425,-0.6283132216113024,-0.23279900723158176,-0.04813643556426811,-0.16837546341231724
590,0,0,4,1.6156617036483245,0.7162856383670065,-1.0207220937119872,-1.0752996975283295,-0.8810376085880175,-0.056973906786821585,-0.09535037375600017,-0.343873289490733,-1.1738938717162524,0.15470641104827787,2015,2,3,6,-0.5049155468360044,0.8231918837287593,0.6599156410601394,-0.04813643556426811,0.044001278929796744
591,0,1,4,0.7516538165022177,0.16555842048575076,1.2781562947572718,0.7104351419932682,0.2346537378297212,-0.056973906786821585,-0.09535037375600017,-0.343873289490733,1.0393085827714177,-0.03016096758432401,2015,2,3,6,-0.1759711845568721,-0.3925233373870211,-0.3663317470591828,-0.04813643556426811,-0.1659806124073263
592,0,1,4,1.3276590745996222,-0.385168797395505,0.9283668913999283,0.3459994604582482,1.087829473325639,-0.056973906786821585,-0.09535037375600017,-0.343873289490733,0.8586389946499753,-0.3652448596304078,2015,2,3,6,0.017913600508021463,-0.426318607617064,-0.2688737214049936,-0.04813643556426811,-0.1663239461290835
593,0,1,4,-0.11235407064388901,-0.385168797395505,0.3297771512713514,-0.18243227776753068,0.10339593236881078,-0.056973906786821585,-0.09535037375600017,-0.343873289490733,-0.06729264447241727,-0.3674461362628246,2015,2,3,6,0.01593443400661665,-0.5058522531778814,-0.36720424277120123,-0.04813643556426811,-0.1673305155457917
594,0,1,4,0.46365118745351547,-0.385168797395505,0.8319682369313693,0.6193262216095131,-0.8810376085880175,-0.056973906786821585,-0.09535037375600017,-0.343873289490733,0.9263900901955162,-1.1283445976240893,2015,2,3,6,-0.6681889167434072,-0.3981224064505891,-0.4849717983459456,-0.04813643556426811,-0.16644161087493498
595,0,1,4,0.17564855840481322,-0.385168797395505,0.8319682369313693,0.6375480056862641,-0.8810376085880175,-0.056973906786821585,-0.09535037375600017,-0.343873289490733,0.9489737887106965,-1.429090577500095,2015,2,3,6,-0.9385894470707856,-0.39695068934869643,-0.4838734044245111,-0.04813643556426811,-0.16644161087493498
596,0,0,4,-0.6883593287412935,0.7162856383670065,-1.0005242803947654,-0.9659689930678235,-0.8810376085880175,-0.056973906786821585,-0.09535037375600017,-0.343873289490733,-1.0383916806251705,-1.455974195877889,2015,2,3,6,-1.9530775155526705,4.776884046775083,4.366195452201379,-0.04813643556426811,8.060599122636674
597,0,0,4,-0.11235407064388901,-0.385168797395505,-1.1290558196861773,-1.1117432656818316,-0.8810376085880175,-0.056973906786821585,-0.09535037375600017,-0.343873289490733,-1.219061268746613,-1.7375552139274646,2015,2,3,6,-1.2159298168791914,0.59222318764601,0.44340039910525364,-0.04813643556426811,-0.13067560996938027
598,0,1,4,-0.40035669969259124,-1.4866232331580154,1.3681283722612605,0.7104351419932682,-0.8810376085880175,-0.056973906786821585,-0.09535037375600017,-0.343873289490733,1.0393085827714177,-2.274472250711783,2015,2,3,6,-0.7083545796764251,-0.3925233373870211,-0.4797231052824223,-0.04813643556426811,-0.165908700304794
599,0,1,5,-1.264364586838698,0.7162856383670065,0.672221895240614,0.6922133579165172,2.4004075279347434,-0.056973906786821585,-0.09535037375600017,-0.343873289490733,1.0167248842562375,1.9750581739311253,2015,2,4,6,1.131761632585775,-0.39359299158155997,-0.14348718229438467,-0.04813643556426811,-0.16666646562739137
600,0,1,5,-0.9763619577899957,0.7162856383670065,0.672221895240614,0.6739915738397662,2.8269953956827023,-0.056973906786821585,-0.09535037375600017,-0.343873289490733,0.9941411857410571,1.640170770793752,2015,2,4,6,0.8306645690584799,-0.3946868734968015,-0.09635585178123812,-0.04813643556426811,-0.16666646562739137
601,0,1,5,1.0396564455509198,0.7162856383670065,0.672221895240614,0.6375480056862641,2.8269953956827023,-0.056973906786821585,-0.09535037375600017,-0.343873289490733,0.9489737887106965,1.6385972336027756,2015,2,4,6,0.8292498027127907,-0.39695068934869643,-0.08954647912441721,-0.04813643556426811,-0.16666646562739137
602,0,0,5,-1.264364586838698,0.7162856383670065,-1.0335752476411284,-0.7473075841468115,-0.8810376085880175,-0.056973906786821585,-0.09535037375600017,-0.343873289490733,-0.7673872984430068,1.416214163262451,2015,2,4,6,0.629305317401145,-1.1344254664578182,-1.1751988199873205,-0.04813643556426811,-0.035658637342944915
603,0,0,5,-1.5523672158874002,0.7162856383670065,-1.0335752476411284,-1.0388561293748275,-0.8810376085880175,-0.056973906786821585,-0.09535037375600017,-0.343873289490733,-1.1287264746858916,1.1647923593564833,2015,2,4,6,0.40325212413794953,1.2162446394116861,1.0283721199729092,-0.04813643556426811,-0.035658637342944915
604,0,0,5,0.46365118745351547,-0.385168797395505,-1.0142955167474164,-0.4922026070722976,-0.8810376085880175,-0.056973906786821585,-0.09535037375600017,-0.343873289490733,-0.4512155192304825,1.0750209890348614,2015,2,4,6,1.312855762169055,-0.6519604903672661,-0.7229253179730964,-0.04813643556426811,0.13754813922123504
605,0,1,5,-1.5523672158874002,0.7162856383670065,0.672221895240614,0.6922133579165172,2.006634111552012,-0.056973906786821585,-0.09535037375600017,-0.343873289490733,1.0167248842562375,0.9705109097945852,2015,2,4,6,0.22857378923229865,-0.39359299158155997,-0.18395581919618847,-0.04813643556426811,-0.16666646562739137
606,0,1,5,1.6156617036483245,0.7162856383670065,0.005694055772290578,-0.16421049369077967,0.36591154329063164,-0.056973906786821585,-0.09535037375600017,-0.343873289490733,-0.044708945957236956,0.30311180203035354,2015,2,4,6,-0.37148434871478625,-0.5009149261936203,-0.31079157306278693,-0.04813643556426811,-0.16837546341231724
607,0,1,5,0.7516538165022177,0.7162856383670065,0.672221895240614,0.7104351419932682,0.7596849596733629,-0.056973906786821585,-0.09535037375600017,-0.343873289490733,1.0393085827714177,0.30017615763635724,2015,2,4,6,-0.37412378483066205,-0.3925233373870211,-0.3129711078953054,-0.04813643556426811,-0.16666646562739137
608,0,0,5,0.17564855840481322,-0.385168797395505,-1.0335752476411284,-1.1117432656818316,-0.8810376085880175,-0.056973906786821585,-0.09535037375600017,-0.343873289490733,-1.219061268746613,0.165207621132394,2015,2,4,6,0.4948431081638567,0.59222318764601,0.44340039910525364,-0.04813643556426811,-0.035658637342944915
609,0,0,5,0.7516538165022177,0.16555842048575076,-1.0335752476411284,-1.1117432656818316,-0.8810376085880175,-0.056973906786821585,-0.09535037375600017,-0.343873289490733,-1.219061268746613,0.0004409053052325891,2015,2,4,6,-0.14845705897567987,0.59222318764601,0.44340039910525364,-0.04813643556426811,-0.035658637342944915
610,0,1,5,-0.11235407064388901,-0.385168797395505,0.3297771512713514,-0.3828719026117916,0.10339593236881078,-0.056973906786821585,-0.09535037375600017,-0.343873289490733,-0.08987634298759757,-0.3639277228678782,2015,2,4,6,0.019097837382105454,-0.5527465423906853,-0.3666341158401884,-0.04813643556426811,-0.1673305155457917
611,0,1,5,0.17564855840481322,-0.385168797395505,0.8319682369313693,0.7104351419932682,-0.8810376085880175,-0.056973906786821585,-0.09535037375600017,-0.343873289490733,1.0393085827714177,-0.36458577269399733,2015,2,4,6,0.018506185177684275,-0.3925233373870211,-0.4797231052824223,-0.04813643556426811,-0.16644161087493498
612,0,1,5,1.3276590745996222,-0.385168797395505,-0.47262688687646487,0.4553301649187542,1.087829473325639,-0.056973906786821585,-0.09535037375600017,-0.343873289490733,0.8134715976196146,-0.3668153791649847,2015,2,4,6,0.016501547335393253,-0.4127923007620007,-0.2658523861269716,-0.04813643556426811,-0.17226428951760597
613,0,1,5,0.46365118745351547,-0.385168797395505,1.2781562947572718,0.6739915738397662,-0.8810376085880175,-0.056973906786821585,-0.09535037375600017,-0.343873289490733,0.9941411857410571,-0.3677772688516397,2015,2,4,6,0.015636712894396953,-0.3946868734968015,-0.48175125261248053,-0.04813643556426811,-0.1659806124073263
614,0,0,5,1.6156617036483245,0.7162856383670065,-1.0207220937119872,-1.0752996975283295,-0.8810376085880175,-0.056973906786821585,-0.09535037375600017,-0.343873289490733,-1.1738938717162524,-0.4519473469950993,2015,2,4,6,-1.0503575772420568,0.8231918837287593,0.6599156410601394,-0.04813643556426811,0.044001278929796744
615,0,1,5,-0.40035669969259124,-0.9358960152767596,1.3681283722612605,0.3642212445349992,-0.8810376085880175,6.838728496835963,3.6688298863676305,-0.343873289490733,1.061892281286598,-0.6976471257027862,2015,2,4,6,0.21420943387929056,-0.42830058813025834,-0.4787423527575872,1.7299392129726225,0.05447540234860099
616,0,0,5,-0.11235407064388901,-0.385168797395505,-1.1290558196861773,-1.1117432656818316,-0.8810376085880175,-0.056973906786821585,-0.09535037375600017,-0.343873289490733,-1.219061268746613,-1.4950052261615927,2015,2,4,6,-0.9978532681923853,0.59222318764601,0.44340039910525364,-0.04813643556426811,-0.13067560996938027
617,0,1,5,-0.6883593287412935,-4.240259322564292,1.3681283722612605,0.4371083808420032,-0.12630522718778248,11.435863432584487,5.550920016429446,-0.343873289490733,0.9263900901955162,-2.7058164043921913,2015,2,4,6,1.3796167084324484,-0.4178292238213911,-0.4037696371894776,4.451092602438635,0.20139813745086427
618,0,1,3,-1.264364586838698,0.7162856383670065,0.672221895240614,0.6557697897630151,2.8269953956827023,-0.056973906786821585,-0.09535037375600017,-0.343873289490733,0.9715574872258769,1.641613417974779,2015,2,5,6,0.8319616522746406,-0.3958058157002112,-0.09299016528421869,-0.04813643556426811,-0.16666646562739137
619,0,1,3,-1.5523672158874002,0.7162856383670065,0.672221895240614,0.6922133579165172,2.8269953956827023,-0.056973906786821585,-0.09535037375600017,-0.343873289490733,1.0167248842562375,1.6387532216818037,2015,2,5,6,0.8293900515011913,-0.39359299158155997,-0.09964615898409729,-0.04813643556426811,-0.16666646562739137
620,0,1,3,1.0396564455509198,0.7162856383670065,0.672221895240614,0.6375480056862641,2.8269953956827023,-0.056973906786821585,-0.09535037375600017,-0.343873289490733,0.9489737887106965,1.6385972336027756,2015,2,5,6,0.8292498027127907,-0.39695068934869643,-0.08954647912441721,-0.04813643556426811,-0.16666646562739137
621,0,0,3,-1.264364586838698,0.7162856383670065,-1.0335752476411284,-0.6015333115328035,-0.8810376085880175,-0.056973906786821585,-0.09535037375600017,-0.343873289490733,-0.5867177103215643,1.638122196942598,2015,2,5,6,0.8288226975362231,-0.7683397625270579,-0.8320218609140634,-0.04813643556426811,-0.035658637342944915
622,0,1,3,-0.9763619577899957,0.7162856383670065,0.672221895240614,0.6739915738397662,2.4004075279347434,-0.056973906786821585,-0.09535037375600017,-0.343873289490733,0.9941411857410571,1.3053216872089277,2015,2,5,6,0.5296019586179239,-0.3946868734968015,-0.14069337577067306,-0.04813643556426811,-0.16666646562739137
623,0,0,3,-0.11235407064388901,-0.385168797395505,-1.1290558196861773,-1.1117432656818316,-0.8810376085880175,-0.056973906786821585,-0.09535037375600017,-0.343873289490733,-1.219061268746613,1.2538946329546128,2015,2,5,6,1.4736809482527822,0.59222318764601,0.44340039910525364,-0.04813643556426811,-0.13067560996938027
624,0,0,3,1.6156617036483245,0.7162856383670065,-1.0207220937119872,-1.0752996975283295,-0.8810376085880175,-0.056973906786821585,-0.09535037375600017,-0.343873289490733,-1.1738938717162524,1.014132578312946,2015,2,5,6,0.267794005263093,0.8231918837287593,0.6599156410601394,-0.04813643556426811,0.044001278929796744
625,0,0,3,0.17564855840481322,-0.385168797395505,-1.0335752476411284,-1.0388561293748275,-0.8810376085880175,-0.056973906786821585,-0.09535037375600017,-0.343873289490733,-1.1287264746858916,0.61556997549629,2015,2,5,6,0.8997636311570221,1.2162446394116861,1.0283721199729092,-0.04813643556426811,-0.035658637342944915
626,0,0,3,-1.5523672158874002,0.7162856383670065,-1.0335752476411284,-0.9659689930678235,-0.8810376085880175,-0.056973906786821585,-0.09535037375600017,-0.343873289490733,-1.0383916806251705,0.6045855255441344,2015,2,5,6,-0.10042950451868075,4.776884046775083,4.366195452201379,-0.04813643556426811,-0.035658637342944915
627,0,1,3,1.6156617036483245,0.7162856383670065,0.005694055772290578,-1.1846304019888354,0.36591154329063164,-0.056973906786821585,-0.09535037375600017,-0.343873289490733,-0.044708945957236956,0.3045217032902726,2015,2,5,6,-0.3702167073366753,-0.7234574677340081,-0.31079157306278693,-0.04813643556426811,-0.16837546341231724
628,0,1,3,0.7516538165022177,0.7162856383670065,1.2781562947572718,0.7104351419932682,0.7596849596733629,-0.056973906786821585,-0.09535037375600017,-0.343873289490733,1.0393085827714177,0.30017615763635724,2015,2,5,6,-0.37412378483066205,-0.3925233373870211,-0.3129711078953054,-0.04813643556426811,-0.1659806124073263
629,0,0,3,1.0396564455509198,0.7162856383670065,-1.0335752476411284,-1.1117432656818316,-0.8810376085880175,-0.056973906786821585,-0.09535037375600017,-0.343873289490733,-1.219061268746613,0.1102853780626509,2015,2,5,6,-0.5448544709804125,0.59222318764601,0.44340039910525364,-0.04813643556426811,-0.035658637342944915
630,0,1,3,1.3276590745996222,0.16555842048575076,-0.47262688687646487,-0.6379768796863056,0.2346537378297212,-0.056973906786821585,-0.09535037375600017,-0.343873289490733,-0.4060481222001219,-0.03145302635087776,2015,2,5,6,-0.17713287381979864,-0.6888835495504524,-0.30829712625851696,-0.04813643556426811,-0.17226428951760597
631,0,1,3,-0.11235407064388901,-0.385168797395505,0.3297771512713514,-0.5650897433793016,0.10339593236881078,-0.056973906786821585,-0.09535037375600017,-0.343873289490733,-0.08987634298759757,-0.3681523414616869,2015,2,5,6,0.015299485335412278,-0.5944584761481533,-0.3666341158401884,-0.04813643556426811,-0.1673305155457917
632,0,1,3,-0.40035669969259124,-0.385168797395505,1.3681283722612605,0.7104351419932682,-0.8810376085880175,-0.056973906786821585,-0.09535037375600017,-0.343873289490733,1.0393085827714177,-1.2906210510540996,2015,2,5,6,-0.8140915788013074,-0.3925233373870211,-0.4797231052824223,-0.04813643556426811,-0.165908700304794
633,0,1,3,0.17564855840481322,-7.3243317426993215,0.8319682369313693,0.7104351419932682,-0.8810376085880175,-0.056973906786821585,-0.09535037375600017,-0.343873289490733,1.0393085827714177,-1.554032452134627,2015,2,5,6,5.188072635117785,-0.3925233373870211,-0.4797231052824223,-0.04813643556426811,-0.16644161087493498
634,0,1,3,-0.6883593287412935,-2.588077668920526,1.3681283722612605,0.5282173012257582,-0.12630522718778248,-0.056973906786821585,-0.09535037375600017,2.0031654875755347,0.8134715976196146,-1.7020695886704489,2015,2,5,6,0.7966093341388589,-0.4044187441554927,-0.40461579280784854,-0.04813643556426811,-0.165908700304794
635,0,1,3,0.46365118745351547,-0.385168797395505,0.8319682369313693,0.6739915738397662,-0.8810376085880175,-0.056973906786821585,-0.09535037375600017,-0.343873289490733,0.9941411857410571,-1.729973997908479,2015,2,5,6,-1.2091135500984838,-0.3946868734968015,-0.48175125261248053,-0.04813643556426811,-0.16644161087493498
636,0,0,1,-1.264364586838698,0.7162856383670065,-1.0335752476411284,-0.4922026070722976,-0.8810376085880175,-0.056973906786821585,-0.09535037375600017,-0.343873289490733,-0.4512155192304825,1.977641495231169,2015,2,7,6,1.1340842952189572,-0.6519604903672661,-0.7229253179730964,-0.04813643556426811,-0.035658637342944915
637,0,1,1,-1.264364586838698,0.7162856383670065,0.672221895240614,0.6922133579165172,2.8269953956827023,-0.056973906786821585,-0.09535037375600017,-0.343873289490733,1.0393085827714177,1.6387532216818037,2015,2,7,6,0.8293900515011913,-0.3943849005664794,-0.10286359118753806,-0.04813643556426811,-0.16666646562739137
638,0,1,1,-0.9763619577899957,0.7162856383670065,0.672221895240614,0.6739915738397662,2.4004075279347434,-0.056973906786821585,-0.09535037375600017,-0.343873289490733,0.9941411857410571,1.3053216872089277,2015,2,7,6,0.5296019586179239,-0.3946868734968015,-0.14069337577067306,-0.04813643556426811,-0.16666646562739137
639,0,1,1,-1.5523672158874002,0.7162856383670065,0.672221895240614,0.6557697897630151,2.006634111552012,-0.056973906786821585,-0.09535037375600017,-0.343873289490733,0.9941411857410571,0.970433608277105,2015,2,7,6,0.22850428748424412,-0.39659060117485445,-0.18162032099168995,-0.04813643556426811,-0.16666646562739137
640,0,1,1,1.0396564455509198,0.7162856383670065,0.672221895240614,0.6375480056862641,2.006634111552012,-0.056973906786821585,-0.09535037375600017,-0.343873289490733,0.9489737887106965,0.9703939237535901,2015,2,7,6,0.2284686071529272,-0.39695068934869643,-0.17678694932355302,-0.04813643556426811,-0.16666646562739137
641,0,0,1,1.6156617036483245,0.7162856383670065,-1.0207220937119872,-1.0752996975283295,-0.8810376085880175,-0.056973906786821585,-0.09535037375600017,-0.343873289490733,-1.1738938717162524,0.9635780951304806,2015,2,7,6,0.22234049972130276,0.8231918837287593,0.6599156410601394,-0.04813643556426811,0.044001278929796744
642,0,0,1,-1.5523672158874002,0.7162856383670065,-1.0335752476411284,-1.0388561293748275,-0.8810376085880175,-0.056973906786821585,-0.09535037375600017,-0.343873289490733,-1.1287264746858916,0.7693522413712959,2015,2,7,6,0.047712150968563516,1.2162446394116861,1.0283721199729092,-0.04813643556426811,-0.035658637342944915
643,0,0,1,-0.11235407064388901,0.16555842048575076,-1.1290558196861773,-1.1117432656818316,-0.8810376085880175,-0.056973906786821585,-0.09535037375600017,-0.343873289490733,-1.219061268746613,0.6070946633486091,2015,2,7,6,0.39698497143037187,0.59222318764601,0.44340039910525364,-0.04813643556426811,-0.13067560996938027
644,0,1,1,1.6156617036483245,0.7162856383670065,0.005694055772290578,-0.16421049369077967,1.186272827421322,-0.056973906786821585,-0.09535037375600017,-0.343873289490733,-0.044708945957236956,0.30311180203035354,2015,2,7,6,-0.37148434871478625,-0.5009149261936203,-0.1328045721238029,-0.04813643556426811,-0.16837546341231724
645,0,1,1,0.7516538165022177,0.7162856383670065,1.2781562947572718,0.7104351419932682,0.7596849596733629,-0.056973906786821585,-0.09535037375600017,-0.343873289490733,1.0393085827714177,0.30017615763635724,2015,2,7,6,-0.37412378483066205,-0.3925233373870211,-0.3129711078953054,-0.04813643556426811,-0.1659806124073263
646,0,0,1,0.7516538165022177,0.7162856383670065,-1.0335752476411284,-1.1117432656818316,-0.8810376085880175,-0.056973906786821585,-0.09535037375600017,-0.343873289490733,-1.219061268746613,0.1102853780626509,2015,2,7,6,-0.5448544709804125,0.59222318764601,0.44340039910525364,-0.04813643556426811,-0.035658637342944915
647,0,1,1,-0.11235407064388901,0.16555842048575076,0.3297771512713514,-0.9295254249143216,0.2346537378297212,-0.056973906786821585,-0.09535037375600017,-0.343873289490733,-0.08987634298759757,-0.030649332784518615,2015,2,7,6,-0.17641027341578386,-0.6778823436630891,-0.3367429003469346,-0.04813643556426811,-0.1673305155457917
648,0,1,1,1.3276590745996222,0.16555842048575076,-0.47262688687646487,-0.41931547076529363,0.5956127028472249,-0.056973906786821585,-0.09535037375600017,-0.343873289490733,-0.3608807251697612,-0.0339435764624966,2015,2,7,6,-0.17937212593304816,-0.6017898947121915,-0.19702763220813124,-0.04813643556426811,-0.17226428951760597
649,0,0,1,0.17564855840481322,-0.385168797395505,-1.0335752476411284,-1.0388561293748275,-0.8810376085880175,-0.056973906786821585,-0.09535037375600017,-0.343873289490733,-1.1287264746858916,-0.26318584001822554,2015,2,7,6,0.10967480389702194,1.2162446394116861,1.0283721199729092,-0.04813643556426811,-0.035658637342944915
650,0,1,1,0.17564855840481322,-0.385168797395505,0.8319682369313693,0.7104351419932682,-0.8810376085880175,20.630133304081536,16.843460796800336,-0.343873289490733,1.0393085827714177,-0.6211330961041936,2015,2,7,6,-0.21215535960102655,-0.3925233373870211,-0.4797231052824223,24.582062204589302,0.6882094181675428
651,0,1,1,-0.6883593287412935,-1.4866232331580154,1.3681283722612605,0.6557697897630151,0.10339593236881078,-0.056973906786821585,-0.09535037375600017,2.0031654875755347,0.9941411857410571,-1.0362845055448064,2015,2,7,6,0.4048992801957784,-0.39659060117485445,-0.37943388955993823,-0.04813643556426811,-0.165908700304794
652,0,1,1,-0.40035669969259124,-0.385168797395505,1.3681283722612605,0.8744311986840271,-0.8810376085880175,-0.056973906786821585,-0.09535037375600017,-0.343873289490733,1.0844759798017785,-1.4013909272889788,2015,2,7,6,-0.9136847081610362,-0.3777049805686458,-0.4777828516355541,-0.04813643556426811,-0.165908700304794
653,0,0,1,-0.6883593287412935,0.7162856383670065,-1.0005242803947654,-1.1117432656818316,-0.8810376085880175,-0.056973906786821585,-0.09535037375600017,-0.343873289490733,-1.219061268746613,-2.0553793358275727,2015,2,7,6,-2.492002317773384,0.59222318764601,0.44340039910525364,-0.04813643556426811,8.060599122636674
654,0,1,1,0.46365118745351547,-0.385168797395505,0.8319682369313693,0.6739915738397662,-0.8810376085880175,22.9287007719558,13.832116588701433,-0.343873289490733,0.9941411857410571,-2.6080450663706363,2015,2,7,6,-1.9985867216939457,-0.3946868734968015,-0.48175125261248053,22.43215764700905,0.7831706436167071
655,1,1,2,-1.264364586838698,0.7162856383670065,0.672221895240614,0.6922133579165172,2.8269953956827023,-0.056973906786821585,-0.09535037375600017,-0.343873289490733,1.0167248842562375,1.6387532216818037,2015,2,8,6,0.8293900515011913,-0.39359299158155997,-0.09964615898409729,-0.04813643556426811,-0.16666646562739137
656,1,0,2,0.17564855840481322,-0.385168797395505,-1.0142955167474164,-0.9659689930678235,-0.8810376085880175,-0.056973906786821585,-0.09535037375600017,-0.343873289490733,-1.0383916806251705,1.1614282612820293,2015,2,8,6,1.3905444888792486,4.776884046775083,4.366195452201379,-0.04813643556426811,0.13754813922123504
657,1,1,2,1.0396564455509198,0.7162856383670065,0.672221895240614,0.6375480056862641,2.006634111552012,-0.056973906786821585,-0.09535037375600017,-0.343873289490733,0.9489737887106965,0.9748785090970444,2015,2,8,6,0.23250069514847874,-0.39695068934869643,-0.17678694932355302,-0.04813643556426811,-0.16666646562739137
658,1,1,2,-1.5523672158874002,0.7162856383670065,0.672221895240614,0.6557697897630151,2.006634111552012,-0.056973906786821585,-0.09535037375600017,-0.343873289490733,0.9715574872258769,0.970433608277105,2015,2,8,6,0.22850428748424412,-0.3958058157002112,-0.17923131769015535,-0.04813643556426811,-0.16666646562739137
659,1,1,2,-0.9763619577899957,0.7162856383670065,0.672221895240614,0.6375480056862641,2.006634111552012,-0.056973906786821585,-0.09535037375600017,-0.343873289490733,0.9489737887106965,0.9703939237535901,2015,2,8,6,0.2284686071529272,-0.39695068934869643,-0.17678694932355302,-0.04813643556426811,-0.16666646562739137
660,1,0,2,-1.5523672158874002,0.7162856383670065,-1.0335752476411284,-1.0388561293748275,-0.8810376085880175,-0.056973906786821585,-0.09535037375600017,-0.343873289490733,-1.1287264746858916,0.9231345139373364,2015,2,8,6,0.185977700100595,1.2162446394116861,1.0283721199729092,-0.04813643556426811,-0.035658637342944915
661,1,0,2,1.6156617036483245,0.7162856383670065,-1.0207220937119872,-1.0752996975283295,-0.8810376085880175,-0.056973906786821585,-0.09535037375600017,-0.343873289490733,-1.1738938717162524,0.9130236186390501,2015,2,8,6,0.1768870001954179,0.8231918837287593,0.6599156410601394,-0.04813643556426811,0.044001278929796744
662,1,0,2,-1.264364586838698,0.7162856383670065,-1.0335752476411284,-0.7473075841468115,-0.8810376085880175,-0.056973906786821585,-0.09535037375600017,-0.343873289490733,-0.7673872984430068,0.805967072314803,2015,2,8,6,0.08063252353365509,-1.1344254664578182,-1.1751988199873205,-0.04813643556426811,-0.035658637342944915
663,1,0,2,0.46365118745351547,-0.385168797395505,-1.0142955167474164,-0.8566382886073175,-0.8810376085880175,-0.056973906786821585,-0.09535037375600017,-0.343873289490733,-0.9028894895340885,0.5740112197152567,2015,2,8,6,0.8623981787324527,-2.3029143654438538,-2.2705665515301203,-0.04813643556426811,0.13754813922123504
664,1,1,2,1.6156617036483245,0.7162856383670065,0.005694055772290578,-0.5286461752257996,1.186272827421322,-0.056973906786821585,-0.09535037375600017,-0.343873289490733,-0.044708945957236956,0.3027989761109599,2015,2,8,6,-0.37176561031149674,-0.5803944053151874,-0.1328045721238029,-0.04813643556426811,-0.16837546341231724
665,1,1,2,0.7516538165022177,0.7162856383670065,1.2781562947572718,0.7104351419932682,0.7596849596733629,-0.056973906786821585,-0.09535037375600017,-0.343873289490733,1.0393085827714177,0.30017615763635724,2015,2,8,6,-0.37412378483066205,-0.3925233373870211,-0.3129711078953054,-0.04813643556426811,-0.1659806124073263
666,1,1,2,-0.11235407064388901,0.16555842048575076,0.3297771512713514,-0.20065406184428167,0.2346537378297212,-0.056973906786821585,-0.09535037375600017,-0.343873289490733,-0.08987634298759757,-0.029773509870074336,2015,2,8,6,-0.17562282155811898,-0.5110346086332175,-0.3367429003469346,-0.04813643556426811,-0.1673305155457917
667,1,1,2,1.3276590745996222,0.16555842048575076,-0.47262688687646487,-0.41931547076529363,0.5956127028472249,-0.056973906786821585,-0.09535037375600017,-0.343873289490733,-0.3608807251697612,-0.0339435764624966,2015,2,8,6,-0.17937212593304816,-0.6017898947121915,-0.19702763220813124,-0.04813643556426811,-0.17226428951760597
668,1,1,2,-0.40035669969259124,-0.385168797395505,1.3681283722612605,0.7286569260700192,-0.8810376085880175,-0.056973906786821585,-0.09535037375600017,-0.343873289490733,1.061892281286598,-0.3645445224684914,2015,2,8,6,0.01854327323072335,-0.3914771148218299,-0.4787423527575872,-0.04813643556426811,-0.165908700304794
669,1,0,2,-0.11235407064388901,0.16555842048575076,-1.1290558196861773,-1.1117432656818316,-0.8810376085880175,-0.056973906786821585,-0.09535037375600017,-0.343873289490733,-1.219061268746613,-0.9694802571295592,2015,2,8,6,-1.0205125950338676,0.59222318764601,0.44340039910525364,-0.04813643556426811,-0.13067560996938027
670,1,0,2,0.7516538165022177,0.7162856383670065,-1.0335752476411284,-1.1117432656818316,-0.8810376085880175,-0.056973906786821585,-0.09535037375600017,-0.343873289490733,-1.219061268746613,-0.9881593896577359,2015,2,8,6,-1.5324655035514372,0.59222318764601,0.44340039910525364,-0.04813643556426811,-0.035658637342944915
671,1,1,2,-0.6883593287412935,-0.9358960152767596,1.3681283722612605,0.6557697897630151,0.5627982514819972,-0.056973906786821585,-0.09535037375600017,2.0031654875755347,0.9715574872258769,-1.250160748966626,2015,2,8,6,-0.28255523378223446,-0.3958058157002112,-0.3310157459246038,-0.04813643556426811,-0.165908700304794
672,1,1,2,0.17564855840481322,-0.385168797395505,0.8319682369313693,0.7104351419932682,-0.8810376085880175,-0.056973906786821585,-0.09535037375600017,-0.343873289490733,1.0393085827714177,-2.673511683385767,2015,2,8,6,-2.057447717830716,-0.3925233373870211,-0.4797231052824223,-0.04813643556426811,-0.16644161087493498
673,1,1,2,0.46365118745351547,-0.385168797395505,0.8319682369313693,0.6739915738397662,-0.8810376085880175,-0.056973906786821585,-0.09535037375600017,-0.343873289490733,0.9941411857410571,-2.6887326753545775,2015,2,8,6,-2.0711329025908647,-0.3946868734968015,-0.48175125261248053,-0.04813643556426811,-0.16644161087493498
674,1,0,0,-1.264364586838698,0.7162856383670065,-1.0335752476411284,-0.7473075841468115,-0.8810376085880175,-0.056973906786821585,-0.09535037375600017,-0.343873289490733,-0.7673872984430068,2.0264612609011325,2015,2,9,7,1.1779781172845394,-1.1344254664578182,-1.1751988199873205,-0.04813643556426811,-0.035658637342944915
675,1,0,0,-1.5523672158874002,0.7162856383670065,-1.0335752476411284,-1.0388561293748275,-0.8810376085880175,-0.056973906786821585,-0.09535037375600017,-0.343873289490733,-1.1287264746858916,1.384481318253388,2015,2,9,7,0.6007743354648784,1.2162446394116861,1.0283721199729092,-0.04813643556426811,-0.035658637342944915
676,1,1,0,1.0396564455509198,0.7162856383670065,0.672221895240614,-1.3668482427563455,2.006634111552012,-0.056973906786821585,-0.09535037375600017,-0.343873289490733,0.9489737887106965,0.9748785090970444,2015,2,9,7,0.23250069514847874,-0.6112138041403602,-0.17678694932355302,-0.04813643556426811,-0.16666646562739137
677,1,1,0,-1.5523672158874002,0.7162856383670065,0.672221895240614,-0.30998476630478766,1.4159739869779153,-0.056973906786821585,-0.09535037375600017,-0.343873289490733,0.9941411857410571,0.9729317125662742,2015,2,9,7,0.2307503315540034,-0.49748816811166074,-0.24301073882321528,-0.04813643556426811,-0.16666646562739137
678,1,1,0,-1.264364586838698,0.7162856383670065,0.672221895240614,-1.2939611064493415,1.4159739869779153,-0.056973906786821585,-0.09535037375600017,-0.343873289490733,0.9941411857410571,0.9727228251712929,2015,2,9,7,0.23056252102232172,-0.6002894627265201,-0.24301073882321528,-0.04813643556426811,-0.16666646562739137
679,1,0,0,-0.11235407064388901,0.16555842048575076,-1.1290558196861773,-1.1117432656818316,-0.8810376085880175,-0.056973906786821585,-0.09535037375600017,-0.343873289490733,-1.219061268746613,0.8900696513058051,2015,2,9,7,0.6514076135702811,0.59222318764601,0.44340039910525364,-0.04813643556426811,-0.13067560996938027
680,1,1,0,1.6156617036483245,0.7162856383670065,0.005694055772290578,-0.16421049369077967,1.186272827421322,-0.056973906786821585,-0.09535037375600017,-0.343873289490733,-0.044708945957236956,0.30311180203035354,2015,2,9,7,-0.37148434871478625,-0.5009149261936203,-0.1328045721238029,-0.04813643556426811,-0.16837546341231724
681,1,1,0,-0.9763619577899957,0.7162856383670065,0.672221895240614,0.23666875599774226,0.7596849596733629,-0.056973906786821585,-0.09535037375600017,-0.343873289490733,0.9941411857410571,0.3015006746095491,2015,2,9,7,-0.37293291241359317,-0.4403763377700723,-0.31122231419157675,-0.04813643556426811,-0.16666646562739137
682,1,1,0,0.7516538165022177,0.7162856383670065,1.2781562947572718,0.7104351419932682,0.7596849596733629,-0.056973906786821585,-0.09535037375600017,-0.343873289490733,1.0393085827714177,0.30017615763635724,2015,2,9,7,-0.37412378483066205,-0.3925233373870211,-0.3129711078953054,-0.04813643556426811,-0.1659806124073263
683,1,1,0,-0.6883593287412935,-0.385168797395505,1.3681283722612605,-0.4010936866885426,0.7596849596733629,-0.056973906786821585,-0.09535037375600017,2.0031654875755347,0.9941411857410571,0.23353357798812788,2015,2,9,7,0.5562749350382615,-0.5070068065019255,-0.31122231419157675,-0.04813643556426811,-0.165908700304794
684,1,1,0,1.3276590745996222,0.16555842048575076,-0.47262688687646487,-1.4032918109098473,0.5956127028472249,-0.056973906786821585,-0.09535037375600017,-0.343873289490733,0.8586389946499753,-0.029792659609798034,2015,2,9,7,-0.17564003907763184,-0.6224002409499152,-0.3237620747287974,-0.04813643556426811,-0.17226428951760597
685,1,0,0,0.46365118745351547,-4.240259322564292,-1.0142955167474164,-0.8566382886073175,-0.8810376085880175,-0.056973906786821585,-0.09535037375600017,-0.343873289490733,-0.9028894895340885,-0.3211004607604827,2015,2,9,7,3.523713384650779,-2.3029143654438538,-2.2705665515301203,-0.04813643556426811,0.13754813922123504
686,1,1,0,-0.40035669969259124,-0.385168797395505,1.3681283722612605,0.7286569260700192,0.4315404460210869,-0.056973906786821585,-0.09535037375600017,-0.343873289490733,1.0393085827714177,-0.3645445224684914,2015,2,9,7,0.01854327323072335,-0.39066177420756276,-0.34632150737272877,-0.04813643556426811,-0.165908700304794
687,1,0,0,0.7516538165022177,0.7162856383670065,-1.0335752476411284,-1.1117432656818316,-0.8810376085880175,-0.056973906786821585,-0.09535037375600017,-0.343873289490733,-1.219061268746613,-0.38401476941883333,2015,2,9,7,-0.9892794374421451,0.59222318764601,0.44340039910525364,-0.04813643556426811,-0.035658637342944915
688,1,1,0,-0.11235407064388901,0.16555842048575076,0.3297771512713514,-0.16421049369077967,-0.8810376085880175,-0.056973906786821585,-0.09535037375600017,-0.343873289490733,-0.044708945957236956,-0.9540318369101509,2015,2,9,7,-1.0066229296698603,-0.5009149261936203,-0.5813318144900427,-0.04813643556426811,-0.1673305155457917
692,1,0,4,1.6156617036483245,0.7162856383670065,-1.0207220937119872,-1.0752996975283295,-0.8810376085880175,-0.056973906786821585,-0.09535037375600017,-0.343873289490733,-1.1738938717162524,1.6713408195387884,2015,2,10,7,0.8586895412109355,0.8231918837287593,0.6599156410601394,-0.04813643556426811,0.044001278929796744
693,1,0,4,-1.264364586838698,0.7162856383670065,-1.0335752476411284,-0.7473075841468115,-0.8810376085880175,-0.056973906786821585,-0.09535037375600017,-0.343873289490733,-0.7673872984430068,1.416214163262451,2015,2,10,7,0.629305317401145,-1.1344254664578182,-1.1751988199873205,-0.04813643556426811,-0.035658637342944915
694,1,1,4,1.0396564455509198,0.7162856383670065,0.672221895240614,-1.4032918109098473,2.006634111552012,-0.056973906786821585,-0.09535037375600017,-0.343873289490733,0.9489737887106965,0.9737573594156633,2015,2,10,7,0.23149267014163805,-0.6151094971365723,-0.17678694932355302,-0.04813643556426811,-0.16666646562739137
695,1,1,4,-1.5523672158874002,0.7162856383670065,0.672221895240614,-1.4032918109098473,2.006634111552012,-0.056973906786821585,-0.09535037375600017,-0.343873289490733,0.9941411857410571,0.9726755530150571,2015,2,10,7,0.23052001865497124,-0.6117118287948378,-0.18162032099168995,-0.04813643556426811,-0.16666646562739137
696,1,1,4,-0.9763619577899957,0.7162856383670065,0.672221895240614,-1.4032918109098473,2.006634111552012,-0.056973906786821585,-0.09535037375600017,-0.343873289490733,0.9941411857410571,0.9726755530150571,2015,2,10,7,0.23052001865497124,-0.6117118287948378,-0.18162032099168995,-0.04813643556426811,-0.16666646562739137
697,1,1,4,-1.264364586838698,0.7162856383670065,0.672221895240614,-1.4032918109098473,2.006634111552012,-0.056973906786821585,-0.09535037375600017,-0.343873289490733,0.9941411857410571,0.9694190133144882,2015,2,10,7,0.2275920657612067,-0.6117118287948378,-0.18162032099168995,-0.04813643556426811,-0.16666646562739137
698,1,0,4,-1.5523672158874002,0.7162856383670065,-1.0335752476411284,-0.9659689930678235,-0.8810376085880175,-0.056973906786821585,-0.09535037375600017,-0.343873289490733,-1.0383916806251705,0.6595077686138783,2015,2,10,7,-0.05104894867899555,4.776884046775083,4.366195452201379,-0.04813643556426811,-0.035658637342944915
699,1,1,4,0.7516538165022177,0.7162856383670065,1.2781562947572718,-0.7473075841468115,0.36591154329063164,-0.056973906786821585,-0.09535037375600017,-0.343873289490733,1.0393085827714177,0.3057750945705002,2015,2,10,7,-0.36908978398753856,-0.5414483917436859,-0.35299158726821345,-0.04813643556426811,-0.1659806124073263
700,1,1,4,1.6156617036483245,0.7162856383670065,0.005694055772290578,-0.16421049369077967,0.7596849596733629,-0.056973906786821585,-0.09535037375600017,-0.343873289490733,-0.044708945957236956,0.30311180203035354,2015,2,10,7,-0.37148434871478625,-0.5009149261936203,-0.22535781261207458,-0.04813643556426811,-0.16837546341231724
701,1,0,4,-0.6883593287412935,-0.385168797395505,-1.0142955167474164,-0.8566382886073175,-0.8810376085880175,-0.056973906786821585,-0.09535037375600017,-0.343873289490733,-0.9028894895340885,0.2787135816678868,2015,2,10,7,0.5968962492790588,-2.3029143654438538,-2.2705665515301203,-0.04813643556426811,0.13754813922123504
702,1,1,4,-0.11235407064388901,0.16555842048575076,0.3297771512713514,-0.6744204478398076,-0.8810376085880175,-0.056973906786821585,-0.09535037375600017,-0.343873289490733,-0.044708945957236956,-0.028796625575899674,2015,2,10,7,-0.17474450547448517,-0.6121861969638142,-0.5813318144900427,-0.04813643556426811,-0.1673305155457917
703,1,1,4,1.3276590745996222,0.7162856383670065,-0.47262688687646487,-0.41931547076529363,0.2346537378297212,-0.056973906786821585,-0.09535037375600017,-0.343873289490733,0.8586389946499753,-0.029792659609798034,2015,2,10,7,-0.6707985507299242,-0.5121043222001864,-0.3640135338329203,-0.04813643556426811,-0.17226428951760597
704,1,1,4,-0.40035669969259124,0.16555842048575076,1.3681283722612605,0.7286569260700192,0.5956127028472249,-0.056973906786821585,-0.09535037375600017,-0.343873289490733,1.0393085827714177,-0.031746595474000716,2015,2,10,7,-0.17739682164251905,-0.39066177420756276,-0.3296463076340171,-0.04813643556426811,-0.165908700304794
705,1,0,4,0.46365118745351547,-4.240259322564292,-1.0142955167474164,-1.1117432656818316,-0.8810376085880175,-0.056973906786821585,-0.09535037375600017,-0.343873289490733,-1.219061268746613,-0.3434503749131618,2015,2,10,7,3.503618590226104,0.59222318764601,0.44340039910525364,-0.04813643556426811,0.13754813922123504
706,1,1,4,-0.6883593287412935,-0.385168797395505,1.3681283722612605,0.7286569260700192,0.4315404460210869,-0.056973906786821585,-0.09535037375600017,2.0031654875755347,1.0393085827714177,-0.3645445224684914,2015,2,10,7,0.01854327323072335,-0.39066177420756276,-0.34632150737272877,-0.04813643556426811,-0.165908700304794
707,1,0,4,0.7516538165022177,0.7162856383670065,-1.0335752476411284,-1.1117432656818316,-0.8810376085880175,-0.056973906786821585,-0.09535037375600017,-0.343873289490733,-1.219061268746613,-0.4389370057975425,2015,2,10,7,-1.038659987265925,0.59222318764601,0.44340039910525364,-0.04813643556426811,-0.035658637342944915
708,1,0,4,-0.11235407064388901,0.16555842048575076,-1.1290558196861773,-1.1117432656818316,-0.8810376085880175,-0.056973906786821585,-0.09535037375600017,-0.343873289490733,-1.219061268746613,-0.8482052632466227,2015,2,10,7,-0.9114743206904641,0.59222318764601,0.44340039910525364,-0.04813643556426811,-0.13067560996938027
709,1,1,4,0.17564855840481322,-2.588077668920526,1.3681283722612605,0.7104351419932682,-0.12630522718778248,-0.056973906786821585,-0.09535037375600017,2.0031654875755347,1.0393085827714177,-1.701523613666264,2015,2,10,7,0.7971002199380239,-0.3925233373870211,-0.4030171864843486,-0.04813643556426811,-0.165908700304794
710,1,1,4,0.46365118745351547,-2.588077668920526,1.3681283722612605,0.7104351419932682,0.10339593236881078,-0.056973906786821585,-0.09535037375600017,2.0031654875755347,1.0393085827714177,-2.4191562490870813,2015,2,10,7,0.15187714737018035,-0.3925233373870211,-0.3796719068501522,-0.04813643556426811,-0.165908700304794
711,1,0,5,-0.6883593287412935,-0.385168797395505,-1.0142955167474164,-0.8566382886073175,-0.8810376085880175,-0.056973906786821585,-0.09535037375600017,-0.343873289490733,-0.9028894895340885,1.8604740536086364,2015,2,11,7,2.019056141956603,-2.3029143654438538,-2.2705665515301203,-0.04813643556426811,0.13754813922123504
712,1,0,5,1.6156617036483245,0.7162856383670065,-1.0207220937119872,-1.0752996975283295,-0.8810376085880175,-0.056973906786821585,-0.09535037375600017,-0.343873289490733,-1.1738938717162524,1.7724497792126843,2015,2,11,7,0.9495965462786105,0.8231918837287593,0.6599156410601394,-0.04813643556426811,0.044001278929796744
713,1,1,5,-1.264364586838698,0.7162856383670065,0.672221895240614,-1.4032918109098473,2.072263014282467,-0.056973906786821585,-0.09535037375600017,-0.343873289490733,1.0167248842562375,1.640937021333034,2015,2,11,7,0.831353504459282,-0.6100700663034668,-0.17721104637922117,-0.04813643556426811,-0.16666646562739137
714,1,1,5,-1.5523672158874002,0.7162856383670065,0.672221895240614,-1.4032918109098473,2.8269953956827023,-0.056973906786821585,-0.09535037375600017,-0.343873289490733,0.9941411857410571,1.6390692927527581,2015,2,11,7,0.8296742308117259,-0.6117118287948378,-0.09635585178123812,-0.04813643556426811,-0.16666646562739137
715,1,0,5,0.46365118745351547,-4.240259322564292,-1.0142955167474164,-0.9659689930678235,-0.8810376085880175,-0.056973906786821585,-0.09535037375600017,-0.343873289490733,-1.0383916806251705,1.6009920292402573,2015,2,11,7,5.251865590870634,4.776884046775083,4.366195452201379,-0.04813643556426811,0.13754813922123504
716,1,0,5,-1.264364586838698,0.7162856383670065,-1.0335752476411284,-0.7473075841468115,-0.8810376085880175,-0.056973906786821585,-0.09535037375600017,-0.343873289490733,-0.7673872984430068,1.0500659073556555,2015,2,11,7,0.30010163987747024,-1.1344254664578182,-1.1751988199873205,-0.04813643556426811,-0.035658637342944915
717,1,0,5,-0.40035669969259124,-0.385168797395505,-1.0142955167474164,-1.3304046746028435,-0.8810376085880175,-0.056973906786821585,-0.09535037375600017,-0.343873289490733,-1.4900656509287766,0.7687946574228687,2015,2,11,7,1.03752785087917,0.10048449021682401,-0.017566497526988797,-0.04813643556426811,0.13754813922123504
718,1,1,5,1.0396564455509198,0.7162856383670065,0.672221895240614,-1.4032918109098473,1.5800462438040532,-0.056973906786821585,-0.09535037375600017,-0.343873289490733,0.9489737887106965,0.637413411819343,2015,2,11,7,-0.07091397163606987,-0.6151094971365723,-0.22215199382710363,-0.04813643556426811,-0.16666646562739137
719,1,1,5,-0.11235407064388901,0.7162856383670065,0.3297771512713514,-0.34642833445828963,0.36591154329063164,-0.056973906786821585,-0.09535037375600017,-0.343873289490733,-0.044708945957236956,0.3067618548310733,2015,2,11,7,-0.3682025884284327,-0.5406546657544038,-0.31079157306278693,-0.04813643556426811,-0.1673305155457917
720,1,1,5,1.6156617036483245,0.7162856383670065,0.005694055772290578,-0.16421049369077967,0.7596849596733629,-0.056973906786821585,-0.09535037375600017,-0.343873289490733,-0.044708945957236956,0.30311180203035354,2015,2,11,7,-0.37148434871478625,-0.5009149261936203,-0.22535781261207458,-0.04813643556426811,-0.16837546341231724
721,1,1,5,0.7516538165022177,0.7162856383670065,1.2781562947572718,-0.41931547076529363,0.7596849596733629,-0.056973906786821585,-0.09535037375600017,-0.343873289490733,1.0393085827714177,0.3013867396801233,2015,2,11,7,-0.3730353512403806,-0.5079402545134363,-0.3129711078953054,-0.04813643556426811,-0.1659806124073263
722,1,1,5,-0.40035669969259124,0.16555842048575076,1.3681283722612605,0.8379876305305252,0.9565716678647286,-0.056973906786821585,-0.09535037375600017,-0.343873289490733,1.1070596783169586,-0.03141132113505017,2015,2,11,7,-0.17709537668523395,-0.38224512742702244,-0.2960868964147075,-0.04813643556426811,-0.165908700304794
723,1,1,5,0.46365118745351547,-1.4866232331580154,1.3681283722612605,-0.018436221076771703,0.10339593236881078,-0.056973906786821585,-0.09535037375600017,2.0031654875755347,1.0393085827714177,-0.2722600398681127,2015,2,11,7,1.091833219552992,-0.46698586456535346,-0.3796719068501522,-0.04813643556426811,-0.165908700304794
724,1,1,5,-0.6883593287412935,-0.385168797395505,1.3681283722612605,0.40066481268850124,0.4315404460210869,-0.056973906786821585,-0.09535037375600017,2.0031654875755347,1.1070596783169586,-0.36474410263497603,2015,2,11,7,0.018363830822606966,-0.42548606806072586,-0.34773175989383986,-0.04813643556426811,-0.165908700304794
725,1,0,5,-1.5523672158874002,0.7162856383670065,-1.0335752476411284,-0.9659689930678235,-0.8810376085880175,-0.056973906786821585,-0.09535037375600017,-0.343873289490733,-1.0383916806251705,-0.9149297411527901,2015,2,11,7,-1.466624770453064,4.776884046775083,4.366195452201379,-0.04813643556426811,-0.035658637342944915
726,1,1,5,0.17564855840481322,-1.4866232331580154,1.3681283722612605,-0.3828719026117916,-0.12630522718778248,-0.056973906786821585,-0.09535037375600017,2.0031654875755347,1.0393085827714177,-1.0373127569081138,2015,2,11,7,0.40397478001106185,-0.5042171281545197,-0.4030171864843486,-0.04813643556426811,-0.165908700304794
727,1,0,5,0.7516538165022177,0.7162856383670065,-1.0335752476411284,-1.1117432656818316,-0.8810376085880175,-0.056973906786821585,-0.09535037375600017,-0.343873289490733,-1.219061268746613,-1.427537300760511,2015,2,11,7,-1.9275099201893902,0.59222318764601,0.44340039910525364,-0.04813643556426811,-0.035658637342944915
728,1,1,5,-0.9763619577899957,0.7162856383670065,0.672221895240614,0.6739915738397662,-0.8810376085880175,-0.056973906786821585,-0.09535037375600017,2.0031654875755347,0.9941411857410571,-1.4599770802911576,2015,2,11,7,-1.9566765065304828,-0.3946868734968015,-0.48175125261248053,-0.04813643556426811,-0.16666646562739137
729,1,1,5,1.3276590745996222,-4.240259322564292,-0.347767677279093,-0.41931547076529363,-0.8810376085880175,-0.056973906786821585,-0.09535037375600017,2.0031654875755347,0.7683042005892541,-1.6540072213015928,2015,2,11,7,2.3252977148025535,-0.5145054415805512,-0.4934461246145213,-0.04813643556426811,-0.17069904109654632
731,1,0,3,-0.6883593287412935,-0.385168797395505,-1.0142955167474164,-0.8566382886073175,-0.8810376085880175,-0.056973906786821585,-0.09535037375600017,-0.343873289490733,-0.9028894895340885,2.2852060269811805,2015,2,12,7,2.4009324047557943,-2.3029143654438538,-2.2705665515301203,-0.04813643556426811,0.13754813922123504
732,1,1,3,-1.264364586838698,0.7162856383670065,0.672221895240614,-1.4032918109098473,2.8269953956827023,-0.056973906786821585,-0.09535037375600017,-0.343873289490733,1.0167248842562375,1.640937021333034,2015,2,12,7,0.831353504459282,-0.6100700663034668,-0.09964615898409729,-0.04813643556426811,-0.16666646562739137
733,1,0,3,1.6156617036483245,0.7162856383670065,-1.0207220937119872,-1.0752996975283295,-0.8810376085880175,-0.056973906786821585,-0.09535037375600017,-0.343873289490733,-1.1738938717162524,0.5591422564348967,2015,2,12,7,-0.1412875205493981,0.8231918837287593,0.6599156410601394,-0.04813643556426811,0.044001278929796744
734,1,1,3,1.6156617036483245,0.7162856383670065,0.005694055772290578,-0.16421049369077967,0.7596849596733629,-0.056973906786821585,-0.09535037375600017,-0.343873289490733,-0.044708945957236956,0.30311180203035354,2015,2,12,7,-0.37148434871478625,-0.5009149261936203,-0.22535781261207458,-0.04813643556426811,-0.16837546341231724
735,1,0,3,0.46365118745351547,-4.240259322564292,-1.0142955167474164,-0.9659689930678235,-0.8810376085880175,-0.056973906786821585,-0.09535037375600017,-0.343873289490733,-1.0383916806251705,0.0025783160167324034,2015,2,12,7,3.814732778932827,4.776884046775083,4.366195452201379,-0.04813643556426811,0.13754813922123504
736,1,1,3,-0.40035669969259124,0.16555842048575076,1.3681283722612605,0.7468787101467701,0.9565716678647286,-0.056973906786821585,-0.09535037375600017,-0.343873289490733,1.0844759798017785,-0.028780393127063264,2015,2,12,7,-0.17472991088946133,-0.3904535622947884,-0.29506746575812043,-0.04813643556426811,-0.165908700304794
737,1,1,3,-0.11235407064388901,0.7162856383670065,0.3297771512713514,-0.20065406184428167,-0.8810376085880175,-0.056973906786821585,-0.09535037375600017,-0.343873289490733,-0.08987634298759757,-0.4488552796048545,2015,2,12,7,-1.047577501303968,-0.5110346086332175,-0.5908182320395923,-0.04813643556426811,-0.1673305155457917
738,1,0,3,-1.5523672158874002,0.7162856383670065,-1.0335752476411284,-0.9659689930678235,-0.8810376085880175,-0.056973906786821585,-0.09535037375600017,-0.343873289490733,-1.0383916806251705,-0.603703721624704,2015,2,12,7,-1.1868016427531694,4.776884046775083,4.366195452201379,-0.04813643556426811,-0.035658637342944915
739,1,0,3,0.7516538165022177,0.7162856383670065,-1.0335752476411284,-1.1117432656818316,-0.8810376085880175,-0.056973906786821585,-0.09535037375600017,-0.343873289490733,-1.219061268746613,-0.6586259580034131,2015,2,12,7,-1.2361821925769492,0.59222318764601,0.44340039910525364,-0.04813643556426811,-0.035658637342944915
740,1,1,3,-0.6883593287412935,-0.385168797395505,1.3681283722612605,0.7468787101467701,-0.8810376085880175,-0.056973906786821585,-0.09535037375600017,2.0031654875755347,1.0844759798017785,-0.7854531920931925,2015,2,12,7,-0.3598954594593521,-0.3904535622947884,-0.4777828516355541,-0.04813643556426811,-0.165908700304794
741,1,0,3,-1.264364586838698,0.7162856383670065,-1.0335752476411284,-0.7473075841468115,-0.8810376085880175,-0.056973906786821585,-0.09535037375600017,-0.343873289490733,-0.7673872984430068,-1.0247742206012425,2015,2,12,7,-1.5653858761165285,-1.1344254664578182,-1.1751988199873205,-0.04813643556426811,-0.035658637342944915
742,1,0,3,-0.40035669969259124,-0.385168797395505,-1.0142955167474164,-1.3304046746028435,-0.8810376085880175,-0.056973906786821585,-0.09535037375600017,-0.343873289490733,-1.4900656509287766,-1.171605244704108,2015,2,12,7,-0.7070845386152789,0.10048449021682401,-0.017566497526988797,-0.04813643556426811,0.13754813922123504
743,1,1,3,0.17564855840481322,-0.9358960152767596,1.3681283722612605,0.7468787101467701,-0.8810376085880175,-0.056973906786821585,-0.09535037375600017,2.0031654875755347,1.0844759798017785,-1.4681654875857237,2015,2,12,7,-0.4785631636664158,-0.3904535622947884,-0.4777828516355541,-0.04813643556426811,-0.165908700304794
744,1,1,3,1.3276590745996222,-2.588077668920526,-0.347767677279093,-0.7108640159933096,-0.8810376085880175,-0.056973906786821585,-0.09535037375600017,4.350204264641802,0.9038063916803359,-1.7060625703531827,2015,2,12,7,0.7930192467001378,-0.5428941513660106,-0.48609625142684204,-0.04813643556426811,-0.17069904109654632
745,1,1,3,0.7516538165022177,0.7162856383670065,1.2781562947572718,0.7104351419932682,-0.8810376085880175,-0.056973906786821585,-0.09535037375600017,-0.343873289490733,1.0393085827714177,-1.7210391321536327,2015,2,12,7,-2.19139724095583,-0.3925233373870211,-0.4797231052824223,-0.04813643556426811,-0.1659806124073263
746,1,1,3,0.46365118745351547,-0.9358960152767596,1.3681283722612605,0.7468787101467701,-0.8810376085880175,-0.056973906786821585,-0.09535037375600017,2.0031654875755347,1.0844759798017785,-1.9517533630020132,2015,2,12,7,-0.913356732732133,-0.3904535622947884,-0.4777828516355541,-0.04813643556426811,-0.165908700304794
747,1,1,3,1.0396564455509198,0.7162856383670065,0.672221895240614,0.4188865967652522,-0.8810376085880175,-0.056973906786821585,-0.09535037375600017,-0.343873289490733,0.6779694065285329,-2.0990361055110593,2015,2,12,7,-2.5312540932407135,-0.41309294465907226,-0.49900551701595663,-0.04813643556426811,-0.16666646562739137
749,1,1,1,-1.5523672158874002,0.7162856383670065,0.672221895240614,0.6739915738397662,2.8269953956827023,-0.056973906786821585,-0.09535037375600017,-0.343873289490733,0.9941411857410571,1.640170770793752,2015,2,14,7,0.8306645690584799,-0.3946868734968015,-0.09635585178123812,-0.04813643556426811,-0.16666646562739137
750,1,0,1,0.17564855840481322,-0.385168797395505,-1.0142955167474164,-0.8566382886073175,-0.8810376085880175,-0.056973906786821585,-0.09535037375600017,-0.343873289490733,-0.9028894895340885,1.1654242940763329,2015,2,14,7,1.3941373195705542,-2.3029143654438538,-2.2705665515301203,-0.04813643556426811,0.13754813922123504
751,1,0,1,-0.6883593287412935,0.16555842048575076,-1.0142955167474164,-0.6744204478398076,-0.8810376085880175,-0.056973906786821585,-0.09535037375600017,-0.343873289490733,-0.6770525043822855,0.9890412002682003,2015,2,14,7,0.7403928739477845,-0.9001819129513027,-0.9556136531486727,-0.04813643556426811,0.13754813922123504
752,1,0,1,1.6156617036483245,0.7162856383670065,-1.0207220937119872,-1.0752996975283295,-0.8810376085880175,-0.056973906786821585,-0.09535037375600017,-0.343873289490733,-1.1738938717162524,0.30636985390463894,2015,2,14,7,-0.3685550362265392,0.8231918837287593,0.6599156410601394,-0.04813643556426811,0.044001278929796744
753,1,1,1,1.6156617036483245,0.7162856383670065,0.005694055772290578,-0.16421049369077967,1.186272827421322,-0.056973906786821585,-0.09535037375600017,-0.343873289490733,-0.044708945957236956,0.30311180203035354,2015,2,14,7,-0.37148434871478625,-0.5009149261936203,-0.1328045721238029,-0.04813643556426811,-0.16837546341231724
754,1,1,1,-1.264364586838698,0.7162856383670065,0.672221895240614,-0.29176298222803665,1.186272827421322,-0.056973906786821585,-0.09535037375600017,-0.343873289490733,0.9941411857410571,0.302930869776031,2015,2,14,7,-0.3716470247962498,-0.49558444043360783,-0.2668847902021418,-0.04813643556426811,-0.16666646562739137
755,1,0,1,-1.5523672158874002,0.7162856383670065,-1.0335752476411284,-0.9659689930678235,-0.8810376085880175,-0.056973906786821585,-0.09535037375600017,-0.343873289490733,-1.0383916806251705,0.27505209388981233,2015,2,14,7,-0.3967128154931684,4.776884046775083,4.366195452201379,-0.04813643556426811,-0.035658637342944915
756,1,1,1,-0.6883593287412935,0.16555842048575076,1.3681283722612605,0.7651004942235211,-0.8810376085880175,-0.056973906786821585,-0.09535037375600017,2.0031654875755347,1.0844759798017785,-0.03150550413167912,2015,2,14,7,-0.1771800565610773,-0.3886323363339109,-0.4777828516355541,-0.04813643556426811,-0.165908700304794
757,1,1,1,-0.40035669969259124,0.16555842048575076,1.3681283722612605,0.7651004942235211,0.9565716678647286,-0.056973906786821585,-0.09535037375600017,-0.343873289490733,1.0844759798017785,-0.03150550413167912,2015,2,14,7,-0.1771800565610773,-0.3886323363339109,-0.29506746575812043,-0.04813643556426811,-0.165908700304794
758,1,0,1,0.46365118745351547,-0.385168797395505,-1.0142955167474164,-1.1117432656818316,-0.8810376085880175,-0.056973906786821585,-0.09535037375600017,-0.343873289490733,-1.219061268746613,-0.19722339729982888,2015,2,14,7,0.16898159662654566,0.59222318764601,0.44340039910525364,-0.04813643556426811,0.13754813922123504
759,1,1,1,0.46365118745351547,-0.385168797395505,1.3681283722612605,0.16378161969073826,-0.8810376085880175,-0.056973906786821585,-0.09535037375600017,2.0031654875755347,1.129643376832139,-0.3673019578590625,2015,2,14,7,0.01606406472306078,-0.4490799743046261,-0.47592489928641585,-0.04813643556426811,-0.165908700304794
760,1,1,1,0.17564855840481322,-0.385168797395505,1.3681283722612605,0.7833222783002721,-0.8810376085880175,-0.056973906786821585,-0.09535037375600017,2.0031654875755347,1.129643376832139,-1.0244024935082683,2015,2,14,7,-0.5747346332053549,-0.3884715825154907,-0.47592489928641585,-0.04813643556426811,-0.165908700304794
761,1,1,1,1.3276590745996222,-1.4866232331580154,-0.347767677279093,-0.7108640159933096,-0.12630522718778248,-0.056973906786821585,-0.09535037375600017,4.350204264641802,0.9038063916803359,-1.0347902771815534,2015,2,14,7,0.406242740021976,-0.5428941513660106,-0.40393083836915505,-0.04813643556426811,-0.17069904109654632
762,1,1,1,-0.11235407064388901,0.7162856383670065,0.3297771512713514,-0.16421049369077967,-0.8810376085880175,-0.056973906786821585,-0.09535037375600017,-0.343873289490733,-0.044708945957236956,-1.3238098717842066,2015,2,14,7,-1.834248650940664,-0.5009149261936203,-0.5813318144900427,-0.04813643556426811,-0.1673305155457917
763,1,1,1,-0.9763619577899957,-2.588077668920526,1.3681283722612605,0.7104351419932682,0.10339593236881078,-0.056973906786821585,-0.09535037375600017,2.0031654875755347,1.0393085827714177,-1.701523613666264,2015,2,14,7,0.7971002199380239,-0.3925233373870211,-0.3796719068501522,-0.04813643556426811,-0.165908700304794
764,1,0,1,-0.11235407064388901,0.7162856383670065,-1.1290558196861773,-1.1117432656818316,-0.8810376085880175,-0.056973906786821585,-0.09535037375600017,-0.343873289490733,-1.219061268746613,-1.8184052143101115,2015,2,14,7,-2.2789390270899816,0.59222318764601,0.44340039910525364,-0.04813643556426811,-0.13067560996938027
766,2,0,2,-1.5523672158874002,0.7162856383670065,-1.0335752476411284,-1.1117432656818316,-0.8810376085880175,-0.056973906786821585,-0.09535037375600017,-0.343873289490733,-1.219061268746613,2.4444805211777814,2015,2,15,7,1.5538189837608474,0.59222318764601,0.44340039910525364,-0.04813643556426811,-0.035658637342944915
767,2,0,2,-1.264364586838698,0.7162856383670065,-1.0335752476411284,-1.1117432656818316,-0.8810376085880175,-0.056973906786821585,-0.09535037375600017,-0.343873289490733,-1.219061268746613,2.3620971632642007,2015,2,15,7,1.4797481560172254,0.59222318764601,0.44340039910525364,-0.04813643556426811,-0.035658637342944915
768,2,1,2,-1.5523672158874002,0.7162856383670065,0.672221895240614,0.6739915738397662,2.8269953956827023,-0.056973906786821585,-0.09535037375600017,-0.343873289490733,0.9941411857410571,1.640170770793752,2015,2,15,7,0.8306645690584799,-0.3946868734968015,-0.09635585178123812,-0.04813643556426811,-0.16666646562739137
769,2,0,2,1.6156617036483245,0.7162856383670065,-1.0207220937119872,-1.0752996975283295,-0.8810376085880175,-0.056973906786821585,-0.09535037375600017,-0.343873289490733,-1.1738938717162524,0.8119146522741196,2015,2,15,7,0.08597998911183756,0.8231918837287593,0.6599156410601394,-0.04813643556426811,0.044001278929796744
770,2,1,2,1.6156617036483245,0.7162856383670065,0.005694055772290578,-0.9659689930678235,0.7596849596733629,-0.056973906786821585,-0.09535037375600017,-0.343873289490733,-0.044708945957236956,0.3058172882318207,2015,2,15,7,-0.3690518476919239,-0.6757697802610678,-0.22535781261207458,-0.04813643556426811,-0.16837546341231724
771,2,0,2,-0.40035669969259124,0.16555842048575076,-1.0142955167474164,-1.3304046746028435,-0.8810376085880175,-0.056973906786821585,-0.09535037375600017,-0.343873289490733,-1.4900656509287766,0.03835676100104721,2015,2,15,7,-0.1143669358352422,0.10048449021682401,-0.017566497526988797,-0.04813643556426811,0.13754813922123504
772,2,1,2,-0.40035669969259124,0.7162856383670065,1.3681283722612605,0.7651004942235211,-0.8810376085880175,-0.056973906786821585,-0.09535037375600017,-0.343873289490733,1.1070596783169586,-0.21767369340349588,2015,2,15,7,-0.8397222756529226,-0.389451950865973,-0.4768439185916707,-0.04813643556426811,-0.165908700304794
773,2,0,2,1.3276590745996222,-1.4866232331580154,-1.1290558196861773,-1.0388561293748275,-0.8810376085880175,-0.056973906786821585,-0.09535037375600017,-0.343873289490733,-1.1287264746858916,-0.26608529260853003,2015,2,15,7,1.0973849311147463,1.2162446394116861,1.0283721199729092,-0.04813643556426811,-0.13067560996938027
774,2,1,2,0.17564855840481322,-0.385168797395505,1.3681283722612605,0.7468787101467701,-0.8810376085880175,-0.056973906786821585,-0.09535037375600017,2.0031654875755347,1.0844759798017785,-0.3644472749782244,2015,2,15,7,0.018630708390960735,-0.3904535622947884,-0.4777828516355541,-0.04813643556426811,-0.165908700304794
775,2,1,2,0.46365118745351547,-0.385168797395505,1.3681283722612605,0.3824430286117502,0.4315404460210869,0.09626392440479588,3.6688298863676305,2.0031654875755347,1.0844759798017785,-0.3648465222946381,2015,2,15,7,0.018271745367965175,-0.4268780815123386,-0.3472718617231015,-0.023487377083416854,-0.1610112758013852
776,2,1,2,-0.11235407064388901,0.16555842048575076,0.3297771512713514,-0.16421049369077967,-0.8810376085880175,-0.056973906786821585,-0.09535037375600017,-0.343873289490733,-0.044708945957236956,-0.49180929666309803,2015,2,15,7,-0.5910389206546734,-0.5009149261936203,-0.5813318144900427,-0.04813643556426811,-0.1673305155457917
777,2,1,2,1.3276590745996222,-0.9358960152767596,-0.347767677279093,-0.6015333115328035,-0.12630522718778248,-0.056973906786821585,-0.09535037375600017,4.350204264641802,0.8134715976196146,-0.7017359497586168,2015,2,15,7,0.21053317462033802,-0.5342088715563664,-0.40461579280784854,-0.04813643556426811,-0.17069904109654632
778,2,0,2,0.46365118745351547,-0.385168797395505,-1.0142955167474164,-1.1117432656818316,-0.8810376085880175,-0.056973906786821585,-0.09535037375600017,-0.343873289490733,-1.219061268746613,-1.0029354278558864,2015,2,15,7,-0.555433607338376,0.59222318764601,0.44340039910525364,-0.04813643556426811,0.13754813922123504
779,2,0,2,-0.11235407064388901,0.7162856383670065,-1.1290558196861773,-1.1117432656818316,-0.8810376085880175,-0.056973906786821585,-0.09535037375600017,-0.343873289490733,-1.219061268746613,-1.0099052506298485,2015,2,15,7,-1.552017194123358,0.59222318764601,0.44340039910525364,-0.04813643556426811,-0.13067560996938027
780,2,1,2,-0.6883593287412935,0.16555842048575076,1.3681283722612605,0.7651004942235211,-0.8810376085880175,-0.056973906786821585,-0.09535037375600017,2.0031654875755347,1.1070596783169586,-1.0469683340238487,2015,2,15,7,-1.090182078545844,-0.389451950865973,-0.4768439185916707,-0.04813643556426811,-0.165908700304794
781,2,1,2,-0.9763619577899957,-1.4866232331580154,1.3681283722612605,0.7104351419932682,0.10339593236881078,-0.056973906786821585,-0.09535037375600017,2.0031654875755347,1.0393085827714177,-1.8693570512463271,2015,2,15,7,-0.3441157465445424,-0.3925233373870211,-0.3796719068501522,-0.04813643556426811,-0.165908700304794
782,2,1,2,-1.264364586838698,0.7162856383670065,0.672221895240614,0.6922133579165172,-0.8810376085880175,-0.056973906786821585,-0.09535037375600017,-0.343873289490733,1.0167248842562375,-2.1610559767979733,2015,2,15,7,-2.587016122358215,-0.39359299158155997,-0.4807258231427495,-0.04813643556426811,-0.16666646562739137
785,2,1,0,-1.5523672158874002,0.7162856383670065,0.672221895240614,0.6739915738397662,2.8269953956827023,-0.056973906786821585,-0.09535037375600017,-0.343873289490733,0.9941411857410571,1.640170770793752,2015,2,16,8,0.8306645690584799,-0.3946868734968015,-0.09635585178123812,-0.04813643556426811,-0.16666646562739137
786,2,0,0,0.7516538165022177,0.7162856383670065,-1.0335752476411284,-1.0388561293748275,-0.8810376085880175,-0.056973906786821585,-0.09535037375600017,-0.343873289490733,-1.1287264746858916,1.3738871763960283,2015,2,16,8,0.591249148867955,1.2162446394116861,1.0283721199729092,-0.04813643556426811,-0.035658637342944915
787,2,0,0,1.6156617036483245,0.7162856383670065,-1.0207220937119872,-1.0752996975283295,-0.8810376085880175,-0.056973906786821585,-0.09535037375600017,-0.343873289490733,-1.1738938717162524,0.9130236186390501,2015,2,16,8,0.1768870001954179,0.8231918837287593,0.6599156410601394,-0.04813643556426811,0.044001278929796744
788,2,0,0,-0.9763619577899957,-2.588077668920526,-1.0142955167474164,-1.1117432656818316,-0.8810376085880175,-0.056973906786821585,-0.09535037375600017,-0.343873289490733,-1.219061268746613,0.7325515535723363,2015,2,16,8,2.985575744529835,0.59222318764601,0.44340039910525364,-0.04813643556426811,0.13754813922123504
789,2,1,0,-0.9763619577899957,-0.9358960152767596,1.3681283722612605,-1.2210739701423374,1.186272827421322,-0.056973906786821585,-0.09535037375600017,2.0031654875755347,1.0393085827714177,0.31543239128201095,2015,2,16,8,1.125068620656899,-0.5898490344096018,-0.26961558857465495,-0.04813643556426811,-0.165908700304794
790,2,1,0,-0.40035669969259124,0.7162856383670065,1.3681283722612605,-1.4032918109098473,-0.8810376085880175,-0.056973906786821585,-0.09535037375600017,-0.343873289490733,1.0844759798017785,0.30698210360203354,2015,2,16,8,-0.368004562890415,-0.6053582256783343,-0.4777828516355541,-0.04813643556426811,-0.165908700304794
791,2,1,0,1.6156617036483245,0.7162856383670065,0.005694055772290578,-0.27354119815128564,0.36591154329063164,-0.056973906786821585,-0.09535037375600017,-0.343873289490733,-0.044708945957236956,0.3025123790454152,2015,2,16,8,-0.37202328956142555,-0.5247587699300904,-0.31079157306278693,-0.04813643556426811,-0.16837546341231724
792,2,0,0,-0.11235407064388901,0.7162856383670065,-1.1290558196861773,-1.1117432656818316,-0.8810376085880175,-0.056973906786821585,-0.09535037375600017,-0.343873289490733,-1.219061268746613,0.12199468781686486,2015,2,16,8,-0.5343266375955328,0.59222318764601,0.44340039910525364,-0.04813643556426811,-0.13067560996938027
793,2,1,0,-0.11235407064388901,0.16555842048575076,0.3297771512713514,-0.20065406184428167,-0.8810376085880175,-0.056973906786821585,-0.09535037375600017,-0.343873289490733,-0.08987634298759757,-0.029773509870074336,2015,2,16,8,-0.17562282155811898,-0.5110346086332175,-0.5908182320395923,-0.04813643556426811,-0.1673305155457917
794,2,1,0,-0.6883593287412935,0.16555842048575076,1.3681283722612605,0.7286569260700192,-0.8810376085880175,-0.056973906786821585,-0.09535037375600017,2.0031654875755347,1.0393085827714177,-0.031746595474000716,2015,2,16,8,-0.17739682164251905,-0.39066177420756276,-0.4797231052824223,-0.04813643556426811,-0.165908700304794
795,2,0,0,-0.6883593287412935,0.16555842048575076,-1.0142955167474164,-0.8566382886073175,-0.8810376085880175,-0.056973906786821585,-0.09535037375600017,-0.343873289490733,-0.9028894895340885,-0.21924805359167193,2015,2,16,8,-0.34597927030260855,-2.3029143654438538,-2.2705665515301203,-0.04813643556426811,0.13754813922123504
796,2,1,0,0.17564855840481322,-0.385168797395505,1.3681283722612605,-1.2210739701423374,0.10339593236881078,-0.056973906786821585,-0.09535037375600017,2.0031654875755347,1.0844759798017785,-0.36560401427022343,2015,2,16,8,0.01759068478653544,-0.5871459660695593,-0.3798996092012146,-0.04813643556426811,-0.165908700304794
797,2,0,0,-0.40035669969259124,0.16555842048575076,-1.0142955167474164,-1.0388561293748275,-0.8810376085880175,-0.056973906786821585,-0.09535037375600017,-0.343873289490733,-1.1287264746858916,-0.8409566384618962,2015,2,16,8,-0.9049570864892214,1.2162446394116861,1.0283721199729092,-0.04813643556426811,0.13754813922123504
798,2,1,0,0.46365118745351547,-0.385168797395505,1.3681283722612605,0.7468787101467701,0.004952578273127956,0.09626392440479588,3.6688298863676305,4.350204264641802,1.0844759798017785,-0.890770825626529,2015,2,16,8,-0.45458648067260254,-0.3904535622947884,-0.3896879334446486,-0.023487377083416854,-0.1610112758013852
799,2,1,0,1.3276590745996222,-0.385168797395505,-0.347767677279093,-0.7473075841468115,0.10339593236881078,-0.056973906786821585,-0.09535037375600017,4.350204264641802,0.8586389946499753,-1.2654655862843114,2015,2,16,8,-0.7914743154976156,-0.5488696284500961,-0.3786504280526013,-0.04813643556426811,-0.17069904109654632
800,2,1,0,1.0396564455509198,-1.4866232331580154,0.27744645313127636,0.20022518784424026,-0.8810376085880175,-0.056973906786821585,-0.09535037375600017,2.0031654875755347,0.40696502434636916,-2.674223964043633,2015,2,16,8,-1.0677711056388868,-0.4354537226074893,-0.5199670123610508,-0.04813643556426811,-0.16746335220731307
803,2,1,4,-1.5523672158874002,0.7162856383670065,0.672221895240614,0.6739915738397662,2.8269953956827023,-0.056973906786821585,-0.09535037375600017,-0.343873289490733,0.9941411857410571,1.640170770793752,2015,2,17,8,0.8306645690584799,-0.3946868734968015,-0.09635585178123812,-0.04813643556426811,-0.16666646562739137
804,2,0,4,1.0396564455509198,0.7162856383670065,-1.0335752476411284,-1.1117432656818316,-0.8810376085880175,-0.056973906786821585,-0.09535037375600017,-0.343873289490733,-1.219061268746613,1.1538079160953618,2015,2,17,8,0.39337601778273634,0.59222318764601,0.44340039910525364,-0.04813643556426811,-0.035658637342944915
805,2,0,4,0.17564855840481322,-0.385168797395505,-0.9243234392434279,-1.0388561293748275,-0.8810376085880175,-0.056973906786821585,-0.09535037375600017,-0.343873289490733,-1.1287264746858916,1.0615274012782312,2015,2,17,8,1.3007236855011772,1.2162446394116861,1.0283721199729092,-0.04813643556426811,-0.22106772551388623
806,2,0,4,1.6156617036483245,0.7162856383670065,-0.9243234392434279,-1.0752996975283295,-0.8810376085880175,-0.056973906786821585,-0.09535037375600017,-0.343873289490733,-1.1738938717162524,0.9862532671439952,2015,2,17,8,0.24272773329379058,0.8231918837287593,0.6599156410601394,-0.04813643556426811,-0.22106772551388623
807,2,1,4,1.6156617036483245,0.7162856383670065,0.005694055772290578,-0.16421049369077967,0.36591154329063164,-0.056973906786821585,-0.09535037375600017,-0.343873289490733,-0.044708945957236956,0.30311180203035354,2015,2,17,8,-0.37148434871478625,-0.5009149261936203,-0.31079157306278693,-0.04813643556426811,-0.16837546341231724
808,2,0,4,-0.9763619577899957,-2.588077668920526,-0.9243234392434279,-0.8566382886073175,-0.8810376085880175,-0.056973906786821585,-0.09535037375600017,-0.343873289490733,-0.9028894895340885,0.2107624097077311,2015,2,17,8,2.5164354378888993,-2.3029143654438538,-2.2705665515301203,-0.04813643556426811,-0.22106772551388623
809,2,1,4,-0.11235407064388901,0.16555842048575076,0.3297771512713514,-0.3828719026117916,-0.8810376085880175,-0.056973906786821585,-0.09535037375600017,-0.343873289490733,-0.08987634298759757,-0.029971939178686628,2015,2,17,8,-0.17580122923061184,-0.5527465423906853,-0.5908182320395923,-0.04813643556426811,-0.1673305155457917
810,2,1,4,-0.6883593287412935,0.16555842048575076,1.3681283722612605,0.7286569260700192,0.5956127028472249,-0.056973906786821585,-0.09535037375600017,2.0031654875755347,1.0393085827714177,-0.031746595474000716,2015,2,17,8,-0.17739682164251905,-0.39066177420756276,-0.3296463076340171,-0.04813643556426811,-0.165908700304794
811,2,0,4,-0.11235407064388901,0.7162856383670065,-1.1290558196861773,-1.1117432656818316,-0.8810376085880175,-0.056973906786821585,-0.09535037375600017,-0.343873289490733,-1.219061268746613,-0.03970529956636006,2015,2,17,8,-0.6797109993761332,0.59222318764601,0.44340039910525364,-0.04813643556426811,-0.13067560996938027
812,2,1,4,0.17564855840481322,-0.385168797395505,1.3681283722612605,-1.1481868338353334,0.10339593236881078,-0.056973906786821585,-0.09535037375600017,2.0031654875755347,1.0844759798017785,-0.3627381506713283,2015,2,17,8,0.020167381031341993,-0.5798610622260492,-0.3798996092012146,-0.04813643556426811,-0.165908700304794
813,2,1,4,1.3276590745996222,-0.385168797395505,-0.347767677279093,-0.36465011853504065,0.10339593236881078,-0.056973906786821585,-0.09535037375600017,4.350204264641802,0.9489737887106965,-0.3645726181208676,2015,2,17,8,0.01851801244650421,-0.5040822467445283,-0.37918484018554804,-0.04813643556426811,-0.17069904109654632
814,2,1,4,-0.9763619577899957,-0.385168797395505,1.3681283722612605,0.7104351419932682,0.7596849596733629,-0.056973906786821585,-0.09535037375600017,2.0031654875755347,1.0393085827714177,-0.36464345609936355,2015,2,17,8,0.018454322062478063,-0.3925233373870211,-0.3129711078953054,-0.04813643556426811,-0.165908700304794
815,2,0,4,-0.6883593287412935,0.16555842048575076,-0.9243234392434279,-1.1117432656818316,-0.8810376085880175,-0.056973906786821585,-0.09535037375600017,-0.343873289490733,-1.219061268746613,-0.6586259580034131,2015,2,17,8,-0.7410236809246565,0.59222318764601,0.44340039910525364,-0.04813643556426811,-0.22106772551388623
816,2,1,4,-0.40035669969259124,0.7162856383670065,1.3681283722612605,0.7651004942235211,-0.8810376085880175,-0.056973906786821585,-0.09535037375600017,-0.343873289490733,1.0844759798017785,-0.6802734206273855,2015,2,17,8,-1.2556454132530077,-0.3886323363339109,-0.4777828516355541,-0.04813643556426811,-0.165908700304794
817,2,1,4,0.7516538165022177,-0.9358960152767596,0.3297771512713514,0.27311232415124426,-0.8810376085880175,-0.056973906786821585,-0.09535037375600017,2.0031654875755347,0.7231368035588934,-0.7023362559600618,2015,2,17,8,0.20999343967426667,-0.432081306780444,-0.4961529585551664,-0.04813643556426811,-0.1673305155457917
818,2,1,4,0.46365118745351547,-1.4866232331580154,1.303862602615554,-1.4032918109098473,-0.12630522718778248,0.32612067119222204,11.197190406614892,4.350204264641802,1.0393085827714177,-1.0312079041912126,2015,2,17,8,0.4094636494313653,-0.6084646662041849,-0.4030171864843486,0.2103169087587781,-0.15337440009571918
819,2,0,4,0.7516538165022177,0.7162856383670065,-1.0335752476411284,-1.1117432656818316,-0.8810376085880175,-0.056973906786821585,-0.09535037375600017,-0.343873289490733,-1.219061268746613,-1.131180244512784,2015,2,17,8,-1.6610554684667607,0.59222318764601,0.44340039910525364,-0.04813643556426811,-0.035658637342944915
820,2,0,4,-1.264364586838698,0.7162856383670065,-0.9243234392434279,-0.8566382886073175,-0.8810376085880175,-0.056973906786821585,-0.09535037375600017,-0.343873289490733,-0.9028894895340885,-1.162237796900736,2015,2,17,8,-1.688979295211959,-2.3029143654438538,-2.2705665515301203,-0.04813643556426811,-0.22106772551388623
821,2,1,4,-1.264364586838698,-2.588077668920526,1.389244268001992,0.6375480056862641,-0.8810376085880175,-0.056973906786821585,-0.09535037375600017,2.0031654875755347,0.9489737887106965,-2.636463788639276,2015,2,17,8,-0.04350393125064575,-0.39695068934869643,-0.4838734044245111,-0.04813643556426811,-0.16589260768650577
823,2,0,5,1.6156617036483245,0.7162856383670065,-0.9243234392434279,-1.0388561293748275,-0.8810376085880175,-0.056973906786821585,-0.09535037375600017,-0.343873289490733,-1.1287264746858916,1.5837626163161989,2015,2,18,8,0.7799480311622539,1.2162446394116861,1.0283721199729092,-0.04813643556426811,-0.22106772551388623
824,2,0,5,-0.11235407064388901,0.7162856383670065,-1.1290558196861773,-0.9659689930678235,-0.8810376085880175,-0.056973906786821585,-0.09535037375600017,-0.343873289490733,-1.0383916806251705,1.2161646341142514,2015,2,18,8,0.4494409055951495,4.776884046775083,4.366195452201379,-0.04813643556426811,-0.13067560996938027
825,2,0,5,-1.264364586838698,0.7162856383670065,-0.9243234392434279,-0.9659689930678235,-0.8810376085880175,-0.056973906786821585,-0.09535037375600017,-0.343873289490733,-1.0383916806251705,1.097491709809033,2015,2,18,8,0.3427421504501534,4.776884046775083,4.366195452201379,-0.04813643556426811,-0.22106772551388623
826,2,1,5,1.3276590745996222,-0.385168797395505,-0.347767677279093,-0.3828719026117916,0.10339593236881078,-0.056973906786821585,-0.09535037375600017,4.350204264641802,0.9489737887106965,0.44168672564620487,2015,2,18,8,0.74342530539155,-0.5060300932426344,-0.37918484018554804,-0.04813643556426811,-0.17069904109654632
827,2,1,5,-0.6883593287412935,0.7162856383670065,1.3681283722612605,-1.2575175382958395,0.7596849596733629,-0.056973906786821585,-0.09535037375600017,2.0031654875755347,1.0393085827714177,0.30698210360203354,2015,2,18,8,-0.368004562890415,-0.5935721607685185,-0.3129711078953054,-0.04813643556426811,-0.165908700304794
828,2,1,5,-0.40035669969259124,0.7162856383670065,1.3681283722612605,-1.4032918109098473,-0.8810376085880175,-0.056973906786821585,-0.09535037375600017,-0.343873289490733,1.0844759798017785,0.30698210360203354,2015,2,18,8,-0.368004562890415,-0.6053582256783343,-0.4777828516355541,-0.04813643556426811,-0.165908700304794
829,2,1,5,1.6156617036483245,0.7162856383670065,0.005694055772290578,-0.16421049369077967,1.186272827421322,-0.056973906786821585,-0.09535037375600017,-0.343873289490733,-0.044708945957236956,0.30311180203035354,2015,2,18,8,-0.37148434871478625,-0.5009149261936203,-0.1328045721238029,-0.04813643556426811,-0.16837546341231724
830,2,1,5,-1.5523672158874002,0.7162856383670065,0.672221895240614,-0.20065406184428167,1.186272827421322,-0.056973906786821585,-0.09535037375600017,-0.343873289490733,0.9941411857410571,0.30229370266748,2015,2,18,8,-0.37221990136181643,-0.4860658020433431,-0.2668847902021418,-0.04813643556426811,-0.16666646562739137
831,2,1,5,-0.11235407064388901,0.16555842048575076,0.3297771512713514,-0.20065406184428167,0.2346537378297212,-0.056973906786821585,-0.09535037375600017,-0.343873289490733,-0.08987634298759757,-0.029773509870074336,2015,2,18,8,-0.17562282155811898,-0.5110346086332175,-0.3367429003469346,-0.04813643556426811,-0.1673305155457917
832,2,1,5,0.17564855840481322,0.16555842048575076,1.3681283722612605,-0.7108640159933096,0.5956127028472249,-0.056973906786821585,-0.09535037375600017,2.0031654875755347,1.0844759798017785,-0.030565259940483966,2015,2,18,8,-0.17633468357208099,-0.536151639164989,-0.3309579879840449,-0.04813643556426811,-0.165908700304794
833,2,0,5,-0.6883593287412935,0.16555842048575076,-0.9243234392434279,-1.1117432656818316,-0.8810376085880175,-0.056973906786821585,-0.09535037375600017,-0.343873289490733,-1.219061268746613,-0.1368646956780916,2015,2,18,8,-0.2719084425589868,0.59222318764601,0.44340039910525364,-0.04813643556426811,-0.22106772551388623
834,2,1,5,-0.9763619577899957,-0.385168797395505,1.3681283722612605,-1.4032918109098473,0.4315404460210869,-0.056973906786821585,-0.09535037375600017,2.0031654875755347,1.0393085827714177,-0.36464345609936355,2015,2,18,8,0.018454322062478063,-0.6084646662041849,-0.34632150737272877,-0.04813643556426811,-0.165908700304794
835,2,1,5,0.7516538165022177,-0.385168797395505,0.3297771512713514,-0.018436221076771703,0.10339593236881078,-0.056973906786821585,-0.09535037375600017,2.0031654875755347,0.7231368035588934,-0.368040614573529,2015,2,18,8,0.015399938913618655,-0.4673314553364947,-0.37774374852721676,-0.04813643556426811,-0.1673305155457917
836,2,0,5,0.17564855840481322,-0.385168797395505,-0.9243234392434279,-1.1117432656818316,-0.8810376085880175,-0.056973906786821585,-0.09535037375600017,-0.343873289490733,-1.219061268746613,-0.5568664826078459,2015,2,18,8,-0.15437328590906318,0.59222318764601,0.44340039910525364,-0.04813643556426811,-0.22106772551388623
837,2,0,5,1.0396564455509198,0.7162856383670065,-1.0335752476411284,-1.1117432656818316,-0.8810376085880175,-0.056973906786821585,-0.09535037375600017,-0.343873289490733,-1.219061268746613,-0.7684704374518654,2015,2,18,8,-1.3349432982404135,0.59222318764601,0.44340039910525364,-0.04813643556426811,-0.035658637342944915
838,2,0,5,0.46365118745351547,-0.385168797395505,-0.9243234392434279,-1.1117432656818316,-0.8810376085880175,-0.056973906786821585,-0.09535037375600017,-0.343873289490733,-1.219061268746613,-1.171605244704108,2015,2,18,8,-0.7070845386152789,0.59222318764601,0.44340039910525364,-0.04813643556426811,-0.22106772551388623
839,2,0,5,0.7516538165022177,0.7162856383670065,-1.0335752476411284,-1.1117432656818316,-0.8810376085880175,-0.056973906786821585,-0.09535037375600017,-0.343873289490733,-1.219061268746613,-1.3737302322786562,2015,2,18,8,-1.8791320171535668,0.59222318764601,0.44340039910525364,-0.04813643556426811,-0.035658637342944915
844,2,0,3,-0.9763619577899957,-2.588077668920526,-0.9243234392434279,-0.5286461752257996,-0.8810376085880175,-0.056973906786821585,-0.09535037375600017,-0.343873289490733,-1.0383916806251705,0.4101970462000492,2015,2,19,8,2.6957470000763784,2.4036812857050416,4.366195452201379,-0.04813643556426811,-0.22106772551388623
845,2,1,3,1.6156617036483245,0.7162856383670065,0.005694055772290578,-1.0752996975283295,0.36591154329063164,-0.056973906786821585,-0.09535037375600017,-0.343873289490733,-0.044708945957236956,0.30518289790243947,2015,2,19,8,-0.3696222276570026,-0.6996136239975379,-0.31079157306278693,-0.04813643556426811,-0.16837546341231724
846,2,1,3,-1.5523672158874002,0.7162856383670065,0.672221895240614,-0.23709762999778367,1.186272827421322,-0.056973906786821585,-0.09535037375600017,-0.343873289490733,0.9941411857410571,0.30357048580307977,2015,2,19,8,-0.3710719464095289,-0.48987325739944904,-0.2668847902021418,-0.04813643556426811,-0.16666646562739137
847,2,1,3,-0.6883593287412935,0.7162856383670065,1.3681283722612605,0.7286569260700192,1.186272827421322,-0.056973906786821585,-0.09535037375600017,2.0031654875755347,1.061892281286598,0.3010513382115239,2015,2,19,8,-0.37333691049985684,-0.3914771148218299,-0.2709361225215557,-0.04813643556426811,-0.165908700304794
848,2,1,3,-0.40035669969259124,0.7162856383670065,1.3681283722612605,-1.2210739701423374,1.186272827421322,0.21119229779850895,5.550920016429446,-0.343873289490733,1.1070596783169586,0.3003075360917996,2015,2,19,8,-0.3740056625400836,-0.5858378895773761,-0.2734922686425871,0.03457531066891116,-0.15733820742382862
849,2,0,3,-0.11235407064388901,0.7162856383670065,-1.1290558196861773,-0.09132335738377569,-0.8810376085880175,-0.056973906786821585,-0.09535037375600017,-0.343873289490733,-0.7673872984430068,0.20583913340157645,2015,2,19,8,-0.4589421468021453,-0.5468957968487163,-1.1751988199873205,-0.04813643556426811,-0.13067560996938027
850,2,1,3,-0.11235407064388901,0.16555842048575076,0.3297771512713514,-0.20065406184428167,0.9565716678647286,-0.056973906786821585,-0.09535037375600017,-0.343873289490733,-0.08987634298759757,-0.029773509870074336,2015,2,19,8,-0.17562282155811898,-0.5110346086332175,-0.17234121513403847,-0.04813643556426811,-0.1673305155457917
851,2,0,3,1.0396564455509198,0.7162856383670065,-1.0335752476411284,-0.6744204478398076,-0.8810376085880175,-0.056973906786821585,-0.09535037375600017,-0.343873289490733,-1.1287264746858916,-0.1460183983956922,2015,2,19,8,-0.775297042840623,0.6264200864587645,1.0283721199729092,-0.04813643556426811,-0.035658637342944915
852,2,0,3,-1.264364586838698,0.7162856383670065,-0.9243234392434279,-0.30998476630478766,-0.8810376085880175,-0.056973906786821585,-0.09535037375600017,-0.343873289490733,-0.9028894895340885,-0.30093442655144287,2015,2,19,8,-0.9145819509441214,-1.1301365422112633,-2.2705665515301203,-0.04813643556426811,-0.22106772551388623
853,2,1,3,-0.9763619577899957,-0.385168797395505,1.3681283722612605,0.7104351419932682,0.7596849596733629,-0.056973906786821585,-0.09535037375600017,2.0031654875755347,1.0393085827714177,-0.36464345609936355,2015,2,19,8,0.018454322062478063,-0.3925233373870211,-0.3129711078953054,-0.04813643556426811,-0.165908700304794
854,2,1,3,1.3276590745996222,-0.385168797395505,-0.347767677279093,-0.34642833445828963,0.10339593236881078,-0.056973906786821585,-0.09535037375600017,4.350204264641802,1.0393085827714177,-0.365065038087754,2015,2,19,8,0.018075277949289113,-0.5004940017956031,-0.3796719068501522,-0.04813643556426811,-0.17069904109654632
855,2,1,3,0.46365118745351547,-0.385168797395505,1.303862602615554,0.4917737330722562,-0.8810376085880175,-0.056973906786821585,-0.09535037375600017,4.350204264641802,0.9941411857410571,-0.36868114727225576,2015,2,19,8,0.014824036347941287,-0.413724150277331,-0.48175125261248053,-0.04813643556426811,-0.1659594929571197
856,2,0,3,-0.6883593287412935,0.16555842048575076,-0.9243234392434279,-0.8201947204538156,-0.8810376085880175,-0.056973906786821585,-0.09535037375600017,-0.343873289490733,-1.219061268746613,-0.47555183005001506,2015,2,19,8,-0.5764218421628189,0.3149453801386139,0.44340039910525364,-0.04813643556426811,-0.22106772551388623
857,2,0,3,0.46365118745351547,-0.385168797395505,-0.9243234392434279,-0.8201947204538156,-0.8810376085880175,-0.056973906786821585,-0.09535037375600017,-0.343873289490733,-1.219061268746613,-0.5551240235688382,2015,2,19,8,-0.15280664203101144,0.3149453801386139,0.44340039910525364,-0.04813643556426811,-0.22106772551388623
858,2,1,3,0.7516538165022177,-0.385168797395505,0.3297771512713514,0.4553301649187542,0.10339593236881078,-0.056973906786821585,-0.09535037375600017,2.0031654875755347,0.7231368035588934,-0.7794144334115788,2015,2,19,8,-0.3544660151465781,-0.4100499639329124,-0.37774374852721676,-0.04813643556426811,-0.1673305155457917
859,2,0,3,-0.40035669969259124,0.16555842048575076,-0.9243234392434279,-0.8201947204538156,-0.8810376085880175,-0.056973906786821585,-0.09535037375600017,-0.343873289490733,-1.219061268746613,-0.8279927598054442,2015,2,19,8,-0.8933012709559606,0.3149453801386139,0.44340039910525364,-0.04813643556426811,-0.22106772551388623
860,2,1,3,0.17564855840481322,0.16555842048575076,1.3681283722612605,-1.4032918109098473,-0.8810376085880175,0.32612067119222204,7.43301014649126,2.0031654875755347,1.0844759798017785,-0.9632428483352058,2015,2,19,8,-1.0149045445237421,-0.6053582256783343,-0.4777828516355541,0.12330271907727221,-0.15366513904627202
861,2,0,3,1.6156617036483245,0.7162856383670065,-0.9243234392434279,-0.7473075841468115,-0.8810376085880175,-0.056973906786821585,-0.09535037375600017,-0.343873289490733,-1.1738938717162524,-0.97366215347035,2015,2,19,8,-1.5194310471807602,0.4302313315717974,0.6599156410601394,-0.04813643556426811,-0.22106772551388623
862,2,1,3,-1.264364586838698,-0.9358960152767596,1.389244268001992,0.6739915738397662,-0.8810376085880175,-0.056973906786821585,-0.09535037375600017,2.0031654875755347,0.9941411857410571,-1.1360371189960812,2015,2,19,8,-0.1799467464480274,-0.3946868734968015,-0.48175125261248053,-0.04813643556426811,-0.16589260768650577
864,3,0,2,-0.9763619577899957,-2.588077668920526,-0.9243234392434279,-0.8566382886073175,-0.8810376085880175,-0.056973906786821585,-0.09535037375600017,-0.343873289490733,-0.9028894895340885,0.782845829127926,2015,2,22,8,3.0307952975501937,-2.3029143654438538,-2.2705665515301203,-0.04813643556426811,-0.22106772551388623
865,3,0,2,-0.11235407064388901,0.7162856383670065,-1.1290558196861773,-1.1117432656818316,-0.8810376085880175,-0.056973906786821585,-0.09535037375600017,-0.343873289490733,-1.219061268746613,0.514117170268703,2015,2,22,8,-0.18176954854656113,0.59222318764601,0.44340039910525364,-0.04813643556426811,-0.13067560996938027
866,3,0,2,-1.264364586838698,0.7162856383670065,-0.9243234392434279,0.05445091523023228,-0.8810376085880175,-0.056973906786821585,-0.09535037375600017,-0.343873289490733,-0.6770525043822855,0.5015714812463306,2015,2,22,8,-0.19304937003036118,-0.42997522972816865,-0.9556136531486727,-0.04813643556426811,-0.22106772551388623
867,3,0,2,1.3276590745996222,-1.4866232331580154,-1.1290558196861773,-0.5286461752257996,-0.8810376085880175,-0.056973906786821585,-0.09535037375600017,-0.343873289490733,-1.0383916806251705,0.3375946821462221,2015,2,22,8,1.6401532347476115,2.4036812857050416,4.366195452201379,-0.04813643556426811,-0.13067560996938027
868,3,1,2,1.6156617036483245,0.7162856383670065,0.005694055772290578,-0.16421049369077967,1.186272827421322,-0.056973906786821585,-0.09535037375600017,-0.343873289490733,-0.044708945957236956,0.30311180203035354,2015,2,22,8,-0.37148434871478625,-0.5009149261936203,-0.1328045721238029,-0.04813643556426811,-0.16837546341231724
869,3,1,2,-0.6883593287412935,0.7162856383670065,1.3681283722612605,0.3642212445349992,1.186272827421322,-0.056973906786821585,-0.09535037375600017,2.0031654875755347,1.0844759798017785,0.3004420058050166,2015,2,22,8,-0.37388476090149203,-0.42869930747321605,-0.27222804252344124,-0.04813643556426811,-0.165908700304794
870,3,0,2,1.6156617036483245,0.7162856383670065,-0.9243234392434279,-0.6744204478398076,-0.8810376085880175,-0.056973906786821585,-0.09535037375600017,-0.343873289490733,-1.1287264746858916,0.19169296239372446,2015,2,22,8,-0.47166096068022945,0.6264200864587645,1.0283721199729092,-0.04813643556426811,-0.22106772551388623
871,3,0,2,0.7516538165022177,0.7162856383670065,-1.0335752476411284,-0.6744204478398076,-0.8810376085880175,-0.056973906786821585,-0.09535037375600017,-0.343873289490733,-1.1287264746858916,-0.010543544646922972,2015,2,22,8,-0.6534916829990902,0.6264200864587645,1.0283721199729092,-0.04813643556426811,-0.035658637342944915
872,3,1,2,-0.11235407064388901,0.16555842048575076,0.3297771512713514,-0.20065406184428167,0.5956127028472249,-0.056973906786821585,-0.09535037375600017,-0.343873289490733,-0.08987634298759757,-0.029773509870074336,2015,2,22,8,-0.17562282155811898,-0.5110346086332175,-0.2545420577404865,-0.04813643556426811,-0.1673305155457917
873,3,0,2,-1.5523672158874002,0.7162856383670065,-1.0335752476411284,-0.5286461752257996,-0.8810376085880175,-0.056973906786821585,-0.09535037375600017,-0.343873289490733,-1.0383916806251705,-0.18568446134805472,2015,2,22,8,-0.8109607762768607,2.4036812857050416,4.366195452201379,-0.04813643556426811,-0.035658637342944915
874,3,1,2,0.46365118745351547,-0.385168797395505,1.303862602615554,0.6739915738397662,0.4315404460210869,-0.056973906786821585,-0.09535037375600017,4.350204264641802,0.9941411857410571,-0.3645726181208676,2015,2,22,8,0.01851801244650421,-0.3946868734968015,-0.3453281018757575,-0.04813643556426811,-0.1659594929571197
875,3,1,2,-1.264364586838698,-0.385168797395505,1.389244268001992,0.6739915738397662,-0.8810376085880175,-0.056973906786821585,-0.09535037375600017,2.0031654875755347,0.9941411857410571,-0.36463131187238945,2015,2,22,8,0.01846524092967478,-0.3946868734968015,-0.48175125261248053,-0.04813643556426811,-0.16589260768650577
876,3,1,2,1.3276590745996222,0.16555842048575076,-0.347767677279093,-0.34642833445828963,-0.8810376085880175,-0.056973906786821585,-0.09535037375600017,4.350204264641802,1.0393085827714177,-0.5550879722768639,2015,2,22,8,-0.6479327399882884,-0.5004940017956031,-0.4797231052824223,-0.04813643556426811,-0.17069904109654632
877,3,1,2,0.7516538165022177,-0.385168797395505,0.3297771512713514,-0.41931547076529363,0.10339593236881078,-0.056973906786821585,-0.09535037375600017,2.0031654875755347,0.9941411857410571,-0.8570518140417855,2015,2,22,8,-0.4242697375580687,-0.5089105341799786,-0.37943388955993823,-0.04813643556426811,-0.1673305155457917
878,3,1,2,-0.9763619577899957,-0.385168797395505,1.3681283722612605,1.074870823528288,0.20183928646449362,-0.056973906786821585,-0.09535037375600017,4.350204264641802,1.0393085827714177,-0.8599517416955144,2015,2,22,8,-0.4268770607741682,-0.35529207379785493,-0.3696667870069251,-0.04813643556426811,-0.165908700304794
879,3,1,2,1.0396564455509198,-0.385168797395505,0.5556254274548329,0.4188865967652522,-0.8810376085880175,-0.056973906786821585,-0.09535037375600017,2.0031654875755347,0.6779694065285329,-1.9954388238399148,2015,2,22,8,-1.4477928160514995,-0.41309294465907226,-0.49900551701595663,-0.04813643556426811,-0.16685973785399477
880,3,1,2,0.17564855840481322,0.16555842048575076,1.3681283722612605,0.7104351419932682,-0.8810376085880175,0.21119229779850895,7.43301014649126,2.0031654875755347,1.0393085827714177,-2.4191562490870813,2015,2,22,8,-2.3239154108912796,-0.3925233373870211,-0.4797231052824223,0.06275004518164759,-0.15733820742382862
881,3,0,2,1.0396564455509198,0.7162856383670065,-1.0335752476411284,-1.1117432656818316,-0.8810376085880175,-0.056973906786821585,-0.09535037375600017,-0.343873289490733,-1.219061268746613,-2.471059832102188,2015,2,22,8,-2.8657404029366345,0.59222318764601,0.44340039910525364,-0.04813643556426811,-0.035658637342944915
884,3,0,0,1.0396564455509198,0.7162856383670065,-1.0335752476411284,-0.6744204478398076,-0.8810376085880175,-0.056973906786821585,-0.09535037375600017,-0.343873289490733,-0.6770525043822855,1.3428296306991103,2015,2,23,9,0.5633253281386611,-0.9001819129513027,-0.9556136531486727,-0.04813643556426811,-0.035658637342944915
885,3,0,0,0.46365118745351547,-0.385168797395505,-0.9243234392434279,-1.1117432656818316,-0.8810376085880175,-0.056973906786821585,-0.09535037375600017,-0.343873289490733,-1.219061268746613,1.1730446392630003,2015,2,23,9,1.4009887673624817,0.59222318764601,0.44340039910525364,-0.04813643556426811,-0.22106772551388623
886,3,0,0,1.6156617036483245,0.7162856383670065,-0.9243234392434279,-1.0752996975283295,-0.8810376085880175,-0.056973906786821585,-0.09535037375600017,-0.343873289490733,-1.1738938717162524,0.9862532671439952,2015,2,23,9,0.24272773329379058,0.8231918837287593,0.6599156410601394,-0.04813643556426811,-0.22106772551388623
887,3,0,0,-0.9763619577899957,0.7162856383670065,-0.9243234392434279,-0.7473075841468115,-0.8810376085880175,-0.056973906786821585,-0.09535037375600017,-0.343873289490733,-0.7673872984430068,0.7764893466899239,2015,2,23,9,0.05412911808464942,-1.1344254664578182,-1.1751988199873205,-0.04813643556426811,-0.22106772551388623
888,3,1,0,1.6156617036483245,0.7162856383670065,0.005694055772290578,-0.16421049369077967,1.186272827421322,-0.056973906786821585,-0.09535037375600017,-0.343873289490733,-0.044708945957236956,0.30311180203035354,2015,2,23,9,-0.37148434871478625,-0.5009149261936203,-0.1328045721238029,-0.04813643556426811,-0.16837546341231724
889,3,1,0,-0.6883593287412935,0.7162856383670065,1.3681283722612605,0.7651004942235211,0.36591154329063164,-0.056973906786821585,-0.09535037375600017,2.0031654875755347,1.0844759798017785,0.30134064514589654,2015,2,23,9,-0.3730767948084884,-0.3886323363339109,-0.3537974112187241,-0.04813643556426811,-0.165908700304794
890,3,1,0,-0.40035669969259124,0.7162856383670065,1.3681283722612605,0.7651004942235211,0.36591154329063164,-0.056973906786821585,-0.09535037375600017,-0.343873289490733,1.0844759798017785,0.30134064514589654,2015,2,23,9,-0.3730767948084884,-0.3886323363339109,-0.3537974112187241,-0.04813643556426811,-0.165908700304794
891,3,1,0,0.17564855840481322,0.16555842048575076,1.3681283722612605,0.7104351419932682,0.5956127028472249,-0.056973906786821585,-0.09535037375600017,2.0031654875755347,1.0393085827714177,-0.028976574248202443,2015,2,23,9,-0.17490629721794398,-0.3925233373870211,-0.3296463076340171,-0.04813643556426811,-0.165908700304794
892,3,1,0,-0.11235407064388901,0.16555842048575076,0.3297771512713514,-0.20065406184428167,0.5956127028472249,-0.056973906786821585,-0.09535037375600017,-0.343873289490733,-0.08987634298759757,-0.029773509870074336,2015,2,23,9,-0.17562282155811898,-0.5110346086332175,-0.2545420577404865,-0.04813643556426811,-0.1673305155457917
893,3,1,0,1.3276590745996222,0.16555842048575076,-0.347767677279093,-0.5468679593025506,-0.8810376085880175,-0.056973906786821585,-0.09535037375600017,4.350204264641802,1.0393085827714177,-0.032162684123358695,2015,2,23,9,-0.17777092669787503,-0.5209711967696444,-0.4797231052824223,-0.04813643556426811,-0.17069904109654632
894,3,1,0,-1.264364586838698,-0.385168797395505,1.389244268001992,-0.7473075841468115,0.10339593236881078,-0.056973906786821585,-0.09535037375600017,2.0031654875755347,1.0393085827714177,-0.3645126329997551,2015,2,23,9,0.018571945032958923,-0.5414483917436859,-0.3796719068501522,-0.04813643556426811,-0.16589260768650577
895,3,1,0,0.46365118745351547,-0.385168797395505,1.303862602615554,0.6739915738397662,0.4315404460210869,-0.056973906786821585,-0.09535037375600017,4.350204264641802,0.9941411857410571,-0.3645726181208676,2015,2,23,9,0.01851801244650421,-0.3946868734968015,-0.3453281018757575,-0.04813643556426811,-0.1659594929571197
896,3,1,0,-0.9763619577899957,-0.385168797395505,1.303862602615554,0.7104351419932682,0.10339593236881078,-0.056973906786821585,-0.09535037375600017,4.350204264641802,1.0393085827714177,-0.3662585312303135,2015,2,23,9,0.017002208979844415,-0.3925233373870211,-0.3796719068501522,-0.04813643556426811,-0.1659594929571197
897,3,1,0,0.7516538165022177,-0.385168797395505,0.3297771512713514,0.4188865967652522,0.4315404460210869,-0.056973906786821585,-0.09535037375600017,2.0031654875755347,0.6779694065285329,-1.0292200380928591,2015,2,23,9,-0.579066084655134,-0.41309294465907226,-0.33687680208575765,-0.04813643556426811,-0.1673305155457917
898,3,1,0,1.0396564455509198,-0.385168797395505,0.5556254274548329,0.4188865967652522,-0.8810376085880175,-0.056973906786821585,-0.09535037375600017,2.0031654875755347,0.6779694065285329,-2.2561103601855357,2015,2,23,9,-1.682162438209604,-0.41309294465907226,-0.49900551701595663,-0.04813643556426811,-0.16685973785399477
899,3,0,0,-0.11235407064388901,0.7162856383670065,-1.1290558196861773,-1.1117432656818316,-0.8810376085880175,-0.056973906786821585,-0.09535037375600017,-0.343873289490733,-1.219061268746613,-2.566267674357872,2015,2,23,9,-2.951341716868998,0.59222318764601,0.44340039910525364,-0.04813643556426811,-0.13067560996938027
900,3,0,0,0.7516538165022177,0.7162856383670065,-1.1290558196861773,-1.1117432656818316,-0.8810376085880175,-0.056973906786821585,-0.09535037375600017,-0.343873289490733,-1.219061268746613,-2.566267674357872,2015,2,23,9,-2.951341716868998,0.59222318764601,0.44340039910525364,-0.04813643556426811,-0.13067560996938027
901,3,0,0,-1.264364586838698,0.7162856383670065,-0.9243234392434279,-1.1117432656818316,-0.8810376085880175,-0.056973906786821585,-0.09535037375600017,-0.343873289490733,-1.219061268746613,-2.5852953027084706,2015,2,23,9,-2.9684494461194286,0.59222318764601,0.44340039910525364,-0.04813643556426811,-0.22106772551388623
902,3,0,0,0.17564855840481322,-0.385168797395505,-0.9243234392434279,-1.1117432656818316,-0.8810376085880175,-0.056973906786821585,-0.09535037375600017,-0.343873289490733,-1.219061268746613,-2.667330171490663,2015,2,23,9,-2.0518899241892177,0.59222318764601,0.44340039910525364,-0.04813643556426811,-0.22106772551388623
903,3,0,4,1.0396564455509198,-0.385168797395505,-1.1290558196861773,-0.8566382886073175,-0.8810376085880175,-0.056973906786821585,-0.09535037375600017,-0.343873289490733,-0.9028894895340885,0.9843946450611919,2015,2,24,9,1.2313736705972411,-2.3029143654438538,-2.2705665515301203,-0.04813643556426811,-0.13067560996938027
904,3,0,4,-0.9763619577899957,0.7162856383670065,-0.9729818076894626,-0.9659689930678235,-0.8810376085880175,-0.056973906786821585,-0.09535037375600017,-0.343873289490733,-1.0383916806251705,0.37662571242992576,2015,2,24,9,-0.30538803591725766,4.776884046775083,4.366195452201379,-0.04813643556426811,-0.32368556393564735
905,3,1,4,1.6156617036483245,0.7162856383670065,0.005694055772290578,-0.16421049369077967,0.7596849596733629,-0.056973906786821585,-0.09535037375600017,-0.343873289490733,-0.044708945957236956,0.30311180203035354,2015,2,24,9,-0.37148434871478625,-0.5009149261936203,-0.22535781261207458,-0.04813643556426811,-0.16837546341231724
906,3,1,4,-0.40035669969259124,0.7162856383670065,1.3681283722612605,0.7651004942235211,0.7596849596733629,-0.056973906786821585,-0.09535037375600017,-0.343873289490733,1.129643376832139,0.30134064514589654,2015,2,24,9,-0.3730767948084884,-0.3902541822739946,-0.3162461553402512,-0.04813643556426811,-0.165908700304794
907,3,1,4,-0.6883593287412935,0.7162856383670065,1.3681283722612605,0.5646608693792602,0.7596849596733629,-0.056973906786821585,-0.09535037375600017,2.0031654875755347,1.0844759798017785,0.30090294445624993,2015,2,24,9,-0.3734703312363199,-0.4086658219035635,-0.31464411424498834,-0.04813643556426811,-0.165908700304794
908,3,0,4,0.46365118745351547,-0.385168797395505,-0.9729818076894626,-1.1117432656818316,-0.8810376085880175,-0.056973906786821585,-0.09535037375600017,-0.343873289490733,-1.219061268746613,0.2432696816998013,2015,2,24,9,0.5650286600524556,0.59222318764601,0.44340039910525364,-0.04813643556426811,-0.32368556393564735
909,3,1,4,0.17564855840481322,0.16555842048575076,1.3681283722612605,0.3095558923047462,0.5956127028472249,-0.056973906786821585,-0.09535037375600017,2.0031654875755347,1.0844759798017785,-0.02926287690824412,2015,2,24,9,-0.17516371176806142,-0.4341629853558486,-0.3309579879840449,-0.04813643556426811,-0.165908700304794
910,3,1,4,-0.11235407064388901,0.16555842048575076,0.3297771512713514,-0.3828719026117916,0.5956127028472249,-0.056973906786821585,-0.09535037375600017,-0.343873289490733,-0.08987634298759757,-0.029773509870074336,2015,2,24,9,-0.17562282155811898,-0.5527465423906853,-0.2545420577404865,-0.04813643556426811,-0.1673305155457917
911,3,1,4,1.3276590745996222,0.16555842048575076,-0.32940602880889136,-0.3828719026117916,0.2346537378297212,-0.056973906786821585,-0.09535037375600017,4.350204264641802,0.9941411857410571,-0.031203658199317818,2015,2,24,9,-0.17690866706412936,-0.5051030788238726,-0.3657915744862659,-0.04813643556426811,-0.1705180185368963
912,3,1,4,-0.9763619577899957,0.16555842048575076,1.303862602615554,0.21844697192099125,0.5956127028472249,-0.056973906786821585,-0.09535037375600017,4.350204264641802,1.129643376832139,-0.03294518718457886,2015,2,24,9,-0.1784744747314147,-0.4437321750291141,-0.33221402973486763,-0.04813643556426811,-0.1659594929571197
913,3,0,4,-0.11235407064388901,0.16555842048575076,-1.1290558196861773,-0.8566382886073175,-0.8810376085880175,-0.056973906786821585,-0.09535037375600017,-0.343873289490733,-0.9028894895340885,-0.18846929652345135,2015,2,24,9,-0.31830610826235217,-2.3029143654438538,-2.2705665515301203,-0.04813643556426811,-0.13067560996938027
914,3,0,4,0.7516538165022177,-0.385168797395505,-1.1290558196861773,-0.8566382886073175,-0.8810376085880175,-0.056973906786821585,-0.09535037375600017,-0.343873289490733,-0.9028894895340885,-0.18846929652345135,2015,2,24,9,0.17685240338994027,-2.3029143654438538,-2.2705665515301203,-0.04813643556426811,-0.13067560996938027
915,3,1,4,-1.264364586838698,-0.385168797395505,1.389244268001992,-0.8930818567608195,0.10339593236881078,-0.056973906786821585,-0.09535037375600017,2.0031654875755347,1.0844759798017785,-0.3645126329997551,2015,2,24,9,0.018571945032958923,-0.5543638987737641,-0.3798996092012146,-0.04813643556426811,-0.16589260768650577
916,3,1,4,0.46365118745351547,-0.385168797395505,1.303862602615554,-0.018436221076771703,0.4315404460210869,-0.056973906786821585,-0.09535037375600017,4.350204264641802,1.0393085827714177,-0.3652117189382869,2015,2,24,9,0.017943397284452534,-0.46698586456535346,-0.34632150737272877,-0.04813643556426811,-0.1659594929571197
917,3,1,4,0.7516538165022177,-0.385168797395505,0.3297771512713514,-0.4922026070722976,0.10339593236881078,-0.056973906786821585,-0.09535037375600017,2.0031654875755347,0.7683042005892541,-0.3669629231589217,2015,2,24,9,0.01636889061883918,-0.5230928820627387,-0.37806141444332797,-0.04813643556426811,-0.1673305155457917
918,3,0,4,1.3276590745996222,-0.385168797395505,-1.1290558196861773,-1.1117432656818316,-0.8810376085880175,-0.056973906786821585,-0.09535037375600017,-0.343873289490733,-1.219061268746613,-1.6755237537694112,2015,2,24,9,-1.1601573682145914,0.59222318764601,0.44340039910525364,-0.04813643556426811,-0.13067560996938027
919,3,1,4,1.0396564455509198,-0.385168797395505,0.5556254274548329,0.5282173012257582,-0.8810376085880175,-0.056973906786821585,-0.09535037375600017,2.0031654875755347,0.8134715976196146,-1.9002020495525862,2015,2,24,9,-1.3621654893468174,-0.4044187441554927,-0.4908741266905558,-0.04813643556426811,-0.16685973785399477
922,3,1,5,0.7516538165022177,0.16555842048575076,0.3297771512713514,0.4917737330722562,0.9565716678647286,-0.056973906786821585,-0.09535037375600017,2.0031654875755347,0.7683042005892541,1.443362418731724,2015,2,25,9,1.1488728092811404,-0.4071624355532078,-0.2780613322949604,-0.04813643556426811,-0.1673305155457917
923,3,0,5,-0.40035669969259124,0.7162856383670065,-0.9729818076894626,-1.0752996975283295,-0.8810376085880175,-0.056973906786821585,-0.09535037375600017,-0.343873289490733,-1.1738938717162524,0.9893509683849899,2015,2,25,9,0.24551287462371327,0.8231918837287593,0.6599156410601394,-0.04813643556426811,-0.32368556393564735
924,3,0,5,-0.9763619577899957,0.7162856383670065,-0.9729818076894626,-0.6744204478398076,-0.8810376085880175,-0.056973906786821585,-0.09535037375600017,-0.343873289490733,-0.6770525043822855,0.9751015413382084,2015,2,25,9,0.23270122330288898,-0.9001819129513027,-0.9556136531486727,-0.04813643556426811,-0.32368556393564735
925,3,0,5,1.6156617036483245,0.7162856383670065,-0.9729818076894626,-0.8566382886073175,-0.8810376085880175,-0.056973906786821585,-0.09535037375600017,-0.343873289490733,-0.9028894895340885,0.9665518918011736,2015,2,25,9,0.22501423852629923,-2.3029143654438538,-2.2705665515301203,-0.04813643556426811,-0.32368556393564735
926,3,0,5,1.0396564455509198,-0.385168797395505,-1.1290558196861773,-1.0388561293748275,-0.8810376085880175,-0.056973906786821585,-0.09535037375600017,-0.343873289490733,-1.1287264746858916,0.6070946633486091,2015,2,25,9,0.8921434830826643,1.2162446394116861,1.0283721199729092,-0.04813643556426811,-0.13067560996938027
927,3,1,5,-0.6883593287412935,0.7162856383670065,1.3681283722612605,-0.16421049369077967,0.7596849596733629,-0.056973906786821585,-0.09535037375600017,2.0031654875755347,1.0844759798017785,0.305832918487584,2015,2,25,9,-0.3690377945383313,-0.4815148603386638,-0.31464411424498834,-0.04813643556426811,-0.165908700304794
928,3,1,5,1.6156617036483245,0.7162856383670065,0.005694055772290578,-0.16421049369077967,0.7596849596733629,-0.056973906786821585,-0.09535037375600017,-0.343873289490733,-0.044708945957236956,0.30311180203035354,2015,2,25,9,-0.37148434871478625,-0.5009149261936203,-0.22535781261207458,-0.04813643556426811,-0.16837546341231724
929,3,1,5,0.17564855840481322,0.7162856383670065,1.3681283722612605,0.7468787101467701,0.7596849596733629,-0.056973906786821585,-0.09535037375600017,4.350204264641802,1.0844759798017785,0.30119721613795836,2015,2,25,9,-0.3732057517435962,-0.3904535622947884,-0.31464411424498834,-0.04813643556426811,-0.165908700304794
930,3,1,5,-0.11235407064388901,0.16555842048575076,0.3297771512713514,-0.20065406184428167,0.5956127028472249,-0.056973906786821585,-0.09535037375600017,2.0031654875755347,-0.08987634298759757,-0.029773509870074336,2015,2,25,9,-0.17562282155811898,-0.5110346086332175,-0.2545420577404865,-0.04813643556426811,-0.1673305155457917
931,3,1,5,1.3276590745996222,0.16555842048575076,-0.32940602880889136,-0.3828719026117916,0.5956127028472249,-0.056973906786821585,-0.09535037375600017,-0.343873289490733,0.9941411857410571,-0.03076002925341831,2015,2,25,9,-0.1765098005446525,-0.5051030788238726,-0.32827520803366717,-0.04813643556426811,-0.1705180185368963
932,3,1,5,-0.9763619577899957,0.16555842048575076,1.303862602615554,0.7104351419932682,0.5956127028472249,-0.056973906786821585,-0.09535037375600017,4.350204264641802,1.0393085827714177,-0.03274508511743077,2015,2,25,9,-0.17829456308272448,-0.3925233373870211,-0.3296463076340171,-0.04813643556426811,-0.1659594929571197
933,3,1,5,0.46365118745351547,-0.385168797395505,1.303862602615554,0.7104351419932682,0.10339593236881078,-0.056973906786821585,-0.09535037375600017,2.0031654875755347,1.0393085827714177,-0.3662585312303135,2015,2,25,9,0.017002208979844415,-0.3925233373870211,-0.3796719068501522,-0.04813643556426811,-0.1659594929571197
934,3,1,5,-1.264364586838698,-0.385168797395505,1.389244268001992,-0.20065406184428167,0.10339593236881078,-0.056973906786821585,-0.09535037375600017,2.0031654875755347,1.0393085827714177,-0.3682140394875404,2015,2,25,9,0.015244012677331152,-0.48560149635993655,-0.3796719068501522,-0.04813643556426811,-0.16589260768650577
935,3,1,5,1.0396564455509198,-0.385168797395505,0.607956125594908,0.4917737330722562,-0.8810376085880175,-0.056973906786821585,-0.09535037375600017,4.350204264641802,0.7683042005892541,-0.3682908391774598,2015,2,25,9,0.015174962122135868,-0.4071624355532078,-0.4934461246145213,-0.04813643556426811,-0.16676952668808243
936,3,0,5,0.17564855840481322,0.16555842048575076,-0.9729818076894626,-1.1117432656818316,-0.8810376085880175,-0.056973906786821585,-0.09535037375600017,-0.343873289490733,-1.219061268746613,-0.5248052750981043,2015,2,25,9,-0.6207055850974531,0.59222318764601,0.44340039910525364,-0.04813643556426811,-0.32368556393564735
937,3,0,5,0.46365118745351547,-0.385168797395505,-0.9729818076894626,-1.1117432656818316,-0.8810376085880175,-0.056973906786821585,-0.09535037375600017,-0.343873289490733,-1.219061268746613,-0.6460802689810399,2015,2,25,9,-0.23458534778856344,0.59222318764601,0.44340039910525364,-0.04813643556426811,-0.32368556393564735
938,3,1,5,-0.40035669969259124,0.7162856383670065,1.3681283722612605,-1.0388561293748275,0.7268705083081354,-0.056973906786821585,-0.09535037375600017,2.0031654875755347,1.0844759798017785,-1.0458650627857047,2015,2,25,9,-1.584348639688899,-0.5689337064607842,-0.3179068889927996,-0.04813643556426811,-0.165908700304794
939,3,1,5,-1.5523672158874002,-0.9358960152767596,0.6731399776641243,0.12733805153723626,-0.8810376085880175,-0.056973906786821585,-0.09535037375600017,2.0031654875755347,0.31663023028564796,-1.1640380062554516,2015,2,25,9,-0.20512232740738895,-0.444952897202491,-0.5288717519239897,-0.04813643556426811,-0.16666505068588652
940,3,0,5,-1.264364586838698,-0.385168797395505,-1.0372475773351686,-1.1117432656818316,-0.8810376085880175,-0.056973906786821585,-0.09535037375600017,-0.343873289490733,-1.219061268746613,-2.105840887236794,2015,2,25,9,-1.5470552451089419,0.59222318764601,0.44340039910525364,-0.04813643556426811,-0.04832078588821535
941,3,0,5,-0.11235407064388901,0.16555842048575076,-1.1290558196861773,-1.1117432656818316,-0.8810376085880175,-0.056973906786821585,-0.09535037375600017,-0.343873289490733,-1.219061268746613,-2.3035051898418555,2015,2,25,9,-2.2199336128113014,0.59222318764601,0.44340039910525364,-0.04813643556426811,-0.13067560996938027
942,3,0,5,0.7516538165022177,-0.385168797395505,-1.1290558196861773,-1.1117432656818316,-0.8810376085880175,-0.056973906786821585,-0.09535037375600017,-0.343873289490733,-1.219061268746613,-2.3035051898418555,2015,2,25,9,-1.7247751011590087,0.59222318764601,0.44340039910525364,-0.04813643556426811,-0.13067560996938027
943,3,0,3,-0.9763619577899957,0.7162856383670065,-0.9729818076894626,0.5099955171490071,-0.8810376085880175,-0.056973906786821585,-0.09535037375600017,-0.343873289490733,-0.9028894895340885,1.1147459063235658,2015,2,26,9,0.35825538819925323,0.629030192637623,-2.2705665515301203,-0.04813643556426811,-0.32368556393564735
944,3,0,3,-0.40035669969259124,0.7162856383670065,-0.9729818076894626,0.8926529827607781,-0.8810376085880175,-0.056973906786821585,-0.09535037375600017,-0.343873289490733,-0.7673872984430068,1.1140850596451743,2015,2,26,9,0.35766122134662953,0.33439870756493656,-1.1751988199873205,-0.04813643556426811,-0.32368556393564735
945,3,1,3,0.17564855840481322,0.7162856383670065,1.3681283722612605,-0.16421049369077967,0.7596849596733629,-0.056973906786821585,-0.09535037375600017,2.0031654875755347,1.0844759798017785,0.305832918487584,2015,2,26,9,-0.3690377945383313,-0.4815148603386638,-0.31464411424498834,-0.04813643556426811,-0.165908700304794
946,3,1,3,1.3276590745996222,0.7162856383670065,-0.32940602880889136,-0.5468679593025506,0.7596849596733629,-0.056973906786821585,-0.09535037375600017,4.350204264641802,0.9941411857410571,0.30387930379302014,2015,2,26,9,-0.37079428833978867,-0.5222366279263492,-0.31122231419157675,-0.04813643556426811,-0.1705180185368963
947,3,1,3,1.6156617036483245,0.7162856383670065,0.005694055772290578,-0.16421049369077967,1.186272827421322,-0.056973906786821585,-0.09535037375600017,-0.343873289490733,-0.044708945957236956,0.30311180203035354,2015,2,26,9,-0.37148434871478625,-0.5009149261936203,-0.1328045721238029,-0.04813643556426811,-0.16837546341231724
948,3,0,3,-1.5523672158874002,-2.588077668920526,-1.0335752476411284,-0.3828719026117916,-0.8810376085880175,-0.056973906786821585,-0.09535037375600017,-0.343873289490733,-1.219061268746613,0.09197796593641426,2015,2,26,9,2.4096364156587464,-0.10097133112248005,0.44340039910525364,-0.04813643556426811,-0.035658637342944915
949,3,1,3,-0.11235407064388901,0.16555842048575076,0.3297771512713514,-0.20065406184428167,0.5956127028472249,-0.056973906786821585,-0.09535037375600017,-0.343873289490733,-0.08987634298759757,-0.029773509870074336,2015,2,26,9,-0.17562282155811898,-0.5110346086332175,-0.2545420577404865,-0.04813643556426811,-0.1673305155457917
950,3,1,3,-0.9763619577899957,0.16555842048575076,1.303862602615554,0.6739915738397662,0.5956127028472249,-0.056973906786821585,-0.09535037375600017,4.350204264641802,0.9941411857410571,-0.030960004190917524,2015,2,26,9,-0.1766895978911516,-0.3946868734968015,-0.32827520803366717,-0.04813643556426811,-0.1659594929571197
951,3,1,3,0.7516538165022177,0.16555842048575076,0.3297771512713514,0.3095558923047462,0.5956127028472249,-0.056973906786821585,-0.09535037375600017,2.0031654875755347,0.7683042005892541,-0.031641077865530075,2015,2,26,9,-0.17730195082395947,-0.4286310367586765,-0.32036905935773125,-0.04813643556426811,-0.1673305155457917
952,3,1,3,0.46365118745351547,0.16555842048575076,1.303862602615554,0.7104351419932682,0.9565716678647286,-0.056973906786821585,-0.09535037375600017,4.350204264641802,1.0393085827714177,-0.03274508511743077,2015,2,26,9,-0.17829456308272448,-0.3925233373870211,-0.29296086820885137,-0.04813643556426811,-0.1659594929571197
953,3,1,3,1.0396564455509198,-0.385168797395505,0.607956125594908,-0.41931547076529363,-0.8810376085880175,-0.056973906786821585,-0.09535037375600017,2.0031654875755347,0.7683042005892541,-0.36699652553239975,2015,2,26,9,0.016338678744976496,-0.5145054415805512,-0.4934461246145213,-0.04813643556426811,-0.16676952668808243
954,3,1,3,-1.264364586838698,-0.385168797395505,1.389244268001992,0.7104351419932682,-0.8810376085880175,-0.056973906786821585,-0.09535037375600017,2.0031654875755347,1.0393085827714177,-0.620402468630701,2015,2,26,9,-0.21149845287733365,-0.3925233373870211,-0.4797231052824223,-0.04813643556426811,-0.16589260768650577
955,3,0,3,1.6156617036483245,0.7162856383670065,-0.9729818076894626,-0.2553194140745347,-0.8810376085880175,-0.056973906786821585,-0.09535037375600017,-0.343873289490733,-1.1738938717162524,-1.1005646349301272,2015,2,26,9,-1.6335289922330318,-0.1592094966636454,0.6599156410601394,-0.04813643556426811,-0.32368556393564735
956,3,0,3,-1.264364586838698,-0.385168797395505,-1.0372475773351686,-1.1117432656818316,-0.8810376085880175,-0.056973906786821585,-0.09535037375600017,-0.343873289490733,-1.219061268746613,-1.3284263574837667,2015,2,26,9,-0.8480823071627827,0.59222318764601,0.44340039910525364,-0.04813643556426811,-0.04832078588821535
957,3,1,3,-0.6883593287412935,0.7162856383670065,1.3681283722612605,0.7468787101467701,0.169024835099266,-0.056973906786821585,-0.09535037375600017,4.350204264641802,1.0844759798017785,-1.7362113397924905,2015,2,26,9,-2.2050385637541456,-0.3904535622947884,-0.373374059705592,-0.04813643556426811,-0.165908700304794
958,3,1,3,-0.40035669969259124,-4.240259322564292,1.1275907773016174,0.6739915738397662,0.36591154329063164,-0.056973906786821585,-0.09535037375600017,2.0031654875755347,0.9941411857410571,-2.0416744585947035,2015,2,26,9,1.9767463340066238,-0.3946868734968015,-0.3521492594125937,-0.04813643556426811,-0.16611456061320667
959,3,0,3,1.0396564455509198,-0.385168797395505,-1.1290558196861773,-0.3828719026117916,-0.8810376085880175,-0.056973906786821585,-0.09535037375600017,-0.343873289490733,-1.219061268746613,-2.3035051898418555,2015,2,26,9,-1.7247751011590087,-0.10097133112248005,0.44340039910525364,-0.04813643556426811,-0.13067560996938027
960,3,0,3,0.7516538165022177,0.16555842048575076,-1.1290558196861773,-1.1117432656818316,-0.8810376085880175,-0.056973906786821585,-0.09535037375600017,-0.343873289490733,-1.219061268746613,-2.323717686592,2015,2,26,9,-2.2381066565298995,0.59222318764601,0.44340039910525364,-0.04813643556426811,-0.13067560996938027
961,3,1,3,-1.5523672158874002,-4.240259322564292,1.0523080185737903,0.6011044375327622,-0.12630522718778248,-0.056973906786821585,-0.09535037375600017,4.350204264641802,0.9038063916803359,-2.517204649450523,2015,2,26,9,1.5491974243018065,-0.3993219222886241,-0.40393083836915505,-0.04813643556426811,-0.16618890494788646
962,3,0,3,0.46365118745351547,0.16555842048575076,-0.9729818076894626,-0.3828719026117916,-0.8810376085880175,-0.056973906786821585,-0.09535037375600017,-0.343873289490733,-1.219061268746613,-2.532580177543953,2015,2,26,9,-2.42589479701374,-0.10097133112248005,0.44340039910525364,-0.04813643556426811,-0.32368556393564735
964,3,0,1,-0.9763619577899957,0.7162856383670065,-0.9729818076894626,0.5099955171490071,-0.8810376085880175,-0.056973906786821585,-0.09535037375600017,-0.343873289490733,-0.9028894895340885,1.1147459063235658,2015,2,28,9,0.35825538819925323,0.629030192637623,-2.2705665515301203,-0.04813643556426811,-0.32368556393564735
965,3,0,1,-0.40035669969259124,0.7162856383670065,-0.9729818076894626,0.8926529827607781,-0.8810376085880175,-0.056973906786821585,-0.09535037375600017,-0.343873289490733,-0.7673872984430068,1.1140850596451743,2015,2,28,9,0.35766122134662953,0.33439870756493656,-1.1751988199873205,-0.04813643556426811,-0.32368556393564735
966,3,1,1,1.3276590745996222,0.7162856383670065,-0.32940602880889136,-1.4032918109098473,0.7596849596733629,-0.056973906786821585,-0.09535037375600017,4.350204264641802,1.0393085827714177,0.30563470329206427,2015,2,28,9,-0.3692160097018709,-0.6084646662041849,-0.3129711078953054,-0.04813643556426811,-0.1705180185368963
967,3,1,1,1.6156617036483245,0.7162856383670065,0.005694055772290578,-0.8870079287352358,1.1534583760560944,-0.056973906786821585,-0.09535037375600017,-0.343873289490733,-0.044708945957236956,0.30216742947109015,2015,2,28,9,-0.37233343351703935,-0.658549226451395,-0.13992405216136222,-0.04813643556426811,-0.16837546341231724
968,3,1,1,0.17564855840481322,0.7162856383670065,1.3681283722612605,-1.1481868338353334,0.36591154329063164,-0.056973906786821585,-0.09535037375600017,2.0031654875755347,1.0844759798017785,0.3003075360917996,2015,2,28,9,-0.3740056625400836,-0.5798610622260492,-0.3537974112187241,-0.04813643556426811,-0.165908700304794
969,3,0,1,-1.5523672158874002,-2.588077668920526,-1.0335752476411284,-0.3828719026117916,-0.8810376085880175,-0.056973906786821585,-0.09535037375600017,-0.343873289490733,-1.219061268746613,0.09197796593641426,2015,2,28,9,2.4096364156587464,-0.10097133112248005,0.44340039910525364,-0.04813643556426811,-0.035658637342944915
970,3,1,1,-0.9763619577899957,0.16555842048575076,1.303862602615554,-0.054879789230273694,0.5956127028472249,-0.056973906786821585,-0.09535037375600017,4.350204264641802,0.9941411857410571,-0.029332095656477417,2015,2,28,9,-0.17522594630312854,-0.4708359806189195,-0.32827520803366717,-0.04813643556426811,-0.1659594929571197
971,3,1,1,-0.11235407064388901,0.16555842048575076,0.3297771512713514,-0.20065406184428167,0.5956127028472249,-0.056973906786821585,-0.09535037375600017,-0.343873289490733,-0.08987634298759757,-0.029773509870074336,2015,2,28,9,-0.17562282155811898,-0.5110346086332175,-0.2545420577404865,-0.04813643556426811,-0.1673305155457917
972,3,1,1,0.46365118745351547,0.16555842048575076,1.303862602615554,-0.018436221076771703,0.9565716678647286,-0.056973906786821585,-0.09535037375600017,4.350204264641802,1.0393085827714177,-0.03127955459962717,2015,2,28,9,-0.17697690547217743,-0.46698586456535346,-0.29296086820885137,-0.04813643556426811,-0.1659594929571197
973,3,1,1,0.7516538165022177,0.16555842048575076,0.3297771512713514,0.4917737330722562,0.5956127028472249,-0.056973906786821585,-0.09535037375600017,2.0031654875755347,0.7683042005892541,-0.03148304902108755,2015,2,28,9,-0.17715986718459745,-0.4071624355532078,-0.32036905935773125,-0.04813643556426811,-0.1673305155457917
974,3,1,1,1.0396564455509198,-0.385168797395505,0.607956125594908,0.4553301649187542,0.4315404460210869,-0.056973906786821585,-0.09535037375600017,2.0031654875755347,0.7231368035588934,-0.36709804190245177,2015,2,28,9,0.016247405437481936,-0.4100499639329124,-0.3382740118512335,-0.04813643556426811,-0.16676952668808243
975,3,1,1,-1.264364586838698,-0.385168797395505,1.389244268001992,-0.018436221076771703,-0.8810376085880175,-0.056973906786821585,-0.09535037375600017,2.0031654875755347,1.0393085827714177,-0.36726859636281434,2015,2,28,9,0.016094060024350387,-0.46698586456535346,-0.4797231052824223,-0.04813643556426811,-0.16589260768650577
976,3,0,1,1.6156617036483245,0.7162856383670065,-0.9729818076894626,-0.2553194140745347,-0.8810376085880175,-0.056973906786821585,-0.09535037375600017,-0.343873289490733,-1.1738938717162524,-1.1005646349301272,2015,2,28,9,-1.6335289922330318,-0.1592094966636454,0.6599156410601394,-0.04813643556426811,-0.32368556393564735
977,3,0,1,-1.264364586838698,-0.385168797395505,-1.0372475773351686,-1.1117432656818316,-0.8810376085880175,-0.056973906786821585,-0.09535037375600017,-0.343873289490733,-1.219061268746613,-1.3284263574837667,2015,2,28,9,-0.8480823071627827,0.59222318764601,0.44340039910525364,-0.04813643556426811,-0.04832078588821535
978,3,1,1,-0.40035669969259124,-2.588077668920526,1.1275907773016174,0.6739915738397662,0.10339593236881078,-0.056973906786821585,-0.09535037375600017,2.0031654875755347,0.9941411857410571,-1.369636376565149,2015,2,28,9,1.0954998359795407,-0.3946868734968015,-0.37943388955993823,-0.04813643556426811,-0.16611456061320667
979,3,1,1,-1.5523672158874002,-2.588077668920526,1.0523080185737903,0.6739915738397662,0.10339593236881078,-0.056973906786821585,-0.09535037375600017,4.350204264641802,0.9941411857410571,-1.369996360893198,2015,2,28,9,1.0951761742858612,-0.3946868734968015,-0.37943388955993823,-0.04813643556426811,-0.16618890494788646
980,3,1,1,-0.6883593287412935,-2.588077668920526,1.0523080185737903,0.7104351419932682,-0.12630522718778248,-0.056973906786821585,-0.09535037375600017,4.350204264641802,1.0393085827714177,-1.7051613817282933,2015,2,28,9,0.793829504852867,-0.3925233373870211,-0.4030171864843486,-0.04813643556426811,-0.16618890494788646
981,3,0,1,1.0396564455509198,-0.385168797395505,-1.1290558196861773,-0.3828719026117916,-0.8810376085880175,-0.056973906786821585,-0.09535037375600017,-0.343873289490733,-1.219061268746613,-2.3035051898418555,2015,2,28,9,-1.7247751011590087,-0.10097133112248005,0.44340039910525364,-0.04813643556426811,-0.13067560996938027
982,3,0,1,0.7516538165022177,0.16555842048575076,-1.1290558196861773,-1.1117432656818316,-0.8810376085880175,-0.056973906786821585,-0.09535037375600017,-0.343873289490733,-1.219061268746613,-2.323717686592,2015,2,28,9,-2.2381066565298995,0.59222318764601,0.44340039910525364,-0.04813643556426811,-0.13067560996938027
983,3,0,1,0.46365118745351547,0.16555842048575076,-0.9729818076894626,-0.3828719026117916,-0.8810376085880175,-0.056973906786821585,-0.09535037375600017,-0.343873289490733,-1.219061268746613,-2.532580177543953,2015,2,28,9,-2.42589479701374,-0.10097133112248005,0.44340039910525364,-0.04813643556426811,-0.32368556393564735
985,0,0,2,-0.9763619577899957,0.7162856383670065,-0.9729818076894626,1.785520402521577,-0.8810376085880175,-0.056973906786821585,-0.09535037375600017,-0.343873289490733,-0.4512155192304825,1.2127819483469413,2015,3,1,9,0.4463995348483531,0.212746398737297,-0.7229253179730964,-0.04813643556426811,-0.32368556393564735
986,0,0,2,0.46365118745351547,0.16555842048575076,-0.9729818076894626,-0.3828719026117916,-0.8810376085880175,-0.056973906786821585,-0.09535037375600017,-0.343873289490733,-1.219061268746613,0.3914946757102865,2015,3,1,9,0.20313915171230137,-0.10097133112248005,0.44340039910525364,-0.04813643556426811,-0.32368556393564735
987,0,1,2,1.6156617036483245,0.7162856383670065,0.005694055772290578,-0.16421049369077967,1.186272827421322,-0.056973906786821585,-0.09535037375600017,-0.343873289490733,-0.044708945957236956,0.30311180203035354,2015,3,1,9,-0.37148434871478625,-0.5009149261936203,-0.1328045721238029,-0.04813643556426811,-0.16837546341231724
988,0,1,2,0.46365118745351547,0.16555842048575076,1.303862602615554,0.4917737330722562,0.9565716678647286,-0.056973906786821585,-0.09535037375600017,-0.343873289490733,0.9941411857410571,-0.02911116440003437,2015,3,1,9,-0.1750273071428221,-0.413724150277331,-0.29075884158106835,-0.04813643556426811,-0.1659594929571197
989,0,1,2,-0.11235407064388901,0.16555842048575076,0.3297771512713514,-0.20065406184428167,0.5956127028472249,-0.056973906786821585,-0.09535037375600017,-0.343873289490733,-0.08987634298759757,-0.029773509870074336,2015,3,1,9,-0.17562282155811898,-0.5110346086332175,-0.2545420577404865,-0.04813643556426811,-0.1673305155457917
990,0,1,2,-0.9763619577899957,0.16555842048575076,1.303862602615554,0.6739915738397662,0.5956127028472249,-0.056973906786821585,-0.09535037375600017,-0.343873289490733,0.9941411857410571,-0.030960004190917524,2015,3,1,9,-0.1766895978911516,-0.3946868734968015,-0.32827520803366717,-0.04813643556426811,-0.1659594929571197
991,0,1,2,0.7516538165022177,0.16555842048575076,0.3297771512713514,0.4917737330722562,0.2346537378297212,-0.056973906786821585,-0.09535037375600017,-0.343873289490733,0.7683042005892541,-0.03148304902108755,2015,3,1,9,-0.17715986718459745,-0.4071624355532078,-0.36267678642050216,-0.04813643556426811,-0.1673305155457917
992,0,1,2,-0.40035669969259124,-1.4866232331580154,1.1275907773016174,0.6375480056862641,0.36591154329063164,-0.056973906786821585,-0.09535037375600017,-0.343873289490733,0.9489737887106965,-0.31885683657296077,2015,3,1,9,1.0499380675521486,-0.39695068934869643,-0.3512678897218246,-0.04813643556426811,-0.16611456061320667
993,0,1,2,1.0396564455509198,-0.385168797395505,0.607956125594908,0.3095558923047462,0.10339593236881078,-0.056973906786821585,-0.09535037375600017,-0.343873289490733,0.7683042005892541,-0.36709804190245177,2015,3,1,9,0.016247405437481936,-0.4286310367586765,-0.37806141444332797,-0.04813643556426811,-0.16676952668808243
994,0,1,2,-1.5523672158874002,-1.4866232331580154,1.0523080185737903,0.6739915738397662,0.36591154329063164,-0.056973906786821585,-0.09535037375600017,-0.343873289490733,0.9941411857410571,-0.36854810944034544,2015,3,1,9,1.0052606738874916,-0.3946868734968015,-0.3521492594125937,-0.04813643556426811,-0.16618890494788646
995,0,1,2,-1.264364586838698,-0.385168797395505,1.389244268001992,-0.8566382886073175,-0.8810376085880175,-0.056973906786821585,-0.09535037375600017,-0.343873289490733,1.0393085827714177,-0.4787445975041455,2015,3,1,9,-0.08413394581572466,-0.5526177708204357,-0.4797231052824223,-0.04813643556426811,-0.16589260768650577
996,0,1,2,1.3276590745996222,0.7162856383670065,-0.32940602880889136,-1.4032918109098473,0.7596849596733629,0.2495017555964133,7.43301014649126,-0.343873289490733,0.9941411857410571,-0.4862223032249038,2015,3,1,9,-1.0811741698538946,-0.6117118287948378,-0.31122231419157675,0.08293426981352245,-0.13592859359193307
997,0,0,2,-0.6883593287412935,-1.4866232331580154,-1.0335752476411284,-1.1117432656818316,-0.8810376085880175,-0.056973906786821585,-0.09535037375600017,-0.343873289490733,-1.219061268746613,-0.5487814852459948,2015,3,1,9,0.8432129536797792,0.59222318764601,0.44340039910525364,-0.04813643556426811,-0.035658637342944915
998,0,0,2,1.0396564455509198,-0.385168797395505,-1.1290558196861773,-0.3828719026117916,-0.8810376085880175,-0.056973906786821585,-0.09535037375600017,-0.343873289490733,-1.219061268746613,-0.6056552754807507,2015,3,1,9,-0.1982392603513657,-0.10097133112248005,0.44340039910525364,-0.04813643556426811,-0.13067560996938027
999,0,1,2,-0.6883593287412935,-1.4866232331580154,1.0523080185737903,0.6739915738397662,-0.12630522718778248,-0.056973906786821585,-0.09535037375600017,-0.343873289490733,0.9941411857410571,-1.0361802793059256,2015,3,1,9,0.4049929899447135,-0.3946868734968015,-0.40330794093886474,-0.04813643556426811,-0.16618890494788646
1000,0,0,2,-1.264364586838698,-0.385168797395505,-1.0372475773351686,-1.1117432656818316,-0.8810376085880175,-0.056973906786821585,-0.09535037375600017,-0.343873289490733,-1.219061268746613,-1.1381500739777808,2015,3,1,9,-0.6770050146584778,0.59222318764601,0.44340039910525364,-0.04813643556426811,-0.04832078588821535
1001,0,1,2,0.17564855840481322,0.7162856383670065,1.3681283722612605,0.7104351419932682,-0.8810376085880175,0.21119229779850895,5.550920016429446,-0.343873289490733,1.0393085827714177,-1.1748738550302746,2015,3,1,9,-1.7003403675058715,-0.3925233373870211,-0.4797231052824223,0.03457531066891116,-0.15733820742382862
1002,0,0,2,-1.5523672158874002,-1.4866232331580154,-1.0335752476411284,-0.3828719026117916,-0.8810376085880175,-0.056973906786821585,-0.09535037375600017,-0.343873289490733,-1.219061268746613,-2.0499893398166833,2015,3,1,9,-0.5065221289800111,-0.10097133112248005,0.44340039910525364,-0.04813643556426811,-0.035658637342944915
1003,0,0,2,0.7516538165022177,0.16555842048575076,-1.1290558196861773,-1.1117432656818316,-0.8810376085880175,-0.056973906786821585,-0.09535037375600017,-0.343873289490733,-1.219061268746613,-2.0609552020759834,2015,3,1,9,-2.0018570641244953,0.59222318764601,0.44340039910525364,-0.04813643556426811,-0.13067560996938027
1004,0,0,2,0.17564855840481322,0.7162856383670065,-0.9729818076894626,-0.3828719026117916,-0.8810376085880175,-0.056973906786821585,-0.09535037375600017,-0.343873289490733,-1.219061268746613,-2.7077551649909526,2015,3,1,9,-3.078553034931,-0.10097133112248005,0.44340039910525364,-0.04813643556426811,-0.32368556393564735
1005,0,0,0,-1.264364586838698,-0.385168797395505,-1.0372475773351686,-1.0388561293748275,-0.8810376085880175,-0.056973906786821585,-0.09535037375600017,-0.343873289490733,-1.1287264746858916,1.1625620168717392,2015,3,2,10,1.3915638478507157,1.2162446394116861,1.0283721199729092,-0.04813643556426811,-0.04832078588821535
1006,0,0,0,-0.9763619577899957,0.7162856383670065,-0.9729818076894626,1.65796791398432,-0.8810376085880175,-0.056973906786821585,-0.09535037375600017,-0.343873289490733,-0.4963829162608431,0.7043624742865966,2015,3,2,10,-0.010720109681440035,0.2207734361491741,-0.7527678779380911,-0.04813643556426811,-0.32368556393564735
1007,0,0,0,-0.6883593287412935,-0.9358960152767596,-1.0335752476411284,-1.1117432656818316,-0.8810376085880175,-0.056973906786821585,-0.09535037375600017,-0.343873289490733,-1.219061268746613,0.34645100854227107,2015,3,2,10,1.1529574408521162,0.59222318764601,0.44340039910525364,-0.04813643556426811,-0.035658637342944915
1008,0,1,0,-1.5523672158874002,-0.9358960152767596,1.0523080185737903,0.6739915738397662,1.2519017301517772,-0.056973906786821585,-0.09535037375600017,-0.343873289490733,0.9941411857410571,0.30429993565456204,2015,3,2,10,1.115059436471796,-0.3946868734968015,-0.2600636326653057,-0.04813643556426811,-0.16618890494788646
1009,0,1,0,1.6156617036483245,0.7162856383670065,0.005694055772290578,-0.16421049369077967,1.186272827421322,-0.056973906786821585,-0.09535037375600017,-0.343873289490733,-0.044708945957236956,0.30311180203035354,2015,3,2,10,-0.37148434871478625,-0.5009149261936203,-0.1328045721238029,-0.04813643556426811,-0.16837546341231724
1010,0,0,0,0.7516538165022177,0.16555842048575076,-1.1290558196861773,-1.0388561293748275,-0.8810376085880175,-0.056973906786821585,-0.09535037375600017,-0.343873289490733,-1.1287264746858916,0.30309868091239434,2015,3,2,10,0.12366236574821003,1.2162446394116861,1.0283721199729092,-0.04813643556426811,-0.13067560996938027
1011,0,1,0,1.3276590745996222,0.7162856383670065,-0.32940602880889136,-1.4032918109098473,0.7596849596733629,-0.056973906786821585,-0.09535037375600017,-0.343873289490733,0.9941411857410571,0.3024912086133796,2015,3,2,10,-0.3720423238841854,-0.6117118287948378,-0.31122231419157675,-0.04813643556426811,-0.1705180185368963
1012,0,1,0,-0.9763619577899957,0.7162856383670065,1.303862602615554,0.01800734707673029,0.7596849596733629,-0.056973906786821585,-0.09535037375600017,-0.343873289490733,0.9941411857410571,0.3014246711526927,2015,3,2,10,-0.3730012470761185,-0.4632210699067077,-0.31122231419157675,-0.04813643556426811,-0.1659594929571197
1013,0,1,0,0.17564855840481322,0.7162856383670065,1.3681283722612605,0.7468787101467701,-0.8810376085880175,-0.056973906786821585,-0.09535037375600017,-0.343873289490733,1.0844759798017785,0.30119721613795836,2015,3,2,10,-0.3732057517435962,-0.3904535622947884,-0.4777828516355541,-0.04813643556426811,-0.165908700304794
1014,0,0,0,0.46365118745351547,0.16555842048575076,-0.9729818076894626,-0.3828719026117916,-0.8810376085880175,-0.056973906786821585,-0.09535037375600017,-0.343873289490733,-1.219061268746613,0.12199468781686486,2015,3,2,10,-0.03916812594324039,-0.10097133112248005,0.44340039910525364,-0.04813643556426811,-0.32368556393564735
1015,0,1,0,-0.11235407064388901,0.16555842048575076,0.3297771512713514,-0.5286461752257996,0.2346537378297212,-0.056973906786821585,-0.09535037375600017,-0.343873289490733,-0.08987634298759757,-0.028796625575899674,2015,3,2,10,-0.17474450547448517,-0.5861160893966597,-0.3367429003469346,-0.04813643556426811,-0.1673305155457917
1016,0,1,0,0.46365118745351547,0.16555842048575076,1.303862602615554,0.6739915738397662,0.5956127028472249,-0.056973906786821585,-0.09535037375600017,-0.343873289490733,0.9941411857410571,-0.030960004190917524,2015,3,2,10,-0.1766895978911516,-0.3946868734968015,-0.32827520803366717,-0.04813643556426811,-0.1659594929571197
1017,0,1,0,0.7516538165022177,0.16555842048575076,0.3297771512713514,0.4917737330722562,0.5956127028472249,-0.056973906786821585,-0.09535037375600017,-0.343873289490733,0.7683042005892541,-0.03148304902108755,2015,3,2,10,-0.17715986718459745,-0.4071624355532078,-0.32036905935773125,-0.04813643556426811,-0.1673305155457917
1018,0,1,0,-0.6883593287412935,-0.9358960152767596,1.0523080185737903,0.6557697897630151,0.9237572164995009,-0.056973906786821585,-0.09535037375600017,-0.343873289490733,0.9941411857410571,-0.03242411620948232,2015,3,2,10,0.8123110431747008,-0.39659060117485445,-0.2941694203494864,-0.04813643556426811,-0.16618890494788646
1019,0,1,0,-0.40035669969259124,-0.9358960152767596,1.1275907773016174,0.6375480056862641,0.2346537378297212,-0.056973906786821585,-0.09535037375600017,-0.343873289490733,0.9489737887106965,-0.3626353228585838,2015,3,2,10,0.5154183451084671,-0.39695068934869643,-0.3652263649536863,-0.04813643556426811,-0.16611456061320667
1020,0,1,0,1.0396564455509198,-0.385168797395505,0.607956125594908,-0.30998476630478766,0.10339593236881078,-0.056973906786821585,-0.09535037375600017,-0.343873289490733,0.7231368035588934,-0.36777089898713383,2015,3,2,10,0.015642440035757942,-0.5025816038925454,-0.37774374852721676,-0.04813643556426811,-0.16676952668808243
1021,0,0,0,1.0396564455509198,-0.385168797395505,-1.1290558196861773,-0.3828719026117916,-0.8810376085880175,-0.056973906786821585,-0.09535037375600017,-0.343873289490733,-1.219061268746613,-0.8212552631190739,2015,3,2,10,-0.3920850800694368,-0.10097133112248005,0.44340039910525364,-0.04813643556426811,-0.13067560996938027
1022,0,0,0,1.6156617036483245,0.7162856383670065,-0.9729818076894626,-0.2553194140745347,-0.8810376085880175,-0.056973906786821585,-0.09535037375600017,-0.343873289490733,-1.1738938717162524,-0.9865692386289764,2015,3,2,10,-1.5310357997141508,-0.1592094966636454,0.6599156410601394,-0.04813643556426811,-0.32368556393564735
1023,0,0,0,-1.5523672158874002,-0.9358960152767596,-1.0335752476411284,-0.3828719026117916,-0.8810376085880175,-0.056973906786821585,-0.09535037375600017,-0.343873289490733,-1.219061268746613,-1.453167681751862,2015,3,2,10,-0.46507864542648697,-0.10097133112248005,0.44340039910525364,-0.04813643556426811,-0.035658637342944915
1025,0,0,4,0.17564855840481322,0.7162856383670065,-0.9729818076894626,-0.12776692553727767,-0.8810376085880175,-0.056973906786821585,-0.09535037375600017,-0.343873289490733,-1.1287264746858916,1.635506611475907,2015,3,3,10,0.8264710262101376,-0.2583167429706178,1.0283721199729092,-0.04813643556426811,-0.32368556393564735
1026,0,0,4,-0.9763619577899957,0.7162856383670065,-0.9729818076894626,0.5099955171490071,-0.8810376085880175,-0.056973906786821585,-0.09535037375600017,-0.343873289490733,-0.9028894895340885,0.9893509683849899,2015,3,3,10,0.24551287462371327,0.629030192637623,-2.2705665515301203,-0.04813643556426811,-0.32368556393564735
1027,0,1,4,1.3276590745996222,0.7162856383670065,-0.347767677279093,-1.4032918109098473,0.7596849596733629,-0.056973906786821585,-0.09535037375600017,-0.343873289490733,0.9489737887106965,0.3051177272298647,2015,3,3,10,-0.3696808225696704,-0.6151094971365723,-0.30939246402623943,-0.04813643556426811,-0.17069904109654632
1028,0,1,4,-1.5523672158874002,-0.385168797395505,1.0523080185737903,0.7104351419932682,1.087829473325639,-0.056973906786821585,-0.09535037375600017,-0.343873289490733,1.0393085827714177,0.30421000815564947,2015,3,3,10,0.6198200710591087,-0.3925233373870211,-0.279620708417882,-0.04813643556426811,-0.16618890494788646
1029,0,1,4,1.6156617036483245,0.7162856383670065,0.005694055772290578,-0.16421049369077967,0.7596849596733629,-0.056973906786821585,-0.09535037375600017,-0.343873289490733,-0.044708945957236956,0.30311180203035354,2015,3,3,10,-0.37148434871478625,-0.5009149261936203,-0.22535781261207458,-0.04813643556426811,-0.16837546341231724
1030,0,1,4,-0.9763619577899957,0.7162856383670065,1.303862602615554,0.6739915738397662,0.7596849596733629,-0.056973906786821585,-0.09535037375600017,-0.343873289490733,0.9941411857410571,0.3026526097390318,2015,3,3,10,-0.3718972082288081,-0.3946868734968015,-0.31122231419157675,-0.04813643556426811,-0.1659594929571197
1031,0,1,4,0.17564855840481322,0.7162856383670065,1.3681283722612605,0.7468787101467701,0.7596849596733629,-0.056973906786821585,-0.09535037375600017,-0.343873289490733,1.0844759798017785,0.30119721613795836,2015,3,3,10,-0.3732057517435962,-0.3904535622947884,-0.31464411424498834,-0.04813643556426811,-0.165908700304794
1032,0,1,4,-0.6883593287412935,-0.385168797395505,1.0523080185737903,0.7104351419932682,0.7596849596733629,-0.056973906786821585,-0.09535037375600017,-0.343873289490733,1.0393085827714177,-0.028976574248202443,2015,3,3,10,0.32025221443434837,-0.3925233373870211,-0.3129711078953054,-0.04813643556426811,-0.16618890494788646
1033,0,1,4,0.46365118745351547,0.16555842048575076,1.303862602615554,0.6739915738397662,0.9565716678647286,-0.056973906786821585,-0.09535037375600017,-0.343873289490733,0.9941411857410571,-0.030960004190917524,2015,3,3,10,-0.1766895978911516,-0.3946868734968015,-0.29075884158106835,-0.04813643556426811,-0.1659594929571197
1034,0,1,4,0.7516538165022177,0.16555842048575076,0.3297771512713514,0.4917737330722562,0.2346537378297212,-0.056973906786821585,-0.09535037375600017,-0.343873289490733,0.7683042005892541,-0.03148304902108755,2015,3,3,10,-0.17715986718459745,-0.4071624355532078,-0.36267678642050216,-0.04813643556426811,-0.1673305155457917
1035,0,1,4,-0.11235407064388901,0.16555842048575076,0.4592267729862737,-0.4557590389187956,0.5956127028472249,-0.056973906786821585,-0.09535037375600017,-0.343873289490733,-0.08987634298759757,-0.032707240628305004,2015,3,3,10,-0.1782605371252244,-0.5694313158936725,-0.2545420577404865,-0.04813643556426811,-0.16704285379135966
1036,0,0,4,0.46365118745351547,0.16555842048575076,-0.9729818076894626,-0.3828719026117916,-0.8810376085880175,-0.056973906786821585,-0.09535037375600017,-0.343873289490733,-1.219061268746613,-0.35009493982628853,2015,3,3,10,-0.4636236273248161,-0.10097133112248005,0.44340039910525364,-0.04813643556426811,-0.32368556393564735
1037,0,1,4,-0.40035669969259124,-0.385168797395505,1.1275907773016174,0.6739915738397662,0.10339593236881078,-0.056973906786821585,-0.09535037375600017,-0.343873289490733,0.9941411857410571,-0.3642674132893653,2015,3,3,10,0.018792421927657472,-0.3946868734968015,-0.37943388955993823,-0.04813643556426811,-0.16611456061320667
1038,0,1,4,1.0396564455509198,-0.385168797395505,0.607956125594908,0.12733805153723626,0.10339593236881078,-0.056973906786821585,-0.09535037375600017,-0.343873289490733,0.7231368035588934,-0.36878541365734097,2015,3,3,10,0.014730290503577942,-0.44970638105846933,-0.37774374852721676,-0.04813643556426811,-0.16676952668808243
1039,0,0,4,1.6156617036483245,0.7162856383670065,-0.9729818076894626,-0.2553194140745347,-0.8810376085880175,-0.056973906786821585,-0.09535037375600017,-0.343873289490733,-1.1738938717162524,-0.7965769092300475,2015,3,3,10,-1.3602138101773822,-0.1592094966636454,0.6599156410601394,-0.04813643556426811,-0.32368556393564735
1040,0,0,4,-1.264364586838698,-3.6895321046830363,-1.0372475773351686,0.5099955171490071,-0.8810376085880175,-0.056973906786821585,-0.09535037375600017,-0.343873289490733,-0.9028894895340885,-1.2560609630952284,2015,3,3,10,2.187932445491061,0.629030192637623,-2.2705665515301203,-0.04813643556426811,-0.04832078588821535
1041,0,0,4,-1.5523672158874002,-0.385168797395505,-1.0335752476411284,-0.3828719026117916,-0.8810376085880175,-0.056973906786821585,-0.09535037375600017,-0.343873289490733,-1.219061268746613,-1.3360002334382945,2015,3,3,10,-0.8548919744959337,-0.10097133112248005,0.44340039910525364,-0.04813643556426811,-0.035658637342944915
1042,0,0,4,-0.6883593287412935,-0.385168797395505,-1.0335752476411284,-0.3828719026117916,-0.8810376085880175,-0.056973906786821585,-0.09535037375600017,-0.343873289490733,-1.219061268746613,-1.3360002334382945,2015,3,3,10,-0.8548919744959337,-0.10097133112248005,0.44340039910525364,-0.04813643556426811,-0.035658637342944915
1043,0,0,4,1.0396564455509198,-0.385168797395505,-1.1290558196861773,-0.3828719026117916,-0.8810376085880175,-0.056973906786821585,-0.09535037375600017,-0.343873289490733,-1.219061268746613,-1.953155208256822,2015,3,3,10,-1.4097756426131671,-0.10097133112248005,0.44340039910525364,-0.04813643556426811,-0.13067560996938027
1044,0,0,4,-0.40035669969259124,-0.385168797395505,-0.9729818076894626,-0.3828719026117916,-0.8810376085880175,-0.056973906786821585,-0.09535037375600017,-0.343873289490733,-1.219061268746613,-2.6808051715544376,2015,3,3,10,-2.064005288673585,-0.10097133112248005,0.44340039910525364,-0.04813643556426811,-0.32368556393564735
1047,0,0,5,-0.9763619577899957,0.7162856383670065,-0.9729818076894626,-1.0388561293748275,-0.8810376085880175,-0.056973906786821585,-0.09535037375600017,-0.343873289490733,-1.1287264746858916,1.2315911880340724,2015,3,4,10,0.46331091098229826,1.2162446394116861,1.0283721199729092,-0.04813643556426811,-0.32368556393564735
1048,0,0,5,0.46365118745351547,0.7162856383670065,-0.9729818076894626,-1.1117432656818316,-0.8810376085880175,-0.056973906786821585,-0.09535037375600017,-0.343873289490733,-1.219061268746613,1.1730446392630003,2015,3,4,10,0.41067174405789714,0.59222318764601,0.44340039910525364,-0.04813643556426811,-0.32368556393564735
1049,0,0,5,1.6156617036483245,0.7162856383670065,-0.9729818076894626,-1.0752996975283295,-0.8810376085880175,-0.056973906786821585,-0.09535037375600017,-0.343873289490733,-1.1738938717162524,0.8753555720838391,2015,3,4,10,0.1430196821048326,0.8231918837287593,0.6599156410601394,-0.04813643556426811,-0.32368556393564735
1050,0,0,5,0.7516538165022177,0.16555842048575076,-1.1290558196861773,-1.1117432656818316,-0.8810376085880175,-0.056973906786821585,-0.09535037375600017,-0.343873289490733,-1.219061268746613,0.5262446696569966,2015,3,4,10,0.32429279054007154,0.59222318764601,0.44340039910525364,-0.04813643556426811,-0.13067560996938027
1051,0,0,5,-1.5523672158874002,-0.385168797395505,-1.0335752476411284,-1.1117432656818316,-0.8810376085880175,-0.056973906786821585,-0.09535037375600017,-0.343873289490733,-1.219061268746613,0.34645100854227107,2015,3,4,10,0.6577989291998249,0.59222318764601,0.44340039910525364,-0.04813643556426811,-0.035658637342944915
1052,0,0,5,-0.6883593287412935,-0.385168797395505,-1.0335752476411284,-1.1117432656818316,-0.8810376085880175,-0.056973906786821585,-0.09535037375600017,-0.343873289490733,-1.219061268746613,0.34095878022067627,2015,3,4,10,0.6528608700063135,0.59222318764601,0.44340039910525364,-0.04813643556426811,-0.035658637342944915
1053,0,1,5,1.3276590745996222,0.7162856383670065,-0.347767677279093,-1.4032918109098473,0.36591154329063164,-0.056973906786821585,-0.09535037375600017,-0.343873289490733,0.9489737887106965,0.3051177272298647,2015,3,4,10,-0.3696808225696704,-0.6151094971365723,-0.3512678897218246,-0.04813643556426811,-0.17069904109654632
1054,0,1,5,1.6156617036483245,0.7162856383670065,0.005694055772290578,-0.16421049369077967,0.7596849596733629,-0.056973906786821585,-0.09535037375600017,-0.343873289490733,-0.044708945957236956,0.30311180203035354,2015,3,4,10,-0.37148434871478625,-0.5009149261936203,-0.22535781261207458,-0.04813643556426811,-0.16837546341231724
1055,0,1,5,-0.9763619577899957,0.7162856383670065,1.303862602615554,0.6739915738397662,1.186272827421322,-0.056973906786821585,-0.09535037375600017,-0.343873289490733,0.9941411857410571,0.3026526097390318,2015,3,4,10,-0.3718972082288081,-0.3946868734968015,-0.2668847902021418,-0.04813643556426811,-0.1659594929571197
1056,0,1,5,0.17564855840481322,0.7162856383670065,1.3681283722612605,-0.20065406184428167,0.7596849596733629,-0.056973906786821585,-0.09535037375600017,-0.343873289490733,1.0844759798017785,0.3007953727002961,2015,3,4,10,-0.37356704893765097,-0.4851573122604188,-0.31464411424498834,-0.04813643556426811,-0.165908700304794
1057,0,1,5,-0.6883593287412935,-0.385168797395505,1.0669973373499517,0.7104351419932682,1.087829473325639,-0.056973906786821585,-0.09535037375600017,-0.343873289490733,1.0393085827714177,0.30026075907209,2015,3,4,10,0.6162693035741047,-0.3925233373870211,-0.279620708417882,-0.04813643556426811,-0.16617397349076676
1058,0,1,5,-1.5523672158874002,-0.385168797395505,1.0669973373499517,0.7104351419932682,0.7596849596733629,-0.056973906786821585,-0.09535037375600017,-0.343873289490733,1.0393085827714177,-0.02976873247169453,2015,3,4,10,0.31953998545019446,-0.3925233373870211,-0.3129711078953054,-0.04813643556426811,-0.16617397349076676
1059,0,1,5,0.7516538165022177,0.16555842048575076,0.3297771512713514,0.4917737330722562,0.2346537378297212,-0.056973906786821585,-0.09535037375600017,-0.343873289490733,0.7683042005892541,-0.03148304902108755,2015,3,4,10,-0.17715986718459745,-0.4071624355532078,-0.36267678642050216,-0.04813643556426811,-0.1673305155457917
1060,0,1,5,-0.40035669969259124,-0.385168797395505,1.1275907773016174,0.7104351419932682,0.4315404460210869,-0.056973906786821585,-0.09535037375600017,-0.343873289490733,1.0393085827714177,-0.36584322543195064,2015,3,4,10,0.017375610174339685,-0.3925233373870211,-0.34632150737272877,-0.04813643556426811,-0.16611456061320667
1061,0,1,5,1.0396564455509198,-0.385168797395505,0.607956125594908,0.3459994604582482,0.10339593236881078,-0.056973906786821585,-0.09535037375600017,-0.343873289490733,0.8134715976196146,-0.3682908391774598,2015,3,4,10,0.015174962122135868,-0.4253526356717627,-0.3783632564087637,-0.04813643556426811,-0.16676952668808243
1062,0,0,5,0.17564855840481322,0.7162856383670065,-0.9729818076894626,1.147757959835292,-0.8810376085880175,-0.056973906786821585,-0.09535037375600017,-0.343873289490733,-0.6770525043822855,-0.4697901069461516,2015,3,4,10,-1.0663999920243186,0.2753347951065324,-0.9556136531486727,-0.04813643556426811,-0.32368556393564735
1063,0,0,5,-0.40035669969259124,-0.385168797395505,-0.9729818076894626,-1.1117432656818316,-0.8810376085880175,-0.056973906786821585,-0.09535037375600017,-0.343873289490733,-1.219061268746613,-1.090755251012495,2015,3,4,10,-0.6343923577249779,0.59222318764601,0.44340039910525364,-0.04813643556426811,-0.32368556393564735
1064,0,0,5,-1.264364586838698,-2.588077668920526,-1.0372475773351686,-1.1117432656818316,-0.8810376085880175,-0.056973906786821585,-0.09535037375600017,-0.343873289490733,-1.219061268746613,-1.43715566234433,2015,3,4,10,1.034793286586782,0.59222318764601,0.44340039910525364,-0.04813643556426811,-0.04832078588821535
1065,0,1,5,0.46365118745351547,0.7162856383670065,1.303862602615554,0.6739915738397662,-0.8810376085880175,-0.056973906786821585,-0.09535037375600017,-0.343873289490733,0.9941411857410571,-2.1534264648945274,2015,3,4,10,-2.5801564327767235,-0.3946868734968015,-0.48175125261248053,-0.04813643556426811,-0.1659594929571197
1066,0,1,5,-1.264364586838698,-2.588077668920526,0.007530220619310714,0.27311232415124426,-0.8810376085880175,-0.056973906786821585,-0.09535037375600017,2.0031654875755347,0.49729981840709037,-2.3482575360742195,2015,3,4,10,0.21562213776410166,-0.4271007526272711,-0.5121367507412644,-0.04813643556426811,-0.16836764946104227
1068,0,0,3,0.46365118745351547,0.7162856383670065,-0.9729818076894626,-0.6015333115328035,-0.8810376085880175,-0.056973906786821585,-0.09535037375600017,-0.343873289490733,-0.5867177103215643,1.5113980649979628,2015,3,5,10,0.7148851064261651,-0.7683397625270579,-0.8320218609140634,-0.04813643556426811,-0.32368556393564735
1069,0,0,3,-1.264364586838698,-1.4866232331580154,-1.0372475773351686,-1.1117432656818316,-0.8810376085880175,-0.056973906786821585,-0.09535037375600017,-0.343873289490733,-1.219061268746613,1.3082592853848949,2015,3,5,10,2.5128771979871676,0.59222318764601,0.44340039910525364,-0.04813643556426811,-0.04832078588821535
1070,0,0,3,1.3276590745996222,0.7162856383670065,-1.1290558196861773,-1.0388561293748275,-0.8810376085880175,-0.056973906786821585,-0.09535037375600017,-0.343873289490733,-1.1287264746858916,1.1521351575590455,2015,3,5,10,0.39187204158489636,1.2162446394116861,1.0283721199729092,-0.04813643556426811,-0.13067560996938027
1071,0,0,3,1.6156617036483245,0.7162856383670065,-0.9729818076894626,-1.0752996975283295,-0.8810376085880175,-0.056973906786821585,-0.09535037375600017,-0.343873289490733,-1.1738938717162524,0.761360175782689,2015,3,5,10,0.04052648958595261,0.8231918837287593,0.6599156410601394,-0.04813643556426811,-0.32368556393564735
1072,0,0,3,-1.5523672158874002,-0.385168797395505,-1.0335752476411284,-1.1117432656818316,-0.8810376085880175,-0.056973906786821585,-0.09535037375600017,-0.343873289490733,-1.219061268746613,0.3848965733382646,2015,3,5,10,0.6923653134748808,0.59222318764601,0.44340039910525364,-0.04813643556426811,-0.035658637342944915
1073,0,0,3,-0.6883593287412935,-0.385168797395505,-1.0335752476411284,-1.1117432656818316,-0.8810376085880175,-0.056973906786821585,-0.09535037375600017,-0.343873289490733,-1.219061268746613,0.3848965733382646,2015,3,5,10,0.6923653134748808,0.59222318764601,0.44340039910525364,-0.04813643556426811,-0.035658637342944915
1074,0,0,3,-0.9763619577899957,0.7162856383670065,-0.9729818076894626,-0.8566382886073175,-0.8810376085880175,-0.056973906786821585,-0.09535037375600017,-0.343873289490733,-0.9028894895340885,0.36807605620185707,2015,3,5,10,-0.313075026709752,-2.3029143654438538,-2.2705665515301203,-0.04813643556426811,-0.32368556393564735
1075,0,1,3,1.3276590745996222,0.7162856383670065,-0.347767677279093,-0.36465011853504065,0.7596849596733629,-0.056973906786821585,-0.09535037375600017,-0.343873289490733,0.9489737887106965,0.3051177272298647,2015,3,5,10,-0.3696808225696704,-0.5040822467445283,-0.30939246402623943,-0.04813643556426811,-0.17069904109654632
1076,0,1,3,-0.9763619577899957,0.7162856383670065,1.303862602615554,-0.8566382886073175,1.186272827421322,-0.056973906786821585,-0.09535037375600017,-0.343873289490733,0.9941411857410571,0.30400183001028835,2015,3,5,10,-0.3706841250912492,-0.5545999984532494,-0.2668847902021418,-0.04813643556426811,-0.1659594929571197
1077,0,1,3,1.6156617036483245,0.7162856383670065,0.005694055772290578,-0.16421049369077967,0.7596849596733629,-0.056973906786821585,-0.09535037375600017,-0.343873289490733,-0.044708945957236956,0.30311180203035354,2015,3,5,10,-0.37148434871478625,-0.5009149261936203,-0.22535781261207458,-0.04813643556426811,-0.16837546341231724
1078,0,1,3,-1.5523672158874002,-0.385168797395505,1.0669973373499517,0.7104351419932682,0.7596849596733629,-0.056973906786821585,-0.09535037375600017,-0.343873289490733,1.0393085827714177,-0.02976873247169453,2015,3,5,10,0.31953998545019446,-0.3925233373870211,-0.3129711078953054,-0.04813643556426811,-0.16617397349076676
1079,0,1,3,0.7516538165022177,0.16555842048575076,0.3297771512713514,0.4917737330722562,0.5956127028472249,-0.056973906786821585,-0.09535037375600017,-0.343873289490733,0.7683042005892541,-0.03148304902108755,2015,3,5,10,-0.17715986718459745,-0.4071624355532078,-0.32036905935773125,-0.04813643556426811,-0.1673305155457917
1080,0,1,3,-0.6883593287412935,-0.385168797395505,1.0669973373499517,0.7468787101467701,0.7596849596733629,-0.056973906786821585,-0.09535037375600017,-0.343873289490733,1.0844759798017785,-0.03378922099579919,2015,3,5,10,0.31592516662687636,-0.3904535622947884,-0.31464411424498834,-0.04813643556426811,-0.16617397349076676
1081,0,1,3,-0.40035669969259124,-0.385168797395505,1.1275907773016174,0.7104351419932682,0.4315404460210869,-0.056973906786821585,-0.09535037375600017,-0.343873289490733,1.0393085827714177,-0.36584322543195064,2015,3,5,10,0.017375610174339685,-0.3925233373870211,-0.34632150737272877,-0.04813643556426811,-0.16611456061320667
1082,0,1,3,1.0396564455509198,-0.385168797395505,0.607956125594908,0.4188865967652522,0.10339593236881078,-0.056973906786821585,-0.09535037375600017,-0.343873289490733,0.6779694065285329,-0.36585753086295353,2015,3,5,10,0.017362748169895473,-0.41309294465907226,-0.3774089808183074,-0.04813643556426811,-0.16676952668808243
1083,0,1,3,-1.264364586838698,-1.4866232331580154,0.007530220619310714,-1.0024125612213255,-0.8810376085880175,-0.056973906786821585,-0.09535037375600017,2.0031654875755347,0.49729981840709037,-1.0371211792184671,2015,3,5,10,0.4041470273970475,-0.6045809877678527,-0.5121367507412644,-0.04813643556426811,-0.16836764946104227
1084,0,0,3,0.7516538165022177,0.16555842048575076,-1.1290558196861773,-1.1117432656818316,-0.8810376085880175,-0.056973906786821585,-0.09535037375600017,-0.343873289490733,-1.219061268746613,-2.02053020188466,2015,3,5,10,-1.9655109706713925,0.59222318764601,0.44340039910525364,-0.04813643556426811,-0.13067560996938027
1085,0,1,3,0.17564855840481322,0.7162856383670065,1.3681283722612605,-1.0388561293748275,-0.8810376085880175,0.2495017555964133,14.961370666738523,-0.343873289490733,1.0844759798017785,-2.603128427570354,2015,3,5,10,-2.984483197998791,-0.5689337064607842,-0.4777828516355541,0.21607635496849018,-0.15611385129797642
1087,0,0,1,1.6156617036483245,0.7162856383670065,-0.9729818076894626,-1.0752996975283295,-0.8810376085880175,-0.056973906786821585,-0.09535037375600017,-0.343873289490733,-1.1738938717162524,0.761360175782689,2015,3,7,10,0.04052648958595261,0.8231918837287593,0.6599156410601394,-0.04813643556426811,-0.32368556393564735
1088,0,1,1,1.6156617036483245,0.7162856383670065,0.005694055772290578,-0.16421049369077967,1.5800462438040532,-0.056973906786821585,-0.09535037375600017,-0.343873289490733,-0.044708945957236956,0.6384572466011752,2015,3,7,10,-0.06997546040909364,-0.5009149261936203,-0.047370811673090533,-0.04813643556426811,-0.16837546341231724
1089,0,1,1,-1.5523672158874002,-0.385168797395505,1.0669973373499517,1.074870823528288,1.4159739869779153,-0.056973906786821585,-0.09535037375600017,-0.343873289490733,1.0393085827714177,0.6352750710540973,2015,3,7,10,0.9174804707675781,-0.35529207379785493,-0.2462703089404586,-0.04813643556426811,-0.16617397349076676
1090,0,0,1,0.17564855840481322,0.7162856383670065,-0.9729818076894626,0.4188865967652522,-0.8810376085880175,-0.056973906786821585,-0.09535037375600017,-0.343873289490733,-0.4512155192304825,0.4706719108655828,2015,3,7,10,-0.2208311552475306,-0.30607773472544086,-0.7229253179730964,-0.04813643556426811,-0.32368556393564735
1091,0,0,1,-0.40035669969259124,-4.240259322564292,-1.0335752476411284,-0.6744204478398076,-0.8810376085880175,-0.056973906786821585,-0.09535037375600017,-0.343873289490733,-1.1287264746858916,0.3388957135895642,2015,3,7,10,4.117115549600323,0.6264200864587645,1.0283721199729092,-0.04813643556426811,-0.035658637342944915
1092,0,1,1,-0.6883593287412935,-0.385168797395505,1.0669973373499517,0.7104351419932682,1.087829473325639,-0.056973906786821585,-0.09535037375600017,-0.343873289490733,1.0393085827714177,0.30541747217750437,2015,3,7,10,0.6209057012377579,-0.3925233373870211,-0.279620708417882,-0.04813643556426811,-0.16617397349076676
1093,0,1,1,-0.9763619577899957,0.7162856383670065,1.303862602615554,0.6739915738397662,1.186272827421322,-0.056973906786821585,-0.09535037375600017,2.0031654875755347,0.9941411857410571,0.30429602139958706,2015,3,7,10,-0.3704196177893829,-0.3946868734968015,-0.2668847902021418,-0.04813643556426811,-0.1659594929571197
1094,0,1,1,1.3276590745996222,0.7162856383670065,-0.347767677279093,-0.36465011853504065,0.7596849596733629,-0.056973906786821585,-0.09535037375600017,-0.343873289490733,1.0393085827714177,0.30065312800540234,2015,3,7,10,-0.3736949410576101,-0.5023555649750614,-0.3129711078953054,-0.04813643556426811,-0.17069904109654632
1095,0,0,1,-0.11235407064388901,-2.588077668920526,-1.1290558196861773,-1.1117432656818316,-0.8810376085880175,-0.056973906786821585,-0.09535037375600017,-0.343873289490733,-1.219061268746613,0.2836946818911245,2015,3,7,10,2.5820088001147252,0.59222318764601,0.44340039910525364,-0.04813643556426811,-0.13067560996938027
1096,0,1,1,0.7516538165022177,0.16555842048575076,0.3297771512713514,-0.34642833445828963,0.5956127028472249,-0.056973906786821585,-0.09535037375600017,-0.343873289490733,0.7231368035588934,-0.03421559376463804,2015,3,7,10,-0.17961669652643594,-0.5069878724620517,-0.3185391435132419,-0.04813643556426811,-0.1673305155457917
1097,0,1,1,1.0396564455509198,-0.385168797395505,0.607956125594908,0.4188865967652522,0.10339593236881078,-0.056973906786821585,-0.09535037375600017,-0.343873289490733,0.6779694065285329,-0.36585753086295353,2015,3,7,10,0.017362748169895473,-0.41309294465907226,-0.3774089808183074,-0.04813643556426811,-0.16676952668808243
1098,0,0,1,-1.5523672158874002,-0.385168797395505,-1.0335752476411284,-1.1117432656818316,-0.8810376085880175,-0.056973906786821585,-0.09535037375600017,-0.343873289490733,-1.219061268746613,-0.603703721624704,2015,3,7,10,-0.1964846194485844,0.59222318764601,0.44340039910525364,-0.04813643556426811,-0.035658637342944915
1099,0,0,1,-0.6883593287412935,-0.385168797395505,-1.0335752476411284,-1.1117432656818316,-0.8810376085880175,-0.056973906786821585,-0.09535037375600017,-0.343873289490733,-1.219061268746613,-0.603703721624704,2015,3,7,10,-0.1964846194485844,0.59222318764601,0.44340039910525364,-0.04813643556426811,-0.035658637342944915
1100,0,0,1,1.3276590745996222,0.7162856383670065,-1.1290558196861773,-1.1117432656818316,-0.8810376085880175,-0.056973906786821585,-0.09535037375600017,-0.343873289490733,-1.219061268746613,-0.6558380315702419,2015,3,7,10,-1.2336755695911523,0.59222318764601,0.44340039910525364,-0.04813643556426811,-0.13067560996938027
1101,0,1,1,-1.264364586838698,-0.9358960152767596,0.08281297934713806,-0.12776692553727767,-0.8810376085880175,-0.056973906786821585,-0.09535037375600017,2.0031654875755347,0.45213242137672977,-0.7016249321200783,2015,3,7,10,0.21063299051263648,-0.48343322099337793,-0.5159301045939649,-0.04813643556426811,-0.16807009464366546
1102,0,0,1,0.46365118745351547,0.7162856383670065,-0.9729818076894626,-0.30998476630478766,-0.8810376085880175,-0.056973906786821585,-0.09535037375600017,-0.343873289490733,-0.9028894895340885,-1.0997385799276556,2015,3,7,10,-1.632786286675205,-1.1301365422112633,-2.2705665515301203,-0.04813643556426811,-0.32368556393564735
1103,0,0,1,-1.264364586838698,-0.9358960152767596,-1.0372475773351686,-0.8201947204538156,-0.8810376085880175,-0.056973906786821585,-0.09535037375600017,-0.343873289490733,-1.219061268746613,-1.5187026409897526,2015,3,7,10,-0.5240010880147963,0.3149453801386139,0.44340039910525364,-0.04813643556426811,-0.04832078588821535
1104,0,1,1,-0.11235407064388901,-2.588077668920526,0.7539312309330118,-0.7108640159933096,-0.8810376085880175,-0.056973906786821585,-0.09535037375600017,2.0031654875755347,0.1811280391945661,-1.703354474648399,2015,3,7,10,0.7954540939258685,-0.5904913779499594,-0.5447828005574368,-0.04813643556426811,-0.16654633653173967
1105,0,1,1,-0.40035669969259124,-0.385168797395505,1.1275907773016174,0.7104351419932682,-0.09349077582255487,-0.056973906786821585,-0.09535037375600017,2.0031654875755347,1.0393085827714177,-2.316037416503528,2015,3,7,10,-1.7360428186423689,-0.3925233373870211,-0.3996821465366062,-0.04813643556426811,-0.16611456061320667
1106,1,0,2,-0.9763619577899957,0.7162856383670065,-0.9729818076894626,-0.9659689930678235,-0.8810376085880175,-0.056973906786821585,-0.09535037375600017,-0.343873289490733,-1.0383916806251705,1.3170877302416601,2015,3,8,10,0.5401808008595304,4.776884046775083,4.366195452201379,-0.04813643556426811,-0.32368556393564735
1107,1,0,2,1.6156617036483245,0.7162856383670065,-0.9729818076894626,-1.0752996975283295,-0.8810376085880175,-0.056973906786821585,-0.09535037375600017,-0.343873289490733,-1.1738938717162524,1.2743394624833833,2015,3,8,10,0.5017458589288666,0.8231918837287593,0.6599156410601394,-0.04813643556426811,-0.32368556393564735
1108,1,0,2,0.7516538165022177,0.16555842048575076,-1.1290558196861773,-1.0752996975283295,-0.8810376085880175,-0.056973906786821585,-0.09535037375600017,-0.343873289490733,-1.1738938717162524,1.1640613036568057,2015,3,8,10,0.8977533440486427,0.8231918837287593,0.6599156410601394,-0.04813643556426811,-0.13067560996938027
1109,1,0,2,-1.5523672158874002,0.16555842048575076,-1.0335752476411284,-1.1117432656818316,-0.8810376085880175,-0.056973906786821585,-0.09535037375600017,-0.343873289490733,-1.219061268746613,0.90665784235462,2015,3,8,10,0.6663220462041628,0.59222318764601,0.44340039910525364,-0.04813643556426811,-0.035658637342944915
1110,1,0,2,-0.6883593287412935,0.16555842048575076,-1.0335752476411284,-1.1117432656818316,-0.8810376085880175,-0.056973906786821585,-0.09535037375600017,-0.343873289490733,-1.219061268746613,0.90665784235462,2015,3,8,10,0.6663220462041628,0.59222318764601,0.44340039910525364,-0.04813643556426811,-0.035658637342944915
1111,1,0,2,-1.264364586838698,-0.385168797395505,-1.0372475773351686,-1.0388561293748275,-0.8810376085880175,-0.056973906786821585,-0.09535037375600017,-0.343873289490733,-1.1287264746858916,0.8624691354565849,2015,3,8,10,1.1217505179582126,1.2162446394116861,1.0283721199729092,-0.04813643556426811,-0.04832078588821535
1112,1,0,2,-0.40035669969259124,-2.588077668920526,-1.0335752476411284,-1.1117432656818316,-0.8810376085880175,-0.056973906786821585,-0.09535037375600017,-0.343873289490733,-1.219061268746613,0.6879446637312562,2015,3,8,10,2.945469716598037,0.59222318764601,0.44340039910525364,-0.04813643556426811,-0.035658637342944915
1113,1,1,2,-0.6883593287412935,0.16555842048575076,1.0669973373499517,0.6739915738397662,1.2519017301517772,-0.056973906786821585,-0.09535037375600017,-0.343873289490733,0.9941411857410571,0.6355374331939668,2015,3,8,10,0.42255784875805946,-0.3946868734968015,-0.2600636326653057,-0.04813643556426811,-0.16617397349076676
1114,1,1,2,-1.5523672158874002,0.16555842048575076,1.0669973373499517,0.7104351419932682,1.2519017301517772,-0.056973906786821585,-0.09535037375600017,-0.343873289490733,1.0393085827714177,0.635446963721289,2015,3,8,10,0.4224765077093757,-0.3925233373870211,-0.2629455086791703,-0.04813643556426811,-0.16617397349076676
1115,1,1,2,-0.9763619577899957,0.7162856383670065,1.3681283722612605,-0.3828719026117916,0.7596849596733629,-0.056973906786821585,-0.09535037375600017,2.0031654875755347,0.9941411857410571,0.303841840692841,2015,3,8,10,-0.3708279713907153,-0.5051030788238726,-0.31122231419157675,-0.04813643556426811,-0.165908700304794
1116,1,1,2,1.6156617036483245,0.7162856383670065,0.005694055772290578,-0.16421049369077967,1.186272827421322,-0.056973906786821585,-0.09535037375600017,-0.343873289490733,-0.044708945957236956,0.30311180203035354,2015,3,8,10,-0.37148434871478625,-0.5009149261936203,-0.1328045721238029,-0.04813643556426811,-0.16837546341231724
1117,1,1,2,1.3276590745996222,0.7162856383670065,-0.347767677279093,-0.36465011853504065,0.7596849596733629,-0.056973906786821585,-0.09535037375600017,-0.343873289490733,1.0393085827714177,0.30065312800540234,2015,3,8,10,-0.3736949410576101,-0.5023555649750614,-0.3129711078953054,-0.04813643556426811,-0.17069904109654632
1118,1,0,2,1.3276590745996222,0.7162856383670065,-1.1290558196861773,-1.1117432656818316,-0.8810376085880175,-0.056973906786821585,-0.09535037375600017,-0.343873289490733,-1.219061268746613,0.0007196939339291904,2015,3,8,10,-0.6433649119389354,0.59222318764601,0.44340039910525364,-0.04813643556426811,-0.13067560996938027
1119,1,1,2,0.7516538165022177,0.16555842048575076,0.3297771512713514,0.3095558923047462,0.5956127028472249,-0.056973906786821585,-0.09535037375600017,-0.343873289490733,0.7683042005892541,-0.031641077865530075,2015,3,8,10,-0.17730195082395947,-0.4286310367586765,-0.32036905935773125,-0.04813643556426811,-0.1673305155457917
1120,1,1,2,1.0396564455509198,-0.385168797395505,0.607956125594908,0.4188865967652522,0.10339593236881078,-0.056973906786821585,-0.09535037375600017,-0.343873289490733,0.6779694065285329,-0.36585753086295353,2015,3,8,10,0.017362748169895473,-0.41309294465907226,-0.3774089808183074,-0.04813643556426811,-0.16676952668808243
1121,1,1,2,-1.264364586838698,-0.385168797395505,0.08281297934713806,0.05445091523023228,0.10339593236881078,-0.056973906786821585,-0.09535037375600017,2.0031654875755347,0.45213242137672977,-0.3679714894997748,2015,3,8,10,0.015462089226017689,-0.4572902762222571,-0.37542276196053326,-0.04813643556426811,-0.16807009464366546
1122,1,1,2,-0.11235407064388901,-1.4866232331580154,0.7539312309330118,-0.6379768796863056,-0.12630522718778248,-0.056973906786821585,-0.09535037375600017,2.0031654875755347,0.1359606421642055,-1.0308453505060515,2015,3,8,10,0.409789621232485,-0.582109297874964,-0.4132253822821157,-0.04813643556426811,-0.16654633653173967
1123,1,1,2,0.46365118745351547,-1.4866232331580154,1.4030155043546437,0.6375480056862641,-0.8810376085880175,-0.056973906786821585,-0.09535037375600017,2.0031654875755347,0.9489737887106965,-1.0342478751896018,2015,3,8,10,0.40673041332798265,-0.39695068934869643,-0.4838734044245111,-0.04813643556426811,-0.1658822648704419
1124,1,1,2,-0.40035669969259124,-2.588077668920526,1.0669973373499517,0.7468787101467701,-0.12630522718778248,-0.056973906786821585,-0.09535037375600017,2.0031654875755347,1.0844759798017785,-1.7066611636498865,2015,3,8,10,0.7924810518256931,-0.3904535622947884,-0.4027390324358939,-0.04813643556426811,-0.16617397349076676
1125,1,0,2,0.46365118745351547,-1.4866232331580154,-1.0372475773351686,-1.1117432656818316,-0.8810376085880175,-0.056973906786821585,-0.09535037375600017,-0.343873289490733,-1.219061268746613,-2.0351668390774282,2015,3,8,10,-0.4931952274456166,0.59222318764601,0.44340039910525364,-0.04813643556426811,-0.04832078588821535
1126,1,0,2,1.0396564455509198,-0.385168797395505,-1.1290558196861773,-1.1117432656818316,-0.8810376085880175,-0.056973906786821585,-0.09535037375600017,-0.343873289490733,-1.219061268746613,-2.1013801955762723,2015,3,8,10,-1.5430446399094002,0.59222318764601,0.44340039910525364,-0.04813643556426811,-0.13067560996938027
1131,1,1,0,-0.6883593287412935,0.16555842048575076,1.0669973373499517,0.7286569260700192,1.2519017301517772,-0.056973906786821585,-0.09535037375600017,-0.343873289490733,1.0393085827714177,0.6379592061656068,2015,3,9,11,0.42473526338595885,-0.39066177420756276,-0.2629455086791703,-0.04813643556426811,-0.16617397349076676
1132,1,1,0,-1.5523672158874002,0.16555842048575076,1.0669973373499517,0.7651004942235211,1.2519017301517772,-0.056973906786821585,-0.09535037375600017,-0.343873289490733,1.0844759798017785,0.6378303167748666,2015,3,9,11,0.42461937901196295,-0.3886323363339109,-0.26570249302781856,-0.04813643556426811,-0.16617397349076676
1134,1,1,0,-0.9763619577899957,0.7162856383670065,1.3681283722612605,0.16378161969073826,0.7596849596733629,-0.056973906786821585,-0.09535037375600017,2.0031654875755347,1.0393085827714177,0.3060589550030796,2015,3,9,11,-0.36883456524266933,-0.44837023277077037,-0.3129711078953054,-0.04813643556426811,-0.165908700304794
1135,1,1,0,1.6156617036483245,0.7162856383670065,0.005694055772290578,-0.16421049369077967,1.186272827421322,-0.056973906786821585,-0.09535037375600017,-0.343873289490733,-0.044708945957236956,0.30311180203035354,2015,3,9,11,-0.37148434871478625,-0.5009149261936203,-0.1328045721238029,-0.04813643556426811,-0.16837546341231724
1136,1,1,0,1.3276590745996222,0.7162856383670065,-0.347767677279093,-0.36465011853504065,0.7596849596733629,-0.056973906786821585,-0.09535037375600017,-0.343873289490733,1.0393085827714177,0.30065312800540234,2015,3,9,11,-0.3736949410576101,-0.5023555649750614,-0.3129711078953054,-0.04813643556426811,-0.17069904109654632
1140,1,1,0,0.7516538165022177,0.16555842048575076,0.3297771512713514,0.4917737330722562,0.5956127028472249,-0.056973906786821585,-0.09535037375600017,-0.343873289490733,0.7683042005892541,-0.03148304902108755,2015,3,9,11,-0.17715986718459745,-0.4071624355532078,-0.32036905935773125,-0.04813643556426811,-0.1673305155457917
1141,1,1,0,-1.264364586838698,-0.385168797395505,0.08281297934713806,0.27311232415124426,0.10339593236881078,-0.056973906786821585,-0.09535037375600017,2.0031654875755347,0.45213242137672977,-0.3652270748616498,2015,3,9,11,0.017929590782956816,-0.4259187424969121,-0.37542276196053326,-0.04813643556426811,-0.16807009464366546
1142,1,1,0,1.0396564455509198,-0.385168797395505,0.607956125594908,0.4188865967652522,0.10339593236881078,-0.056973906786821585,-0.09535037375600017,-0.343873289490733,0.6779694065285329,-0.36585753086295353,2015,3,9,11,0.017362748169895473,-0.41309294465907226,-0.3774089808183074,-0.04813643556426811,-0.16676952668808243
1144,1,1,0,-0.11235407064388901,-0.9358960152767596,0.7539312309330118,-0.018436221076771703,0.2674681891949488,-0.056973906786821585,-0.09535037375600017,2.0031654875755347,0.1359606421642055,-0.6967941995071872,2015,3,9,11,0.2149762993107592,-0.4684836533207033,-0.3413794889980767,-0.04813643556426811,-0.16654633653173967
1145,1,1,0,0.46365118745351547,-0.9358960152767596,1.4030155043546437,0.6375480056862641,-0.027861873092099653,-0.056973906786821585,-0.09535037375600017,2.0031654875755347,0.9489737887106965,-0.7004130587067222,2015,3,9,11,0.21172258517254258,-0.39695068934869643,-0.3931433154174098,-0.04813643556426811,-0.1658822648704419
1146,1,1,0,-0.40035669969259124,-1.4866232331580154,1.0669973373499517,0.7468787101467701,-0.12630522718778248,-0.056973906786821585,-0.09535037375600017,2.0031654875755347,1.0844759798017785,-1.0375123839118376,2015,3,9,11,0.4037952954916117,-0.3904535622947884,-0.4027390324358939,-0.04813643556426811,-0.16617397349076676
1147,1,1,0,0.17564855840481322,-2.588077668920526,1.4030155043546437,0.6011044375327622,-0.8810376085880175,-0.056973906786821585,-0.09535037375600017,2.0031654875755347,0.9038063916803359,-1.7028003633466924,2015,3,9,11,0.7959522950652609,-0.3993219222886241,-0.48609625142684204,-0.04813643556426811,-0.1658822648704419
1150,1,0,4,1.6156617036483245,0.7162856383670065,-0.9729818076894626,-1.0752996975283295,-0.8810376085880175,-0.056973906786821585,-0.09535037375600017,-0.343873289490733,-1.1738938717162524,1.1033463646861408,2015,3,10,11,0.3480060671425939,0.8231918837287593,0.6599156410601394,-0.04813643556426811,-0.32368556393564735
1151,1,0,4,-0.40035669969259124,-1.4866232331580154,-1.0335752476411284,-0.9659689930678235,-0.8810376085880175,-0.056973906786821585,-0.09535037375600017,-0.343873289490733,-1.0383916806251705,1.032365646358794,2015,3,10,11,2.2648213924287175,4.776884046775083,4.366195452201379,-0.04813643556426811,-0.035658637342944915
1152,1,1,4,-1.5523672158874002,0.16555842048575076,1.0669973373499517,0.7468787101467701,1.5800462438040532,-0.056973906786821585,-0.09535037375600017,-0.343873289490733,1.0844759798017785,0.9699339486112732,2015,3,10,11,0.723213555430337,-0.3904535622947884,-0.23307474554970545,-0.04813643556426811,-0.16617397349076676
1153,1,0,4,-0.9763619577899957,0.7162856383670065,-0.9729818076894626,-0.9659689930678235,-0.8810376085880175,-0.056973906786821585,-0.09535037375600017,-0.343873289490733,-1.0383916806251705,0.9323532668888975,2015,3,10,11,0.19426627535632063,4.776884046775083,4.366195452201379,-0.04813643556426811,-0.32368556393564735
1154,1,0,4,-0.6883593287412935,0.16555842048575076,-1.0335752476411284,-1.1117432656818316,-0.8810376085880175,-0.056973906786821585,-0.09535037375600017,-0.343873289490733,-1.219061268746613,0.8462433776543161,2015,3,10,11,0.6120034371868717,0.59222318764601,0.44340039910525364,-0.04813643556426811,-0.035658637342944915
1155,1,0,4,-1.5523672158874002,0.16555842048575076,-1.0335752476411284,-1.1117432656818316,-0.8810376085880175,-0.056973906786821585,-0.09535037375600017,-0.343873289490733,-1.219061268746613,0.8407511560237553,2015,3,10,11,0.607065384009265,0.59222318764601,0.44340039910525364,-0.04813643556426811,-0.035658637342944915
1156,1,1,4,-0.6883593287412935,0.16555842048575076,1.0669973373499517,0.3824430286117502,1.2519017301517772,-0.056973906786821585,-0.09535037375600017,-0.343873289490733,1.0844759798017785,0.6355374331939668,2015,3,10,11,0.42255784875805946,-0.4268780815123386,-0.26570249302781856,-0.04813643556426811,-0.16617397349076676
1157,1,0,4,0.7516538165022177,0.16555842048575076,-1.1290558196861773,-0.8566382886073175,-0.8810376085880175,-0.056973906786821585,-0.09535037375600017,-0.343873289490733,-0.9028894895340885,0.4453946759653841,2015,3,10,11,0.25160060964977127,-2.3029143654438538,-2.2705665515301203,-0.04813643556426811,-0.13067560996938027
1158,1,1,4,1.6156617036483245,0.7162856383670065,0.005694055772290578,-0.16421049369077967,1.186272827421322,-0.056973906786821585,-0.09535037375600017,-0.343873289490733,-0.044708945957236956,0.30311180203035354,2015,3,10,11,-0.37148434871478625,-0.5009149261936203,-0.1328045721238029,-0.04813643556426811,-0.16837546341231724
1159,1,1,4,-0.9763619577899957,0.7162856383670065,1.3681283722612605,0.7104351419932682,1.186272827421322,-0.056973906786821585,-0.09535037375600017,2.0031654875755347,1.0393085827714177,0.30090294445624993,2015,3,10,11,-0.3734703312363199,-0.3925233373870211,-0.26961558857465495,-0.04813643556426811,-0.165908700304794
1160,1,1,4,1.3276590745996222,0.7162856383670065,-0.347767677279093,-0.36465011853504065,0.7596849596733629,-0.056973906786821585,-0.09535037375600017,-0.343873289490733,1.0393085827714177,0.30065312800540234,2015,3,10,11,-0.3736949410576101,-0.5023555649750614,-0.3129711078953054,-0.04813643556426811,-0.17069904109654632
1161,1,0,4,1.3276590745996222,0.7162856383670065,-1.1290558196861773,-1.1117432656818316,-0.8810376085880175,-0.056973906786821585,-0.09535037375600017,-0.343873289490733,-1.219061268746613,0.020932197375107774,2015,3,10,11,-0.6251918622044319,0.59222318764601,0.44340039910525364,-0.04813643556426811,-0.13067560996938027
1162,1,1,4,1.0396564455509198,0.16555842048575076,0.607956125594908,0.4188865967652522,0.2346537378297212,-0.056973906786821585,-0.09535037375600017,-0.343873289490733,0.6779694065285329,-0.030061291248661897,2015,3,10,11,-0.17588156562319512,-0.41309294465907226,-0.3611961093252875,-0.04813643556426811,-0.16676952668808243
1163,1,1,4,0.7516538165022177,0.16555842048575076,0.3297771512713514,0.4917737330722562,0.5956127028472249,-0.056973906786821585,-0.09535037375600017,-0.343873289490733,0.7683042005892541,-0.03148304902108755,2015,3,10,11,-0.17715986718459745,-0.4071624355532078,-0.32036905935773125,-0.04813643556426811,-0.1673305155457917
1164,1,0,4,-1.264364586838698,-0.385168797395505,-1.0372475773351686,-1.1117432656818316,-0.8810376085880175,-0.056973906786821585,-0.09535037375600017,-0.343873289490733,-1.219061268746613,-0.09434874731637262,2015,3,10,11,0.2614761327937084,0.59222318764601,0.44340039910525364,-0.04813643556426811,-0.04832078588821535
1165,1,1,4,0.46365118745351547,-0.385168797395505,1.4030155043546437,0.6739915738397662,0.10339593236881078,-0.056973906786821585,-0.09535037375600017,2.0031654875755347,0.9941411857410571,-0.36530041528691587,2015,3,10,11,0.017863650450538875,-0.3946868734968015,-0.37943388955993823,-0.04813643556426811,-0.1658822648704419
1166,1,1,4,-0.11235407064388901,-0.385168797395505,0.7539312309330118,-0.018436221076771703,0.10339593236881078,-0.056973906786821585,-0.09535037375600017,2.0031654875755347,0.1359606421642055,-0.36703186757475464,2015,3,10,11,0.01630690273586889,-0.4684836533207033,-0.37131527786642626,-0.04813643556426811,-0.16654633653173967
1167,1,1,4,-1.264364586838698,-0.385168797395505,0.08281297934713806,0.23666875599774226,0.4315404460210869,-0.056973906786821585,-0.09535037375600017,2.0031654875755347,0.45213242137672977,-0.3683342037697553,2015,3,10,11,0.01513597304318305,-0.43114733145113626,-0.3285869810827228,-0.04813643556426811,-0.16807009464366546
1168,1,1,4,-0.40035669969259124,-0.9358960152767596,1.0669973373499517,0.7468787101467701,-0.027861873092099653,-0.056973906786821585,-0.09535037375600017,2.0031654875755347,1.0844759798017785,-0.7029379940428135,2015,3,10,11,0.2094524173245703,-0.3904535622947884,-0.39295070819245986,-0.04813643556426811,-0.16617397349076676
1169,1,1,4,0.17564855840481322,-1.4866232331580154,1.4030155043546437,0.6739915738397662,-0.06067632445732726,-0.056973906786821585,-0.09535037375600017,2.0031654875755347,0.9941411857410571,-0.8343575591988892,2015,3,10,11,0.5864516766794674,-0.3946868734968015,-0.39648678340202864,-0.04813643556426811,-0.1658822648704419
1170,1,0,4,0.46365118745351547,-0.9358960152767596,-1.0372475773351686,-1.1117432656818316,-0.8810376085880175,-0.056973906786821585,-0.09535037375600017,-0.343873289490733,-1.219061268746613,-1.3012440312686253,2015,3,10,11,-0.3284841822955903,0.59222318764601,0.44340039910525364,-0.04813643556426811,-0.04832078588821535
1171,1,0,4,0.17564855840481322,-2.588077668920526,-1.0372475773351686,-1.1117432656818316,-0.8810376085880175,-0.056973906786821585,-0.09535037375600017,-0.343873289490733,-1.219061268746613,-1.3012440312686253,2015,3,10,11,1.1569913526612858,0.59222318764601,0.44340039910525364,-0.04813643556426811,-0.04832078588821535
1172,1,0,4,1.0396564455509198,-0.385168797395505,-1.1290558196861773,-1.1117432656818316,-0.8810376085880175,-0.056973906786821585,-0.09535037375600017,-0.343873289490733,-1.219061268746613,-2.384355183533468,2015,3,10,11,-1.7974672820493092,0.59222318764601,0.44340039910525364,-0.04813643556426811,-0.13067560996938027
1173,1,0,5,1.6156617036483245,0.7162856383670065,-0.9729818076894626,-0.7473075841468115,-0.8810376085880175,-0.056973906786821585,-0.09535037375600017,-0.343873289490733,-1.1738938717162524,1.1223455962878264,2015,3,11,11,0.36508826489308943,0.4302313315717974,0.6599156410601394,-0.04813643556426811,-0.32368556393564735
1174,1,0,5,1.3276590745996222,0.7162856383670065,-1.1290558196861773,-0.6744204478398076,-0.8810376085880175,-0.056973906786821585,-0.09535037375600017,-0.343873289490733,-1.1287264746858916,0.7957446575504175,2015,3,11,11,0.07144155654332023,0.6264200864587645,1.0283721199729092,-0.04813643556426811,-0.13067560996938027
1175,1,0,5,-1.264364586838698,0.16555842048575076,-1.0372475773351686,-0.8201947204538156,-0.8810376085880175,-0.056973906786821585,-0.09535037375600017,-0.343873289490733,-1.219061268746613,0.42936406886499634,2015,3,11,11,0.23718750040986777,0.3149453801386139,0.44340039910525364,-0.04813643556426811,-0.04832078588821535
1176,1,0,5,-0.6883593287412935,0.16555842048575076,-1.0335752476411284,-0.8201947204538156,-0.8810376085880175,-0.056973906786821585,-0.09535037375600017,-0.343873289490733,-1.219061268746613,0.3894734280425822,2015,3,11,11,0.20132184914521287,0.3149453801386139,0.44340039910525364,-0.04813643556426811,-0.035658637342944915
1177,1,0,5,-1.5523672158874002,0.16555842048575076,-1.0335752476411284,-0.8201947204538156,-0.8810376085880175,-0.056973906786821585,-0.09535037375600017,-0.343873289490733,-1.219061268746613,0.3848965733382646,2015,3,11,11,0.19720680182258835,0.3149453801386139,0.44340039910525364,-0.04813643556426811,-0.035658637342944915
1178,1,1,5,1.6156617036483245,0.7162856383670065,0.005694055772290578,-0.16421049369077967,1.186272827421322,-0.056973906786821585,-0.09535037375600017,-0.343873289490733,-0.044708945957236956,0.30311180203035354,2015,3,11,11,-0.37148434871478625,-0.5009149261936203,-0.1328045721238029,-0.04813643556426811,-0.16837546341231724
1179,1,1,5,-0.9763619577899957,0.7162856383670065,1.3681283722612605,0.7104351419932682,1.186272827421322,-0.056973906786821585,-0.09535037375600017,2.0031654875755347,1.0393085827714177,0.30090294445624993,2015,3,11,11,-0.3734703312363199,-0.3925233373870211,-0.26961558857465495,-0.04813643556426811,-0.165908700304794
1180,1,1,5,1.3276590745996222,0.7162856383670065,-0.347767677279093,-0.36465011853504065,0.7596849596733629,-0.056973906786821585,-0.09535037375600017,-0.343873289490733,1.0393085827714177,0.30065312800540234,2015,3,11,11,-0.3736949410576101,-0.5023555649750614,-0.3129711078953054,-0.04813643556426811,-0.17069904109654632
1181,1,0,5,-0.9763619577899957,0.7162856383670065,-0.9729818076894626,-0.8201947204538156,-0.8810376085880175,-0.056973906786821585,-0.09535037375600017,-0.343873289490733,-1.219061268746613,0.21097614810246787,2015,3,11,11,-0.45432345996219725,0.3149453801386139,0.44340039910525364,-0.04813643556426811,-0.32368556393564735
1182,1,0,5,-0.40035669969259124,-0.385168797395505,-1.0335752476411284,-0.9659689930678235,-0.8810376085880175,-0.056973906786821585,-0.09535037375600017,-0.343873289490733,-1.0383916806251705,0.025086212176615635,2015,3,11,11,0.3688600333194876,4.776884046775083,4.366195452201379,-0.04813643556426811,-0.035658637342944915
1183,1,1,5,1.0396564455509198,0.16555842048575076,0.607956125594908,0.4188865967652522,0.2346537378297212,-0.056973906786821585,-0.09535037375600017,-0.343873289490733,0.6779694065285329,-0.030061291248661897,2015,3,11,11,-0.17588156562319512,-0.41309294465907226,-0.3611961093252875,-0.04813643556426811,-0.16676952668808243
1184,1,1,5,0.7516538165022177,0.16555842048575076,0.3297771512713514,0.12733805153723626,0.5956127028472249,-0.056973906786821585,-0.09535037375600017,-0.343873289490733,0.7683042005892541,-0.03180542304620612,2015,3,11,11,-0.1774497134774449,-0.45009963796414515,-0.32036905935773125,-0.04813643556426811,-0.1673305155457917
1185,1,1,5,-1.264364586838698,0.16555842048575076,0.08281297934713806,0.23666875599774226,0.5956127028472249,-0.056973906786821585,-0.09535037375600017,2.0031654875755347,0.45213242137672977,-0.03318773717234447,2015,3,11,11,-0.17869255128010128,-0.43114733145113626,-0.30516909064381753,-0.04813643556426811,-0.16807009464366546
1186,1,1,5,-1.5523672158874002,0.16555842048575076,1.0669973373499517,0.7468787101467701,0.5956127028472249,-0.056973906786821585,-0.09535037375600017,-0.343873289490733,1.0844759798017785,-0.03378922099579919,2015,3,11,11,-0.179233345025416,-0.3904535622947884,-0.3309579879840449,-0.04813643556426811,-0.16617397349076676
1187,1,1,5,-0.6883593287412935,0.16555842048575076,1.0669973373499517,0.7468787101467701,0.5956127028472249,-0.056973906786821585,-0.09535037375600017,-0.343873289490733,1.0844759798017785,-0.03378922099579919,2015,3,11,11,-0.179233345025416,-0.3904535622947884,-0.3309579879840449,-0.04813643556426811,-0.16617397349076676
1188,1,1,5,-0.40035669969259124,-0.385168797395505,1.0669973373499517,0.7104351419932682,0.10339593236881078,-0.056973906786821585,-0.09535037375600017,2.0031654875755347,1.0393085827714177,-0.3649549304298595,2015,3,11,11,0.018174275678535735,-0.3925233373870211,-0.3796719068501522,-0.04813643556426811,-0.16617397349076676
1189,1,1,5,0.46365118745351547,-0.385168797395505,1.4030155043546437,0.6739915738397662,0.10339593236881078,-0.056973906786821585,-0.09535037375600017,2.0031654875755347,0.9941411857410571,-0.36530041528691587,2015,3,11,11,0.017863650450538875,-0.3946868734968015,-0.37943388955993823,-0.04813643556426811,-0.1658822648704419
1190,1,1,5,-0.11235407064388901,-0.385168797395505,0.7539312309330118,-0.018436221076771703,0.4315404460210869,-0.056973906786821585,-0.09535037375600017,2.0031654875755347,0.1359606421642055,-0.36703186757475464,2015,3,11,11,0.01630690273586889,-0.4684836533207033,-0.3114437001297271,-0.04813643556426811,-0.16654633653173967
1191,1,1,5,0.17564855840481322,-0.9358960152767596,1.4030155043546437,0.6739915738397662,-0.027861873092099653,-0.056973906786821585,-0.09535037375600017,2.0031654875755347,0.9941411857410571,-0.6992417128871834,2015,3,11,11,0.212775741497128,-0.3946868734968015,-0.39307620463361054,-0.04813643556426811,-0.1658822648704419
1192,1,0,5,1.0396564455509198,0.16555842048575076,-1.1290558196861773,-1.1117432656818316,-0.8810376085880175,-0.056973906786821585,-0.09535037375600017,-0.343873289490733,-1.219061268746613,-0.8482052632466227,2015,3,11,11,-0.9114743206904641,0.59222318764601,0.44340039910525364,-0.04813643556426811,-0.13067560996938027
1193,1,0,5,0.46365118745351547,-0.385168797395505,-1.0372475773351686,-1.1117432656818316,-0.8810376085880175,-0.056973906786821585,-0.09535037375600017,-0.343873289490733,-1.219061268746613,-0.8663268118263724,2015,3,11,11,-0.43260888250947105,0.59222318764601,0.44340039910525364,-0.04813643556426811,-0.04832078588821535
1194,1,0,5,0.17564855840481322,-0.9358960152767596,-1.0372475773351686,-1.1117432656818316,-0.8810376085880175,-0.056973906786821585,-0.09535037375600017,-0.343873289490733,-1.219061268746613,-0.8663268118263724,2015,3,11,11,0.06254962914282026,0.59222318764601,0.44340039910525364,-0.04813643556426811,-0.04832078588821535
1195,1,0,5,0.7516538165022177,0.16555842048575076,-1.1290558196861773,-0.8566382886073175,-0.8810376085880175,-0.056973906786821585,-0.09535037375600017,-0.343873289490733,-0.9028894895340885,-1.6674852189486649,2015,3,11,11,-1.6480884380254965,-2.3029143654438538,-2.2705665515301203,-0.04813643556426811,-0.13067560996938027
1196,1,0,5,-0.11235407064388901,-0.385168797395505,-1.1290558196861773,-1.1846304019888354,-0.8810376085880175,-0.056973906786821585,-0.09535037375600017,-0.343873289490733,-1.309396062807334,-2.411305183661017,2015,3,11,11,-1.8216980110180443,0.3325945392226812,0.20001867428633138,-0.04813643556426811,-0.13067560996938027
